I2026-10-07 11:06:38.194404 (31416) [INFO] [VCAMDS] emulator.exe
I2026-10-07 11:06:38.196905 (31416) [INFO] [VCAMDS] Creating WndMsg Listener Window
I2026-10-07 11:06:38.203245 (31416) [INFO] [VCAMDS] Destroying parent object
I2026-10-07 11:06:38.206750 (31416) [INFO] [VCAMDS] Destroying WndMsg Listener Window
I2026-10-07 11:06:38.210755 (31416) [INFO] [VCAMDS] Destroyed window
I2026-10-07 11:06:38.214941 (31416) [INFO] [VCAMDS] Unregistered window class
I2026-10-07 11:06:38.216939 (31416) [INFO] [VCAMDS] NvMxnCltShmConsumer Skip removing app tracker DLL loaded status. Parent source filter is not initialized
[dshow @ 00000208021443C0] real-time buffer [VTubeStudioCam] [video input] too full or near too full (150% of size: 1843200 [rtbufsize parameter])! frame dropped!
[dshow @ 00000208021443C0] real-time buffer [VTubeStudioCam] [video input] too full or near too full (150% of size: 1843200 [rtbufsize parameter])! frame dropped!
[dshow @ 0000020802143600] real-time buffer [VTubeStudioCam] [video input] too full or near too full (150% of size: 1843200 [rtbufsize parameter])! frame dropped!
[dshow @ 0000020802143600] real-time buffer [VTubeStudioCam] [video input] too full or near too full (150% of size: 1843200 [rtbufsize parameter])! frame dropped!
[dshow @ 0000020802143340] real-time buffer [VTubeStudioCam] [video input] too full or near too full (150% of size: 1843200 [rtbufsize parameter])! frame dropped!
[dshow @ 0000020802143340] real-time buffer [VTubeStudioCam] [video input] too full or near too full (150% of size: 1843200 [rtbufsize parameter])! frame dropped!
I2026-10-07 11:06:39.308447 (31416) [INFO] [VCAMDS] Creating WndMsg Listener Window
I2026-10-07 11:06:39.311455 (31416) [INFO] [VCAMDS] Destroying parent object
I2026-10-07 11:06:39.311455 (31416) [INFO] [VCAMDS] Destroying WndMsg Listener Window
I2026-10-07 11:06:39.312613 (31416) [INFO] [VCAMDS] Destroyed window
I2026-10-07 11:06:39.312613 (31416) [INFO] [VCAMDS] Unregistered window class
I2026-10-07 11:06:39.312613 (31416) [INFO] [VCAMDS] NvMxnCltShmConsumer Skip removing app tracker DLL loaded status. Parent source filter is not initialized
I2026-10-07 11:06:39.318286 ( 3584) [INFO] [VCAMDS] Creating WndMsg Listener Window
I2026-10-07 11:06:39.320284 ( 3584) [INFO] [VCAMDS] Destroying parent object
I2026-10-07 11:06:39.320284 ( 3584) [INFO] [VCAMDS] Destroying WndMsg Listener Window
I2026-10-07 11:06:39.321548 ( 3584) [INFO] [VCAMDS] Destroyed window
I2026-10-07 11:06:39.321548 ( 3584) [INFO] [VCAMDS] Unregistered window class
I2026-10-07 11:06:39.322552 ( 3584) [INFO] [VCAMDS] NvMxnCltShmConsumer Skip removing app tracker DLL loaded status. Parent source filter is not initialized
I2026-10-07 11:06:41.327730 ( 3584) [INFO] [VCAMDS] Creating WndMsg Listener Window
I2026-10-07 11:06:41.329730 ( 3584) [INFO] [VCAMDS] Destroying parent object
I2026-10-07 11:06:41.329730 ( 3584) [INFO] [VCAMDS] Destroying WndMsg Listener Window
I2026-10-07 11:06:41.330729 ( 3584) [INFO] [VCAMDS] Destroyed window
I2026-10-07 11:06:41.330729 ( 3584) [INFO] [VCAMDS] Unregistered window class
I2026-10-07 11:06:41.330729 ( 3584) [INFO] [VCAMDS] NvMxnCltShmConsumer Skip removing app tracker DLL loaded status. Parent source filter is not initialized
I2026-10-07 11:06:43.336550 ( 3584) [INFO] [VCAMDS] Creating WndMsg Listener Window
I2026-10-07 11:06:43.338553 ( 3584) [INFO] [VCAMDS] Destroying parent object
I2026-10-07 11:06:43.338553 ( 3584) [INFO] [VCAMDS] Destroying WndMsg Listener Window
I2026-10-07 11:06:43.339706 ( 3584) [INFO] [VCAMDS] Destroyed window
I2026-10-07 11:06:43.339706 ( 3584) [INFO] [VCAMDS] Unregistered window class
I2026-10-07 11:06:43.339706 ( 3584) [INFO] [VCAMDS] NvMxnCltShmConsumer Skip removing app tracker DLL loaded status. Parent source filter is not initialized
I2026-10-07 11:06:45.347524 ( 3584) [INFO] [VCAMDS] Creating WndMsg Listener Window
I2026-10-07 11:06:45.350533 ( 3584) [INFO] [VCAMDS] Destroying parent object
I2026-10-07 11:06:45.350533 ( 3584) [INFO] [VCAMDS] Destroying WndMsg Listener Window
I2026-10-07 11:06:45.351529 ( 3584) [INFO] [VCAMDS] Destroyed window
I2026-10-07 11:06:45.352533 ( 3584) [INFO] [VCAMDS] Unregistered window class
I2026-10-07 11:06:45.352533 ( 3584) [INFO] [VCAMDS] NvMxnCltShmConsumer Skip removing app tracker DLL loaded status. Parent source filter is not initialized
I2026-10-07 11:06:47.360469 ( 3584) [INFO] [VCAMDS] Creating WndMsg Listener Window
I2026-10-07 11:06:47.362469 ( 3584) [INFO] [VCAMDS] Destroying parent object
I2026-10-07 11:06:47.362469 ( 3584) [INFO] [VCAMDS] Destroying WndMsg Listener Window
I2026-10-07 11:06:47.364470 ( 3584) [INFO] [VCAMDS] Destroyed window
I2026-10-07 11:06:47.364470 ( 3584) [INFO] [VCAMDS] Unregistered window class
I2026-10-07 11:06:47.364470 ( 3584) [INFO] [VCAMDS] NvMxnCltShmConsumer Skip removing app tracker DLL loaded status. Parent source filter is not initialized
I2026-10-07 11:06:49.371680 ( 3584) [INFO] [VCAMDS] Creating WndMsg Listener Window
I2026-10-07 11:06:49.375185 ( 3584) [INFO] [VCAMDS] Destroying parent object
I2026-10-07 11:06:49.376189 ( 3584) [INFO] [VCAMDS] Destroying WndMsg Listener Window
I2026-10-07 11:06:49.377192 ( 3584) [INFO] [VCAMDS] Destroyed window
I2026-10-07 11:06:49.378189 ( 3584) [INFO] [VCAMDS] Unregistered window class
I2026-10-07 11:06:49.378189 ( 3584) [INFO] [VCAMDS] NvMxnCltShmConsumer Skip removing app tracker DLL loaded status. Parent source filter is not initialized
I2026-10-07 11:06:51.384297 ( 3584) [INFO] [VCAMDS] Creating WndMsg Listener Window
I2026-10-07 11:06:51.387398 ( 3584) [INFO] [VCAMDS] Destroying parent object
I2026-10-07 11:06:51.388403 ( 3584) [INFO] [VCAMDS] Destroying WndMsg Listener Window
I2026-10-07 11:06:51.389403 ( 3584) [INFO] [VCAMDS] Destroyed window
I2026-10-07 11:06:51.390405 ( 3584) [INFO] [VCAMDS] Unregistered window class
I2026-10-07 11:06:51.390405 ( 3584) [INFO] [VCAMDS] NvMxnCltShmConsumer Skip removing app tracker DLL loaded status. Parent source filter is not initialized
I2026-10-07 11:06:53.397269 ( 3584) [INFO] [VCAMDS] Creating WndMsg Listener Window
I2026-10-07 11:06:53.400275 ( 3584) [INFO] [VCAMDS] Destroying parent object
I2026-10-07 11:06:53.400275 ( 3584) [INFO] [VCAMDS] Destroying WndMsg Listener Window
I2026-10-07 11:06:53.402274 ( 3584) [INFO] [VCAMDS] Destroyed window
I2026-10-07 11:06:53.402274 ( 3584) [INFO] [VCAMDS] Unregistered window class
I2026-10-07 11:06:53.403275 ( 3584) [INFO] [VCAMDS] NvMxnCltShmConsumer Skip removing app tracker DLL loaded status. Parent source filter is not initialized
I2026-10-07 11:06:55.409091 ( 3584) [INFO] [VCAMDS] Creating WndMsg Listener Window
I2026-10-07 11:06:55.412088 ( 3584) [INFO] [VCAMDS] Destroying parent object
I2026-10-07 11:06:55.412088 ( 3584) [INFO] [VCAMDS] Destroying WndMsg Listener Window
I2026-10-07 11:06:55.414088 ( 3584) [INFO] [VCAMDS] Destroyed window
I2026-10-07 11:06:55.414088 ( 3584) [INFO] [VCAMDS] Unregistered window class
I2026-10-07 11:06:55.414088 ( 3584) [INFO] [VCAMDS] NvMxnCltShmConsumer Skip removing app tracker DLL loaded status. Parent source filter is not initialized
I2026-10-07 11:06:57.420104 ( 3584) [INFO] [VCAMDS] Creating WndMsg Listener Window
I2026-10-07 11:06:57.423105 ( 3584) [INFO] [VCAMDS] Destroying parent object
I2026-10-07 11:06:57.423105 ( 3584) [INFO] [VCAMDS] Destroying WndMsg Listener Window
I2026-10-07 11:06:57.425105 ( 3584) [INFO] [VCAMDS] Destroyed window
I2026-10-07 11:06:57.425105 ( 3584) [INFO] [VCAMDS] Unregistered window class
I2026-10-07 11:06:57.425105 ( 3584) [INFO] [VCAMDS] NvMxnCltShmConsumer Skip removing app tracker DLL loaded status. Parent source filter is not initialized
I2026-10-07 11:06:59.431121 ( 3584) [INFO] [VCAMDS] Creating WndMsg Listener Window
I2026-10-07 11:06:59.435245 ( 3584) [INFO] [VCAMDS] Destroying parent object
I2026-10-07 11:06:59.435245 ( 3584) [INFO] [VCAMDS] Destroying WndMsg Listener Window
I2026-10-07 11:06:59.436250 ( 3584) [INFO] [VCAMDS] Destroyed window
I2026-10-07 11:06:59.437253 ( 3584) [INFO] [VCAMDS] Unregistered window class
I2026-10-07 11:06:59.437253 ( 3584) [INFO] [VCAMDS] NvMxnCltShmConsumer Skip removing app tracker DLL loaded status. Parent source filter is not initialized
I2026-10-07 11:07:01.443454 ( 3584) [INFO] [VCAMDS] Creating WndMsg Listener Window
I2026-10-07 11:07:01.446530 ( 3584) [INFO] [VCAMDS] Destroying parent object
I2026-10-07 11:07:01.446530 ( 3584) [INFO] [VCAMDS] Destroying WndMsg Listener Window
I2026-10-07 11:07:01.447530 ( 3584) [INFO] [VCAMDS] Destroyed window
I2026-10-07 11:07:01.448531 ( 3584) [INFO] [VCAMDS] Unregistered window class
I2026-10-07 11:07:01.448531 ( 3584) [INFO] [VCAMDS] NvMxnCltShmConsumer Skip removing app tracker DLL loaded status. Parent source filter is not initialized
I2026-10-07 11:07:03.454463 ( 3584) [INFO] [VCAMDS] Creating WndMsg Listener Window
I2026-10-07 11:07:03.456969 ( 3584) [INFO] [VCAMDS] Destroying parent object
I2026-10-07 11:07:03.456969 ( 3584) [INFO] [VCAMDS] Destroying WndMsg Listener Window
I2026-10-07 11:07:03.457971 ( 3584) [INFO] [VCAMDS] Destroyed window
I2026-10-07 11:07:03.457971 ( 3584) [INFO] [VCAMDS] Unregistered window class
I2026-10-07 11:07:03.457971 ( 3584) [INFO] [VCAMDS] NvMxnCltShmConsumer Skip removing app tracker DLL loaded status. Parent source filter is not initialized
I2026-10-07 11:07:05.464389 ( 3584) [INFO] [VCAMDS] Creating WndMsg Listener Window
I2026-10-07 11:07:05.466905 ( 3584) [INFO] [VCAMDS] Destroying parent object
I2026-10-07 11:07:05.467902 ( 3584) [INFO] [VCAMDS] Destroying WndMsg Listener Window
I2026-10-07 11:07:05.468901 ( 3584) [INFO] [VCAMDS] Destroyed window
I2026-10-07 11:07:05.469902 ( 3584) [INFO] [VCAMDS] Unregistered window class
I2026-10-07 11:07:05.469902 ( 3584) [INFO] [VCAMDS] NvMxnCltShmConsumer Skip removing app tracker DLL loaded status. Parent source filter is not initialized
I2026-10-07 11:07:07.476442 ( 3584) [INFO] [VCAMDS] Creating WndMsg Listener Window
I2026-10-07 11:07:07.489168 ( 3584) [INFO] [VCAMDS] Destroying parent object
I2026-10-07 11:07:07.489168 ( 3584) [INFO] [VCAMDS] Destroying WndMsg Listener Window
I2026-10-07 11:07:07.490167 ( 3584) [INFO] [VCAMDS] Destroyed window
I2026-10-07 11:07:07.490167 ( 3584) [INFO] [VCAMDS] Unregistered window class
I2026-10-07 11:07:07.490167 ( 3584) [INFO] [VCAMDS] NvMxnCltShmConsumer Skip removing app tracker DLL loaded status. Parent source filter is not initialized
I2026-10-07 11:07:09.496325 ( 3584) [INFO] [VCAMDS] Creating WndMsg Listener Window
I2026-10-07 11:07:09.499866 ( 3584) [INFO] [VCAMDS] Destroying parent object
I2026-10-07 11:07:09.500859 ( 3584) [INFO] [VCAMDS] Destroying WndMsg Listener Window
I2026-10-07 11:07:09.501859 ( 3584) [INFO] [VCAMDS] Destroyed window
I2026-10-07 11:07:09.501859 ( 3584) [INFO] [VCAMDS] Unregistered window class
I2026-10-07 11:07:09.501859 ( 3584) [INFO] [VCAMDS] NvMxnCltShmConsumer Skip removing app tracker DLL loaded status. Parent source filter is not initialized
I2026-10-07 11:07:11.511940 ( 3584) [INFO] [VCAMDS] Creating WndMsg Listener Window
I2026-10-07 11:07:11.516994 ( 3584) [INFO] [VCAMDS] Destroying parent object
I2026-10-07 11:07:11.516994 ( 3584) [INFO] [VCAMDS] Destroying WndMsg Listener Window
I2026-10-07 11:07:11.518985 ( 3584) [INFO] [VCAMDS] Destroyed window
I2026-10-07 11:07:11.518985 ( 3584) [INFO] [VCAMDS] Unregistered window class
I2026-10-07 11:07:11.518985 ( 3584) [INFO] [VCAMDS] NvMxnCltShmConsumer Skip removing app tracker DLL loaded status. Parent source filter is not initialized
I2026-10-07 11:07:13.526152 ( 3584) [INFO] [VCAMDS] Creating WndMsg Listener Window
I2026-10-07 11:07:13.529155 ( 3584) [INFO] [VCAMDS] Destroying parent object
I2026-10-07 11:07:13.530154 ( 3584) [INFO] [VCAMDS] Destroying WndMsg Listener Window
I2026-10-07 11:07:13.531154 ( 3584) [INFO] [VCAMDS] Destroyed window
I2026-10-07 11:07:13.532266 ( 3584) [INFO] [VCAMDS] Unregistered window class
I2026-10-07 11:07:13.532266 ( 3584) [INFO] [VCAMDS] NvMxnCltShmConsumer Skip removing app tracker DLL loaded status. Parent source filter is not initialized
I2026-10-07 11:07:15.540429 ( 3584) [INFO] [VCAMDS] Creating WndMsg Listener Window
I2026-10-07 11:07:15.543430 ( 3584) [INFO] [VCAMDS] Destroying parent object
I2026-10-07 11:07:15.543430 ( 3584) [INFO] [VCAMDS] Destroying WndMsg Listener Window
I2026-10-07 11:07:15.544430 ( 3584) [INFO] [VCAMDS] Destroyed window
I2026-10-07 11:07:15.544430 ( 3584) [INFO] [VCAMDS] Unregistered window class
I2026-10-07 11:07:15.545429 ( 3584) [INFO] [VCAMDS] NvMxnCltShmConsumer Skip removing app tracker DLL loaded status. Parent source filter is not initialized
I2026-10-07 11:07:17.550356 ( 3584) [INFO] [VCAMDS] Creating WndMsg Listener Window
I2026-10-07 11:07:17.553356 ( 3584) [INFO] [VCAMDS] Destroying parent object
I2026-10-07 11:07:17.553356 ( 3584) [INFO] [VCAMDS] Destroying WndMsg Listener Window
I2026-10-07 11:07:17.554445 ( 3584) [INFO] [VCAMDS] Destroyed window
I2026-10-07 11:07:17.554445 ( 3584) [INFO] [VCAMDS] Unregistered window class
I2026-10-07 11:07:17.554445 ( 3584) [INFO] [VCAMDS] NvMxnCltShmConsumer Skip removing app tracker DLL loaded status. Parent source filter is not initialized
I2026-10-07 11:07:19.560388 ( 3584) [INFO] [VCAMDS] Creating WndMsg Listener Window
I2026-10-07 11:07:19.564378 ( 3584) [INFO] [VCAMDS] Destroying parent object
I2026-10-07 11:07:19.564378 ( 3584) [INFO] [VCAMDS] Destroying WndMsg Listener Window
I2026-10-07 11:07:19.565378 ( 3584) [INFO] [VCAMDS] Destroyed window
I2026-10-07 11:07:19.565378 ( 3584) [INFO] [VCAMDS] Unregistered window class
I2026-10-07 11:07:19.566450 ( 3584) [INFO] [VCAMDS] NvMxnCltShmConsumer Skip removing app tracker DLL loaded status. Parent source filter is not initialized
I2026-10-07 11:07:21.571909 ( 3584) [INFO] [VCAMDS] Creating WndMsg Listener Window
I2026-10-07 11:07:21.578974 ( 3584) [INFO] [VCAMDS] Destroying parent object
I2026-10-07 11:07:21.578974 ( 3584) [INFO] [VCAMDS] Destroying WndMsg Listener Window
I2026-10-07 11:07:21.579977 ( 3584) [INFO] [VCAMDS] Destroyed window
I2026-10-07 11:07:21.579977 ( 3584) [INFO] [VCAMDS] Unregistered window class
I2026-10-07 11:07:21.579977 ( 3584) [INFO] [VCAMDS] NvMxnCltShmConsumer Skip removing app tracker DLL loaded status. Parent source filter is not initialized
I2026-10-07 11:07:23.589409 ( 3584) [INFO] [VCAMDS] Creating WndMsg Listener Window
I2026-10-07 11:07:23.595331 ( 3584) [INFO] [VCAMDS] Destroying parent object
I2026-10-07 11:07:23.595836 ( 3584) [INFO] [VCAMDS] Destroying WndMsg Listener Window
I2026-10-07 11:07:23.597700 ( 3584) [INFO] [VCAMDS] Destroyed window
I2026-10-07 11:07:23.598708 ( 3584) [INFO] [VCAMDS] Unregistered window class
I2026-10-07 11:07:23.598708 ( 3584) [INFO] [VCAMDS] NvMxnCltShmConsumer Skip removing app tracker DLL loaded status. Parent source filter is not initialized
I2026-10-07 11:07:25.614185 ( 3584) [INFO] [VCAMDS] Creating WndMsg Listener Window
I2026-10-07 11:07:25.618259 ( 3584) [INFO] [VCAMDS] Destroying parent object
I2026-10-07 11:07:25.618259 ( 3584) [INFO] [VCAMDS] Destroying WndMsg Listener Window
I2026-10-07 11:07:25.618259 ( 3584) [INFO] [VCAMDS] Destroyed window
I2026-10-07 11:07:25.618259 ( 3584) [INFO] [VCAMDS] Unregistered window class
I2026-10-07 11:07:25.619679 ( 3584) [INFO] [VCAMDS] NvMxnCltShmConsumer Skip removing app tracker DLL loaded status. Parent source filter is not initialized
I2026-10-07 11:07:27.625217 ( 3584) [INFO] [VCAMDS] Creating WndMsg Listener Window
I2026-10-07 11:07:27.630470 ( 3584) [INFO] [VCAMDS] Destroying parent object
I2026-10-07 11:07:27.631459 ( 3584) [INFO] [VCAMDS] Destroying WndMsg Listener Window
I2026-10-07 11:07:27.632459 ( 3584) [INFO] [VCAMDS] Destroyed window
I2026-10-07 11:07:27.633464 ( 3584) [INFO] [VCAMDS] Unregistered window class
I2026-10-07 11:07:27.633464 ( 3584) [INFO] [VCAMDS] NvMxnCltShmConsumer Skip removing app tracker DLL loaded status. Parent source filter is not initialized
I2026-10-07 11:07:29.640515 ( 3584) [INFO] [VCAMDS] Creating WndMsg Listener Window
I2026-10-07 11:07:29.642522 ( 3584) [INFO] [VCAMDS] Destroying parent object
I2026-10-07 11:07:29.643517 ( 3584) [INFO] [VCAMDS] Destroying WndMsg Listener Window
I2026-10-07 11:07:29.643517 ( 3584) [INFO] [VCAMDS] Destroyed window
I2026-10-07 11:07:29.644516 ( 3584) [INFO] [VCAMDS] Unregistered window class
I2026-10-07 11:07:29.644516 ( 3584) [INFO] [VCAMDS] NvMxnCltShmConsumer Skip removing app tracker DLL loaded status. Parent source filter is not initialized
I2026-10-07 11:07:31.650393 ( 3584) [INFO] [VCAMDS] Creating WndMsg Listener Window
I2026-10-07 11:07:31.653393 ( 3584) [INFO] [VCAMDS] Destroying parent object
I2026-10-07 11:07:31.654392 ( 3584) [INFO] [VCAMDS] Destroying WndMsg Listener Window
I2026-10-07 11:07:31.654392 ( 3584) [INFO] [VCAMDS] Destroyed window
I2026-10-07 11:07:31.655392 ( 3584) [INFO] [VCAMDS] Unregistered window class
I2026-10-07 11:07:31.655392 ( 3584) [INFO] [VCAMDS] NvMxnCltShmConsumer Skip removing app tracker DLL loaded status. Parent source filter is not initialized
I2026-10-07 11:07:33.663589 ( 3584) [INFO] [VCAMDS] Creating WndMsg Listener Window
I2026-10-07 11:07:33.668143 ( 3584) [INFO] [VCAMDS] Destroying parent object
I2026-10-07 11:07:33.668143 ( 3584) [INFO] [VCAMDS] Destroying WndMsg Listener Window
I2026-10-07 11:07:33.669129 ( 3584) [INFO] [VCAMDS] Destroyed window
I2026-10-07 11:07:33.670120 ( 3584) [INFO] [VCAMDS] Unregistered window class
I2026-10-07 11:07:33.670120 ( 3584) [INFO] [VCAMDS] NvMxnCltShmConsumer Skip removing app tracker DLL loaded status. Parent source filter is not initialized
I2026-10-07 11:07:35.675237 ( 3584) [INFO] [VCAMDS] Creating WndMsg Listener Window
I2026-10-07 11:07:35.678987 ( 3584) [INFO] [VCAMDS] Destroying parent object
I2026-10-07 11:07:35.678987 ( 3584) [INFO] [VCAMDS] Destroying WndMsg Listener Window
I2026-10-07 11:07:35.679986 ( 3584) [INFO] [VCAMDS] Destroyed window
I2026-10-07 11:07:35.679986 ( 3584) [INFO] [VCAMDS] Unregistered window class
I2026-10-07 11:07:35.679986 ( 3584) [INFO] [VCAMDS] NvMxnCltShmConsumer Skip removing app tracker DLL loaded status. Parent source filter is not initialized
I2026-10-07 11:07:37.686600 ( 3584) [INFO] [VCAMDS] Creating WndMsg Listener Window
I2026-10-07 11:07:37.689601 ( 3584) [INFO] [VCAMDS] Destroying parent object
I2026-10-07 11:07:37.689601 ( 3584) [INFO] [VCAMDS] Destroying WndMsg Listener Window
I2026-10-07 11:07:37.690599 ( 3584) [INFO] [VCAMDS] Destroyed window
I2026-10-07 11:07:37.690599 ( 3584) [INFO] [VCAMDS] Unregistered window class
I2026-10-07 11:07:37.690599 ( 3584) [INFO] [VCAMDS] NvMxnCltShmConsumer Skip removing app tracker DLL loaded status. Parent source filter is not initialized
I2026-10-07 11:07:39.696292 ( 3584) [INFO] [VCAMDS] Creating WndMsg Listener Window
I2026-10-07 11:07:39.699293 ( 3584) [INFO] [VCAMDS] Destroying parent object
I2026-10-07 11:07:39.699293 ( 3584) [INFO] [VCAMDS] Destroying WndMsg Listener Window
I2026-10-07 11:07:39.701349 ( 3584) [INFO] [VCAMDS] Destroyed window
I2026-10-07 11:07:39.701349 ( 3584) [INFO] [VCAMDS] Unregistered window class
I2026-10-07 11:07:39.701349 ( 3584) [INFO] [VCAMDS] NvMxnCltShmConsumer Skip removing app tracker DLL loaded status. Parent source filter is not initialized
I2026-10-07 11:07:41.709311 ( 3584) [INFO] [VCAMDS] Creating WndMsg Listener Window
I2026-10-07 11:07:41.712317 ( 3584) [INFO] [VCAMDS] Destroying parent object
I2026-10-07 11:07:41.712317 ( 3584) [INFO] [VCAMDS] Destroying WndMsg Listener Window
I2026-10-07 11:07:41.713552 ( 3584) [INFO] [VCAMDS] Destroyed window
I2026-10-07 11:07:41.713552 ( 3584) [INFO] [VCAMDS] Unregistered window class
I2026-10-07 11:07:41.713552 ( 3584) [INFO] [VCAMDS] NvMxnCltShmConsumer Skip removing app tracker DLL loaded status. Parent source filter is not initialized
I2026-10-07 11:07:43.719565 ( 3584) [INFO] [VCAMDS] Creating WndMsg Listener Window
I2026-10-07 11:07:43.722568 ( 3584) [INFO] [VCAMDS] Destroying parent object
I2026-10-07 11:07:43.723563 ( 3584) [INFO] [VCAMDS] Destroying WndMsg Listener Window
I2026-10-07 11:07:43.723563 ( 3584) [INFO] [VCAMDS] Destroyed window
I2026-10-07 11:07:43.723563 ( 3584) [INFO] [VCAMDS] Unregistered window class
I2026-10-07 11:07:43.723563 ( 3584) [INFO] [VCAMDS] NvMxnCltShmConsumer Skip removing app tracker DLL loaded status. Parent source filter is not initialized
I2026-10-07 11:07:45.729617 ( 3584) [INFO] [VCAMDS] Creating WndMsg Listener Window
I2026-10-07 11:07:45.733623 ( 3584) [INFO] [VCAMDS] Destroying parent object
I2026-10-07 11:07:45.733623 ( 3584) [INFO] [VCAMDS] Destroying WndMsg Listener Window
I2026-10-07 11:07:45.733623 ( 3584) [INFO] [VCAMDS] Destroyed window
I2026-10-07 11:07:45.735126 ( 3584) [INFO] [VCAMDS] Unregistered window class
I2026-10-07 11:07:45.735126 ( 3584) [INFO] [VCAMDS] NvMxnCltShmConsumer Skip removing app tracker DLL loaded status. Parent source filter is not initialized
I2026-10-07 11:07:47.741214 ( 3584) [INFO] [VCAMDS] Creating WndMsg Listener Window
I2026-10-07 11:07:47.744213 ( 3584) [INFO] [VCAMDS] Destroying parent object
I2026-10-07 11:07:47.744213 ( 3584) [INFO] [VCAMDS] Destroying WndMsg Listener Window
I2026-10-07 11:07:47.745213 ( 3584) [INFO] [VCAMDS] Destroyed window
I2026-10-07 11:07:47.746330 ( 3584) [INFO] [VCAMDS] Unregistered window class
I2026-10-07 11:07:47.746330 ( 3584) [INFO] [VCAMDS] NvMxnCltShmConsumer Skip removing app tracker DLL loaded status. Parent source filter is not initialized
I2026-10-07 11:07:49.785691 ( 3584) [INFO] [VCAMDS] Creating WndMsg Listener Window
I2026-10-07 11:07:49.789294 ( 3584) [INFO] [VCAMDS] Destroying parent object
I2026-10-07 11:07:49.790711 ( 3584) [INFO] [VCAMDS] Destroying WndMsg Listener Window
I2026-10-07 11:07:49.791720 ( 3584) [INFO] [VCAMDS] Destroyed window
I2026-10-07 11:07:49.792721 ( 3584) [INFO] [VCAMDS] Unregistered window class
I2026-10-07 11:07:49.792721 ( 3584) [INFO] [VCAMDS] NvMxnCltShmConsumer Skip removing app tracker DLL loaded status. Parent source filter is not initialized
I2026-10-07 11:07:51.832111 ( 3584) [INFO] [VCAMDS] Creating WndMsg Listener Window
I2026-10-07 11:07:51.837630 ( 3584) [INFO] [VCAMDS] Destroying parent object
I2026-10-07 11:07:51.838630 ( 3584) [INFO] [VCAMDS] Destroying WndMsg Listener Window
I2026-10-07 11:07:51.840633 ( 3584) [INFO] [VCAMDS] Destroyed window
I2026-10-07 11:07:51.840633 ( 3584) [INFO] [VCAMDS] Unregistered window class
I2026-10-07 11:07:51.840633 ( 3584) [INFO] [VCAMDS] NvMxnCltShmConsumer Skip removing app tracker DLL loaded status. Parent source filter is not initialized
I2026-10-07 11:07:53.892851 ( 3584) [INFO] [VCAMDS] Creating WndMsg Listener Window
I2026-10-07 11:07:53.915390 ( 3584) [INFO] [VCAMDS] Destroying parent object
I2026-10-07 11:07:53.916397 ( 3584) [INFO] [VCAMDS] Destroying WndMsg Listener Window
I2026-10-07 11:07:53.917402 ( 3584) [INFO] [VCAMDS] Destroyed window
I2026-10-07 11:07:53.919334 ( 3584) [INFO] [VCAMDS] Unregistered window class
I2026-10-07 11:07:53.919334 ( 3584) [INFO] [VCAMDS] NvMxnCltShmConsumer Skip removing app tracker DLL loaded status. Parent source filter is not initialized
I2026-10-07 11:07:56.160044 ( 3584) [INFO] [VCAMDS] Creating WndMsg Listener Window
I2026-10-07 11:07:56.165055 ( 3584) [INFO] [VCAMDS] Destroying parent object
I2026-10-07 11:07:56.166059 ( 3584) [INFO] [VCAMDS] Destroying WndMsg Listener Window
I2026-10-07 11:07:56.168064 ( 3584) [INFO] [VCAMDS] Destroyed window
I2026-10-07 11:07:56.168064 ( 3584) [INFO] [VCAMDS] Unregistered window class
I2026-10-07 11:07:56.169064 ( 3584) [INFO] [VCAMDS] NvMxnCltShmConsumer Skip removing app tracker DLL loaded status. Parent source filter is not initialized
I2026-10-07 11:07:58.321530 ( 3584) [INFO] [VCAMDS] Creating WndMsg Listener Window
I2026-10-07 11:07:58.327041 ( 3584) [INFO] [VCAMDS] Destroying parent object
I2026-10-07 11:07:58.327041 ( 3584) [INFO] [VCAMDS] Destroying WndMsg Listener Window
I2026-10-07 11:07:58.328047 ( 3584) [INFO] [VCAMDS] Destroyed window
I2026-10-07 11:07:58.329044 ( 3584) [INFO] [VCAMDS] Unregistered window class
I2026-10-07 11:07:58.329044 ( 3584) [INFO] [VCAMDS] NvMxnCltShmConsumer Skip removing app tracker DLL loaded status. Parent source filter is not initialized
I2026-10-07 11:08:00.461238 ( 3584) [INFO] [VCAMDS] Creating WndMsg Listener Window
I2026-10-07 11:08:00.472025 ( 3584) [INFO] [VCAMDS] Destroying parent object
I2026-10-07 11:08:00.478549 ( 3584) [INFO] [VCAMDS] Destroying WndMsg Listener Window
I2026-10-07 11:08:00.482775 ( 3584) [INFO] [VCAMDS] Destroyed window
I2026-10-07 11:08:00.485181 ( 3584) [INFO] [VCAMDS] Unregistered window class
I2026-10-07 11:08:00.486191 ( 3584) [INFO] [VCAMDS] NvMxnCltShmConsumer Skip removing app tracker DLL loaded status. Parent source filter is not initialized
I2026-10-07 11:08:02.611467 ( 3584) [INFO] [VCAMDS] Creating WndMsg Listener Window
I2026-10-07 11:08:02.615973 ( 3584) [INFO] [VCAMDS] Destroying parent object
I2026-10-07 11:08:02.616480 ( 3584) [INFO] [VCAMDS] Destroying WndMsg Listener Window
I2026-10-07 11:08:02.617489 ( 3584) [INFO] [VCAMDS] Destroyed window
I2026-10-07 11:08:02.618490 ( 3584) [INFO] [VCAMDS] Unregistered window class
I2026-10-07 11:08:02.618490 ( 3584) [INFO] [VCAMDS] NvMxnCltShmConsumer Skip removing app tracker DLL loaded status. Parent source filter is not initialized
I2026-10-07 11:08:04.659116 ( 3584) [INFO] [VCAMDS] Creating WndMsg Listener Window
I2026-10-07 11:08:04.663117 ( 3584) [INFO] [VCAMDS] Destroying parent object
I2026-10-07 11:08:04.664119 ( 3584) [INFO] [VCAMDS] Destroying WndMsg Listener Window
I2026-10-07 11:08:04.665625 ( 3584) [INFO] [VCAMDS] Destroyed window
I2026-10-07 11:08:04.665625 ( 3584) [INFO] [VCAMDS] Unregistered window class
I2026-10-07 11:08:04.665625 ( 3584) [INFO] [VCAMDS] NvMxnCltShmConsumer Skip removing app tracker DLL loaded status. Parent source filter is not initialized
I2026-10-07 11:08:06.714169 ( 3584) [INFO] [VCAMDS] Creating WndMsg Listener Window
I2026-10-07 11:08:06.719192 ( 3584) [INFO] [VCAMDS] Destroying parent object
I2026-10-07 11:08:06.720316 ( 3584) [INFO] [VCAMDS] Destroying WndMsg Listener Window
I2026-10-07 11:08:06.721395 ( 3584) [INFO] [VCAMDS] Destroyed window
I2026-10-07 11:08:06.722859 ( 3584) [INFO] [VCAMDS] Unregistered window class
I2026-10-07 11:08:06.722859 ( 3584) [INFO] [VCAMDS] NvMxnCltShmConsumer Skip removing app tracker DLL loaded status. Parent source filter is not initialized
I2026-10-07 11:08:08.753232 ( 3584) [INFO] [VCAMDS] Creating WndMsg Listener Window
I2026-10-07 11:08:08.760744 ( 3584) [INFO] [VCAMDS] Destroying parent object
I2026-10-07 11:08:08.762077 ( 3584) [INFO] [VCAMDS] Destroying WndMsg Listener Window
I2026-10-07 11:08:08.764084 ( 3584) [INFO] [VCAMDS] Destroyed window
I2026-10-07 11:08:08.765084 ( 3584) [INFO] [VCAMDS] Unregistered window class
I2026-10-07 11:08:08.765084 ( 3584) [INFO] [VCAMDS] NvMxnCltShmConsumer Skip removing app tracker DLL loaded status. Parent source filter is not initialized
I2026-10-07 11:08:10.786850 ( 3584) [INFO] [VCAMDS] Creating WndMsg Listener Window
I2026-10-07 11:08:10.788852 ( 3584) [INFO] [VCAMDS] Destroying parent object
I2026-10-07 11:08:10.788852 ( 3584) [INFO] [VCAMDS] Destroying WndMsg Listener Window
I2026-10-07 11:08:10.790851 ( 3584) [INFO] [VCAMDS] Destroyed window
I2026-10-07 11:08:10.790851 ( 3584) [INFO] [VCAMDS] Unregistered window class
I2026-10-07 11:08:10.790851 ( 3584) [INFO] [VCAMDS] NvMxnCltShmConsumer Skip removing app tracker DLL loaded status. Parent source filter is not initialized
I2026-10-07 11:08:12.800089 ( 3584) [INFO] [VCAMDS] Creating WndMsg Listener Window
I2026-10-07 11:08:12.805590 ( 3584) [INFO] [VCAMDS] Destroying parent object
I2026-10-07 11:08:12.809028 ( 3584) [INFO] [VCAMDS] Destroying WndMsg Listener Window
I2026-10-07 11:08:12.811029 ( 3584) [INFO] [VCAMDS] Destroyed window
I2026-10-07 11:08:12.812028 ( 3584) [INFO] [VCAMDS] Unregistered window class
I2026-10-07 11:08:12.812028 ( 3584) [INFO] [VCAMDS] NvMxnCltShmConsumer Skip removing app tracker DLL loaded status. Parent source filter is not initialized
I2026-10-07 11:08:14.832166 ( 3584) [INFO] [VCAMDS] Creating WndMsg Listener Window
I2026-10-07 11:08:14.835170 ( 3584) [INFO] [VCAMDS] Destroying parent object
I2026-10-07 11:08:14.835170 ( 3584) [INFO] [VCAMDS] Destroying WndMsg Listener Window
I2026-10-07 11:08:14.836366 ( 3584) [INFO] [VCAMDS] Destroyed window
I2026-10-07 11:08:14.836366 ( 3584) [INFO] [VCAMDS] Unregistered window class
I2026-10-07 11:08:14.837376 ( 3584) [INFO] [VCAMDS] NvMxnCltShmConsumer Skip removing app tracker DLL loaded status. Parent source filter is not initialized
I2026-10-07 11:08:16.843362 ( 3584) [INFO] [VCAMDS] Creating WndMsg Listener Window
I2026-10-07 11:08:16.847869 ( 3584) [INFO] [VCAMDS] Destroying parent object
I2026-10-07 11:08:16.847869 ( 3584) [INFO] [VCAMDS] Destroying WndMsg Listener Window
I2026-10-07 11:08:16.849891 ( 3584) [INFO] [VCAMDS] Destroyed window
I2026-10-07 11:08:16.850899 ( 3584) [INFO] [VCAMDS] Unregistered window class
I2026-10-07 11:08:16.851900 ( 3584) [INFO] [VCAMDS] NvMxnCltShmConsumer Skip removing app tracker DLL loaded status. Parent source filter is not initialized
I2026-10-07 11:08:18.861106 ( 3584) [INFO] [VCAMDS] Creating WndMsg Listener Window
I2026-10-07 11:08:18.864105 ( 3584) [INFO] [VCAMDS] Destroying parent object
I2026-10-07 11:08:18.864105 ( 3584) [INFO] [VCAMDS] Destroying WndMsg Listener Window
I2026-10-07 11:08:18.865105 ( 3584) [INFO] [VCAMDS] Destroyed window
I2026-10-07 11:08:18.866156 ( 3584) [INFO] [VCAMDS] Unregistered window class
I2026-10-07 11:08:18.866156 ( 3584) [INFO] [VCAMDS] NvMxnCltShmConsumer Skip removing app tracker DLL loaded status. Parent source filter is not initialized
I2026-10-07 11:08:20.873956 ( 3584) [INFO] [VCAMDS] Creating WndMsg Listener Window
I2026-10-07 11:08:20.877467 ( 3584) [INFO] [VCAMDS] Destroying parent object
I2026-10-07 11:08:20.877467 ( 3584) [INFO] [VCAMDS] Destroying WndMsg Listener Window
I2026-10-07 11:08:20.878466 ( 3584) [INFO] [VCAMDS] Destroyed window
I2026-10-07 11:08:20.878466 ( 3584) [INFO] [VCAMDS] Unregistered window class
I2026-10-07 11:08:20.878466 ( 3584) [INFO] [VCAMDS] NvMxnCltShmConsumer Skip removing app tracker DLL loaded status. Parent source filter is not initialized
I2026-10-07 11:08:22.883934 ( 3584) [INFO] [VCAMDS] Creating WndMsg Listener Window
I2026-10-07 11:08:22.888002 ( 3584) [INFO] [VCAMDS] Destroying parent object
I2026-10-07 11:08:22.888002 ( 3584) [INFO] [VCAMDS] Destroying WndMsg Listener Window
I2026-10-07 11:08:22.889508 ( 3584) [INFO] [VCAMDS] Destroyed window
I2026-10-07 11:08:22.889508 ( 3584) [INFO] [VCAMDS] Unregistered window class
I2026-10-07 11:08:22.889508 ( 3584) [INFO] [VCAMDS] NvMxnCltShmConsumer Skip removing app tracker DLL loaded status. Parent source filter is not initialized
I2026-10-07 11:08:24.897233 ( 3584) [INFO] [VCAMDS] Creating WndMsg Listener Window
I2026-10-07 11:08:24.901240 ( 3584) [INFO] [VCAMDS] Destroying parent object
I2026-10-07 11:08:24.901240 ( 3584) [INFO] [VCAMDS] Destroying WndMsg Listener Window
I2026-10-07 11:08:24.903239 ( 3584) [INFO] [VCAMDS] Destroyed window
I2026-10-07 11:08:24.903239 ( 3584) [INFO] [VCAMDS] Unregistered window class
I2026-10-07 11:08:24.903239 ( 3584) [INFO] [VCAMDS] NvMxnCltShmConsumer Skip removing app tracker DLL loaded status. Parent source filter is not initialized
I2026-10-07 11:08:26.916350 ( 3584) [INFO] [VCAMDS] Creating WndMsg Listener Window
I2026-10-07 11:08:26.920550 ( 3584) [INFO] [VCAMDS] Destroying parent object
I2026-10-07 11:08:26.922057 ( 3584) [INFO] [VCAMDS] Destroying WndMsg Listener Window
I2026-10-07 11:08:26.923064 ( 3584) [INFO] [VCAMDS] Destroyed window
I2026-10-07 11:08:26.924067 ( 3584) [INFO] [VCAMDS] Unregistered window class
I2026-10-07 11:08:26.924067 ( 3584) [INFO] [VCAMDS] NvMxnCltShmConsumer Skip removing app tracker DLL loaded status. Parent source filter is not initialized
I2026-10-07 11:08:28.935940 ( 3584) [INFO] [VCAMDS] Creating WndMsg Listener Window
I2026-10-07 11:08:28.938944 ( 3584) [INFO] [VCAMDS] Destroying parent object
I2026-10-07 11:08:28.939944 ( 3584) [INFO] [VCAMDS] Destroying WndMsg Listener Window
I2026-10-07 11:08:28.941944 ( 3584) [INFO] [VCAMDS] Destroyed window
I2026-10-07 11:08:28.941944 ( 3584) [INFO] [VCAMDS] Unregistered window class
I2026-10-07 11:08:28.941944 ( 3584) [INFO] [VCAMDS] NvMxnCltShmConsumer Skip removing app tracker DLL loaded status. Parent source filter is not initialized
I2026-10-07 11:08:30.949379 ( 3584) [INFO] [VCAMDS] Creating WndMsg Listener Window
I2026-10-07 11:08:30.954326 ( 3584) [INFO] [VCAMDS] Destroying parent object
I2026-10-07 11:08:30.954326 ( 3584) [INFO] [VCAMDS] Destroying WndMsg Listener Window
I2026-10-07 11:08:30.955830 ( 3584) [INFO] [VCAMDS] Destroyed window
I2026-10-07 11:08:30.957072 ( 3584) [INFO] [VCAMDS] Unregistered window class
I2026-10-07 11:08:30.957072 ( 3584) [INFO] [VCAMDS] NvMxnCltShmConsumer Skip removing app tracker DLL loaded status. Parent source filter is not initialized
I2026-10-07 11:08:32.966755 ( 3584) [INFO] [VCAMDS] Creating WndMsg Listener Window
I2026-10-07 11:08:32.972757 ( 3584) [INFO] [VCAMDS] Destroying parent object
I2026-10-07 11:08:32.980780 ( 3584) [INFO] [VCAMDS] Destroying WndMsg Listener Window
I2026-10-07 11:08:32.983781 ( 3584) [INFO] [VCAMDS] Destroyed window
I2026-10-07 11:08:32.987315 ( 3584) [INFO] [VCAMDS] Unregistered window class
I2026-10-07 11:08:32.988313 ( 3584) [INFO] [VCAMDS] NvMxnCltShmConsumer Skip removing app tracker DLL loaded status. Parent source filter is not initialized
I2026-10-07 11:08:35.008409 ( 3584) [INFO] [VCAMDS] Creating WndMsg Listener Window
I2026-10-07 11:08:35.013407 ( 3584) [INFO] [VCAMDS] Destroying parent object
I2026-10-07 11:08:35.019927 ( 3584) [INFO] [VCAMDS] Destroying WndMsg Listener Window
I2026-10-07 11:08:35.022925 ( 3584) [INFO] [VCAMDS] Destroyed window
I2026-10-07 11:08:35.026448 ( 3584) [INFO] [VCAMDS] Unregistered window class
I2026-10-07 11:08:35.028458 ( 3584) [INFO] [VCAMDS] NvMxnCltShmConsumer Skip removing app tracker DLL loaded status. Parent source filter is not initialized
I2026-10-07 11:08:37.036397 ( 3584) [INFO] [VCAMDS] Creating WndMsg Listener Window
I2026-10-07 11:08:37.039400 ( 3584) [INFO] [VCAMDS] Destroying parent object
I2026-10-07 11:08:37.039400 ( 3584) [INFO] [VCAMDS] Destroying WndMsg Listener Window
I2026-10-07 11:08:37.040400 ( 3584) [INFO] [VCAMDS] Destroyed window
I2026-10-07 11:08:37.040400 ( 3584) [INFO] [VCAMDS] Unregistered window class
I2026-10-07 11:08:37.040400 ( 3584) [INFO] [VCAMDS] NvMxnCltShmConsumer Skip removing app tracker DLL loaded status. Parent source filter is not initialized
I2026-10-07 11:08:39.046375 ( 3584) [INFO] [VCAMDS] Creating WndMsg Listener Window
I2026-10-07 11:08:39.048456 ( 3584) [INFO] [VCAMDS] Destroying parent object
I2026-10-07 11:08:39.049453 ( 3584) [INFO] [VCAMDS] Destroying WndMsg Listener Window
I2026-10-07 11:08:39.050381 ( 3584) [INFO] [VCAMDS] Destroyed window
I2026-10-07 11:08:39.050381 ( 3584) [INFO] [VCAMDS] Unregistered window class
I2026-10-07 11:08:39.050381 ( 3584) [INFO] [VCAMDS] NvMxnCltShmConsumer Skip removing app tracker DLL loaded status. Parent source filter is not initialized
I2026-10-07 11:08:41.056764 ( 3584) [INFO] [VCAMDS] Creating WndMsg Listener Window
I2026-10-07 11:08:41.060170 ( 3584) [INFO] [VCAMDS] Destroying parent object
I2026-10-07 11:08:41.060170 ( 3584) [INFO] [VCAMDS] Destroying WndMsg Listener Window
I2026-10-07 11:08:41.061164 ( 3584) [INFO] [VCAMDS] Destroyed window
I2026-10-07 11:08:41.061164 ( 3584) [INFO] [VCAMDS] Unregistered window class
I2026-10-07 11:08:41.061164 ( 3584) [INFO] [VCAMDS] NvMxnCltShmConsumer Skip removing app tracker DLL loaded status. Parent source filter is not initialized
I2026-10-07 11:08:43.067287 ( 3584) [INFO] [VCAMDS] Creating WndMsg Listener Window
I2026-10-07 11:08:43.069288 ( 3584) [INFO] [VCAMDS] Destroying parent object
I2026-10-07 11:08:43.069288 ( 3584) [INFO] [VCAMDS] Destroying WndMsg Listener Window
I2026-10-07 11:08:43.070287 ( 3584) [INFO] [VCAMDS] Destroyed window
I2026-10-07 11:08:43.071288 ( 3584) [INFO] [VCAMDS] Unregistered window class
I2026-10-07 11:08:43.071288 ( 3584) [INFO] [VCAMDS] NvMxnCltShmConsumer Skip removing app tracker DLL loaded status. Parent source filter is not initialized
I2026-10-07 11:08:45.077476 ( 3584) [INFO] [VCAMDS] Creating WndMsg Listener Window
I2026-10-07 11:08:45.079474 ( 3584) [INFO] [VCAMDS] Destroying parent object
I2026-10-07 11:08:45.079474 ( 3584) [INFO] [VCAMDS] Destroying WndMsg Listener Window
I2026-10-07 11:08:45.081475 ( 3584) [INFO] [VCAMDS] Destroyed window
I2026-10-07 11:08:45.081475 ( 3584) [INFO] [VCAMDS] Unregistered window class
I2026-10-07 11:08:45.081475 ( 3584) [INFO] [VCAMDS] NvMxnCltShmConsumer Skip removing app tracker DLL loaded status. Parent source filter is not initialized
I2026-10-07 11:08:47.088483 ( 3584) [INFO] [VCAMDS] Creating WndMsg Listener Window
I2026-10-07 11:08:47.091482 ( 3584) [INFO] [VCAMDS] Destroying parent object
I2026-10-07 11:08:47.091482 ( 3584) [INFO] [VCAMDS] Destroying WndMsg Listener Window
I2026-10-07 11:08:47.092483 ( 3584) [INFO] [VCAMDS] Destroyed window
I2026-10-07 11:08:47.092483 ( 3584) [INFO] [VCAMDS] Unregistered window class
I2026-10-07 11:08:47.092483 ( 3584) [INFO] [VCAMDS] NvMxnCltShmConsumer Skip removing app tracker DLL loaded status. Parent source filter is not initialized
I2026-10-07 11:08:49.099151 ( 3584) [INFO] [VCAMDS] Creating WndMsg Listener Window
I2026-10-07 11:08:49.111802 ( 3584) [INFO] [VCAMDS] Destroying parent object
I2026-10-07 11:08:49.111802 ( 3584) [INFO] [VCAMDS] Destroying WndMsg Listener Window
I2026-10-07 11:08:49.112802 ( 3584) [INFO] [VCAMDS] Destroyed window
I2026-10-07 11:08:49.113802 ( 3584) [INFO] [VCAMDS] Unregistered window class
I2026-10-07 11:08:49.113802 ( 3584) [INFO] [VCAMDS] NvMxnCltShmConsumer Skip removing app tracker DLL loaded status. Parent source filter is not initialized
I2026-10-07 11:08:51.119427 ( 3584) [INFO] [VCAMDS] Creating WndMsg Listener Window
I2026-10-07 11:08:51.122426 ( 3584) [INFO] [VCAMDS] Destroying parent object
I2026-10-07 11:08:51.122426 ( 3584) [INFO] [VCAMDS] Destroying WndMsg Listener Window
I2026-10-07 11:08:51.123425 ( 3584) [INFO] [VCAMDS] Destroyed window
I2026-10-07 11:08:51.123425 ( 3584) [INFO] [VCAMDS] Unregistered window class
I2026-10-07 11:08:51.123425 ( 3584) [INFO] [VCAMDS] NvMxnCltShmConsumer Skip removing app tracker DLL loaded status. Parent source filter is not initialized
I2026-10-07 11:08:53.129142 ( 3584) [INFO] [VCAMDS] Creating WndMsg Listener Window
I2026-10-07 11:08:53.133009 ( 3584) [INFO] [VCAMDS] Destroying parent object
I2026-10-07 11:08:53.133009 ( 3584) [INFO] [VCAMDS] Destroying WndMsg Listener Window
I2026-10-07 11:08:53.134009 ( 3584) [INFO] [VCAMDS] Destroyed window
I2026-10-07 11:08:53.134009 ( 3584) [INFO] [VCAMDS] Unregistered window class
I2026-10-07 11:08:53.134009 ( 3584) [INFO] [VCAMDS] NvMxnCltShmConsumer Skip removing app tracker DLL loaded status. Parent source filter is not initialized
I2026-10-07 11:08:55.139948 ( 3584) [INFO] [VCAMDS] Creating WndMsg Listener Window
I2026-10-07 11:08:55.152485 ( 3584) [INFO] [VCAMDS] Destroying parent object
I2026-10-07 11:08:55.152485 ( 3584) [INFO] [VCAMDS] Destroying WndMsg Listener Window
I2026-10-07 11:08:55.153486 ( 3584) [INFO] [VCAMDS] Destroyed window
I2026-10-07 11:08:55.153486 ( 3584) [INFO] [VCAMDS] Unregistered window class
I2026-10-07 11:08:55.153486 ( 3584) [INFO] [VCAMDS] NvMxnCltShmConsumer Skip removing app tracker DLL loaded status. Parent source filter is not initialized
I2026-10-07 11:08:57.208025 ( 3584) [INFO] [VCAMDS] Creating WndMsg Listener Window
I2026-10-07 11:08:57.213558 ( 3584) [INFO] [VCAMDS] Destroying parent object
I2026-10-07 11:08:57.214669 ( 3584) [INFO] [VCAMDS] Destroying WndMsg Listener Window
I2026-10-07 11:08:57.216178 ( 3584) [INFO] [VCAMDS] Destroyed window
I2026-10-07 11:08:57.217181 ( 3584) [INFO] [VCAMDS] Unregistered window class
I2026-10-07 11:08:57.217181 ( 3584) [INFO] [VCAMDS] NvMxnCltShmConsumer Skip removing app tracker DLL loaded status. Parent source filter is not initialized
I2026-10-07 11:08:59.282858 ( 3584) [INFO] [VCAMDS] Creating WndMsg Listener Window
I2026-10-07 11:08:59.286374 ( 3584) [INFO] [VCAMDS] Destroying parent object
I2026-10-07 11:08:59.286374 ( 3584) [INFO] [VCAMDS] Destroying WndMsg Listener Window
I2026-10-07 11:08:59.287878 ( 3584) [INFO] [VCAMDS] Destroyed window
I2026-10-07 11:08:59.287878 ( 3584) [INFO] [VCAMDS] Unregistered window class
I2026-10-07 11:08:59.287878 ( 3584) [INFO] [VCAMDS] NvMxnCltShmConsumer Skip removing app tracker DLL loaded status. Parent source filter is not initialized
I2026-10-07 11:09:01.295584 ( 3584) [INFO] [VCAMDS] Creating WndMsg Listener Window
I2026-10-07 11:09:01.297595 ( 3584) [INFO] [VCAMDS] Destroying parent object
I2026-10-07 11:09:01.299038 ( 3584) [INFO] [VCAMDS] Destroying WndMsg Listener Window
I2026-10-07 11:09:01.300042 ( 3584) [INFO] [VCAMDS] Destroyed window
I2026-10-07 11:09:01.300042 ( 3584) [INFO] [VCAMDS] Unregistered window class
I2026-10-07 11:09:01.300042 ( 3584) [INFO] [VCAMDS] NvMxnCltShmConsumer Skip removing app tracker DLL loaded status. Parent source filter is not initialized
I2026-10-07 11:09:03.309473 ( 3584) [INFO] [VCAMDS] Creating WndMsg Listener Window
I2026-10-07 11:09:03.315214 ( 3584) [INFO] [VCAMDS] Destroying parent object
I2026-10-07 11:09:03.315214 ( 3584) [INFO] [VCAMDS] Destroying WndMsg Listener Window
I2026-10-07 11:09:03.315214 ( 3584) [INFO] [VCAMDS] Destroyed window
I2026-10-07 11:09:03.315214 ( 3584) [INFO] [VCAMDS] Unregistered window class
I2026-10-07 11:09:03.316778 ( 3584) [INFO] [VCAMDS] NvMxnCltShmConsumer Skip removing app tracker DLL loaded status. Parent source filter is not initialized
I2026-10-07 11:09:05.324077 ( 3584) [INFO] [VCAMDS] Creating WndMsg Listener Window
I2026-10-07 11:09:05.326588 ( 3584) [INFO] [VCAMDS] Destroying parent object
I2026-10-07 11:09:05.326588 ( 3584) [INFO] [VCAMDS] Destroying WndMsg Listener Window
I2026-10-07 11:09:05.327589 ( 3584) [INFO] [VCAMDS] Destroyed window
I2026-10-07 11:09:05.327589 ( 3584) [INFO] [VCAMDS] Unregistered window class
I2026-10-07 11:09:05.327589 ( 3584) [INFO] [VCAMDS] NvMxnCltShmConsumer Skip removing app tracker DLL loaded status. Parent source filter is not initialized
I2026-10-07 11:09:07.333664 ( 3584) [INFO] [VCAMDS] Creating WndMsg Listener Window
I2026-10-07 11:09:07.336061 ( 3584) [INFO] [VCAMDS] Destroying parent object
I2026-10-07 11:09:07.337060 ( 3584) [INFO] [VCAMDS] Destroying WndMsg Listener Window
I2026-10-07 11:09:07.337060 ( 3584) [INFO] [VCAMDS] Destroyed window
I2026-10-07 11:09:07.337060 ( 3584) [INFO] [VCAMDS] Unregistered window class
I2026-10-07 11:09:07.338186 ( 3584) [INFO] [VCAMDS] NvMxnCltShmConsumer Skip removing app tracker DLL loaded status. Parent source filter is not initialized
I2026-10-07 11:09:09.344429 ( 3584) [INFO] [VCAMDS] Creating WndMsg Listener Window
I2026-10-07 11:09:09.347937 ( 3584) [INFO] [VCAMDS] Destroying parent object
I2026-10-07 11:09:09.347937 ( 3584) [INFO] [VCAMDS] Destroying WndMsg Listener Window
I2026-10-07 11:09:09.349231 ( 3584) [INFO] [VCAMDS] Destroyed window
I2026-10-07 11:09:09.349231 ( 3584) [INFO] [VCAMDS] Unregistered window class
I2026-10-07 11:09:09.349231 ( 3584) [INFO] [VCAMDS] NvMxnCltShmConsumer Skip removing app tracker DLL loaded status. Parent source filter is not initialized
I2026-10-07 11:09:11.356177 ( 3584) [INFO] [VCAMDS] Creating WndMsg Listener Window
I2026-10-07 11:09:11.359175 ( 3584) [INFO] [VCAMDS] Destroying parent object
I2026-10-07 11:09:11.359175 ( 3584) [INFO] [VCAMDS] Destroying WndMsg Listener Window
I2026-10-07 11:09:11.360175 ( 3584) [INFO] [VCAMDS] Destroyed window
I2026-10-07 11:09:11.361179 ( 3584) [INFO] [VCAMDS] Unregistered window class
I2026-10-07 11:09:11.361179 ( 3584) [INFO] [VCAMDS] NvMxnCltShmConsumer Skip removing app tracker DLL loaded status. Parent source filter is not initialized
I2026-10-07 11:09:13.366916 ( 3584) [INFO] [VCAMDS] Creating WndMsg Listener Window
I2026-10-07 11:09:13.368922 ( 3584) [INFO] [VCAMDS] Destroying parent object
I2026-10-07 11:09:13.368922 ( 3584) [INFO] [VCAMDS] Destroying WndMsg Listener Window
I2026-10-07 11:09:13.369922 ( 3584) [INFO] [VCAMDS] Destroyed window
I2026-10-07 11:09:13.369922 ( 3584) [INFO] [VCAMDS] Unregistered window class
I2026-10-07 11:09:13.369922 ( 3584) [INFO] [VCAMDS] NvMxnCltShmConsumer Skip removing app tracker DLL loaded status. Parent source filter is not initialized
I2026-10-07 11:09:15.375200 ( 3584) [INFO] [VCAMDS] Creating WndMsg Listener Window
I2026-10-07 11:09:15.377204 ( 3584) [INFO] [VCAMDS] Destroying parent object
I2026-10-07 11:09:15.377204 ( 3584) [INFO] [VCAMDS] Destroying WndMsg Listener Window
I2026-10-07 11:09:15.378204 ( 3584) [INFO] [VCAMDS] Destroyed window
I2026-10-07 11:09:15.379206 ( 3584) [INFO] [VCAMDS] Unregistered window class
I2026-10-07 11:09:15.379206 ( 3584) [INFO] [VCAMDS] NvMxnCltShmConsumer Skip removing app tracker DLL loaded status. Parent source filter is not initialized
I2026-10-07 11:09:17.388521 ( 3584) [INFO] [VCAMDS] Creating WndMsg Listener Window
I2026-10-07 11:09:17.393201 ( 3584) [INFO] [VCAMDS] Destroying parent object
I2026-10-07 11:09:17.394207 ( 3584) [INFO] [VCAMDS] Destroying WndMsg Listener Window
I2026-10-07 11:09:17.395206 ( 3584) [INFO] [VCAMDS] Destroyed window
I2026-10-07 11:09:17.395206 ( 3584) [INFO] [VCAMDS] Unregistered window class
I2026-10-07 11:09:17.395206 ( 3584) [INFO] [VCAMDS] NvMxnCltShmConsumer Skip removing app tracker DLL loaded status. Parent source filter is not initialized
I2026-10-07 11:09:19.401167 ( 3584) [INFO] [VCAMDS] Creating WndMsg Listener Window
I2026-10-07 11:09:19.404167 ( 3584) [INFO] [VCAMDS] Destroying parent object
I2026-10-07 11:09:19.405171 ( 3584) [INFO] [VCAMDS] Destroying WndMsg Listener Window
I2026-10-07 11:09:19.405680 ( 3584) [INFO] [VCAMDS] Destroyed window
I2026-10-07 11:09:19.405680 ( 3584) [INFO] [VCAMDS] Unregistered window class
I2026-10-07 11:09:19.405680 ( 3584) [INFO] [VCAMDS] NvMxnCltShmConsumer Skip removing app tracker DLL loaded status. Parent source filter is not initialized
I2026-10-07 11:09:21.412474 ( 3584) [INFO] [VCAMDS] Creating WndMsg Listener Window
I2026-10-07 11:09:21.415997 ( 3584) [INFO] [VCAMDS] Destroying parent object
I2026-10-07 11:09:21.415997 ( 3584) [INFO] [VCAMDS] Destroying WndMsg Listener Window
I2026-10-07 11:09:21.416997 ( 3584) [INFO] [VCAMDS] Destroyed window
I2026-10-07 11:09:21.416997 ( 3584) [INFO] [VCAMDS] Unregistered window class
I2026-10-07 11:09:21.416997 ( 3584) [INFO] [VCAMDS] NvMxnCltShmConsumer Skip removing app tracker DLL loaded status. Parent source filter is not initialized
I2026-10-07 11:09:23.422096 ( 3584) [INFO] [VCAMDS] Creating WndMsg Listener Window
I2026-10-07 11:09:23.425093 ( 3584) [INFO] [VCAMDS] Destroying parent object
I2026-10-07 11:09:23.425093 ( 3584) [INFO] [VCAMDS] Destroying WndMsg Listener Window
I2026-10-07 11:09:23.426242 ( 3584) [INFO] [VCAMDS] Destroyed window
I2026-10-07 11:09:23.426242 ( 3584) [INFO] [VCAMDS] Unregistered window class
I2026-10-07 11:09:23.426242 ( 3584) [INFO] [VCAMDS] NvMxnCltShmConsumer Skip removing app tracker DLL loaded status. Parent source filter is not initialized
I2026-10-07 11:09:25.431938 ( 3584) [INFO] [VCAMDS] Creating WndMsg Listener Window
I2026-10-07 11:09:25.433946 ( 3584) [INFO] [VCAMDS] Destroying parent object
I2026-10-07 11:09:25.433946 ( 3584) [INFO] [VCAMDS] Destroying WndMsg Listener Window
I2026-10-07 11:09:25.435452 ( 3584) [INFO] [VCAMDS] Destroyed window
I2026-10-07 11:09:25.435452 ( 3584) [INFO] [VCAMDS] Unregistered window class
I2026-10-07 11:09:25.435452 ( 3584) [INFO] [VCAMDS] NvMxnCltShmConsumer Skip removing app tracker DLL loaded status. Parent source filter is not initialized
I2026-10-07 11:09:27.441330 ( 3584) [INFO] [VCAMDS] Creating WndMsg Listener Window
I2026-10-07 11:09:27.444322 ( 3584) [INFO] [VCAMDS] Destroying parent object
I2026-10-07 11:09:27.444322 ( 3584) [INFO] [VCAMDS] Destroying WndMsg Listener Window
I2026-10-07 11:09:27.445323 ( 3584) [INFO] [VCAMDS] Destroyed window
I2026-10-07 11:09:27.446446 ( 3584) [INFO] [VCAMDS] Unregistered window class
I2026-10-07 11:09:27.446446 ( 3584) [INFO] [VCAMDS] NvMxnCltShmConsumer Skip removing app tracker DLL loaded status. Parent source filter is not initialized
I2026-10-07 11:09:29.453404 ( 3584) [INFO] [VCAMDS] Creating WndMsg Listener Window
I2026-10-07 11:09:29.455912 ( 3584) [INFO] [VCAMDS] Destroying parent object
I2026-10-07 11:09:29.456920 ( 3584) [INFO] [VCAMDS] Destroying WndMsg Listener Window
I2026-10-07 11:09:29.457927 ( 3584) [INFO] [VCAMDS] Destroyed window
I2026-10-07 11:09:29.457927 ( 3584) [INFO] [VCAMDS] Unregistered window class
I2026-10-07 11:09:29.457927 ( 3584) [INFO] [VCAMDS] NvMxnCltShmConsumer Skip removing app tracker DLL loaded status. Parent source filter is not initialized
I2026-10-07 11:09:31.464056 ( 3584) [INFO] [VCAMDS] Creating WndMsg Listener Window
I2026-10-07 11:09:31.466585 ( 3584) [INFO] [VCAMDS] Destroying parent object
I2026-10-07 11:09:31.466585 ( 3584) [INFO] [VCAMDS] Destroying WndMsg Listener Window
I2026-10-07 11:09:31.467587 ( 3584) [INFO] [VCAMDS] Destroyed window
I2026-10-07 11:09:31.468585 ( 3584) [INFO] [VCAMDS] Unregistered window class
I2026-10-07 11:09:31.468585 ( 3584) [INFO] [VCAMDS] NvMxnCltShmConsumer Skip removing app tracker DLL loaded status. Parent source filter is not initialized
I2026-10-07 11:09:33.473136 ( 3584) [INFO] [VCAMDS] Creating WndMsg Listener Window
I2026-10-07 11:09:33.476176 ( 3584) [INFO] [VCAMDS] Destroying parent object
I2026-10-07 11:09:33.476176 ( 3584) [INFO] [VCAMDS] Destroying WndMsg Listener Window
I2026-10-07 11:09:33.476176 ( 3584) [INFO] [VCAMDS] Destroyed window
I2026-10-07 11:09:33.479588 ( 3584) [INFO] [VCAMDS] Unregistered window class
I2026-10-07 11:09:33.479588 ( 3584) [INFO] [VCAMDS] NvMxnCltShmConsumer Skip removing app tracker DLL loaded status. Parent source filter is not initialized
I2026-10-07 11:09:35.485180 ( 3584) [INFO] [VCAMDS] Creating WndMsg Listener Window
I2026-10-07 11:09:35.489187 ( 3584) [INFO] [VCAMDS] Destroying parent object
I2026-10-07 11:09:35.489187 ( 3584) [INFO] [VCAMDS] Destroying WndMsg Listener Window
I2026-10-07 11:09:35.491189 ( 3584) [INFO] [VCAMDS] Destroyed window
I2026-10-07 11:09:35.491189 ( 3584) [INFO] [VCAMDS] Unregistered window class
I2026-10-07 11:09:35.492187 ( 3584) [INFO] [VCAMDS] NvMxnCltShmConsumer Skip removing app tracker DLL loaded status. Parent source filter is not initialized
I2026-10-07 11:09:37.499215 ( 3584) [INFO] [VCAMDS] Creating WndMsg Listener Window
I2026-10-07 11:09:37.503336 ( 3584) [INFO] [VCAMDS] Destroying parent object
I2026-10-07 11:09:37.503336 ( 3584) [INFO] [VCAMDS] Destroying WndMsg Listener Window
I2026-10-07 11:09:37.504333 ( 3584) [INFO] [VCAMDS] Destroyed window
I2026-10-07 11:09:37.504333 ( 3584) [INFO] [VCAMDS] Unregistered window class
I2026-10-07 11:09:37.504333 ( 3584) [INFO] [VCAMDS] NvMxnCltShmConsumer Skip removing app tracker DLL loaded status. Parent source filter is not initialized
I2026-10-07 11:09:39.511791 ( 3584) [INFO] [VCAMDS] Creating WndMsg Listener Window
I2026-10-07 11:09:39.525144 ( 3584) [INFO] [VCAMDS] Destroying parent object
I2026-10-07 11:09:39.525144 ( 3584) [INFO] [VCAMDS] Destroying WndMsg Listener Window
I2026-10-07 11:09:39.527148 ( 3584) [INFO] [VCAMDS] Destroyed window
I2026-10-07 11:09:39.527148 ( 3584) [INFO] [VCAMDS] Unregistered window class
I2026-10-07 11:09:39.527148 ( 3584) [INFO] [VCAMDS] NvMxnCltShmConsumer Skip removing app tracker DLL loaded status. Parent source filter is not initialized
I2026-10-07 11:09:41.533670 ( 3584) [INFO] [VCAMDS] Creating WndMsg Listener Window
I2026-10-07 11:09:41.536702 ( 3584) [INFO] [VCAMDS] Destroying parent object
I2026-10-07 11:09:41.536702 ( 3584) [INFO] [VCAMDS] Destroying WndMsg Listener Window
I2026-10-07 11:09:41.538713 ( 3584) [INFO] [VCAMDS] Destroyed window
I2026-10-07 11:09:41.538713 ( 3584) [INFO] [VCAMDS] Unregistered window class
I2026-10-07 11:09:41.538713 ( 3584) [INFO] [VCAMDS] NvMxnCltShmConsumer Skip removing app tracker DLL loaded status. Parent source filter is not initialized
I2026-10-07 11:09:43.545344 ( 3584) [INFO] [VCAMDS] Creating WndMsg Listener Window
I2026-10-07 11:09:43.549736 ( 3584) [INFO] [VCAMDS] Destroying parent object
I2026-10-07 11:09:43.549736 ( 3584) [INFO] [VCAMDS] Destroying WndMsg Listener Window
I2026-10-07 11:09:43.551738 ( 3584) [INFO] [VCAMDS] Destroyed window
I2026-10-07 11:09:43.551738 ( 3584) [INFO] [VCAMDS] Unregistered window class
I2026-10-07 11:09:43.551738 ( 3584) [INFO] [VCAMDS] NvMxnCltShmConsumer Skip removing app tracker DLL loaded status. Parent source filter is not initialized
I2026-10-07 11:09:45.560456 ( 3584) [INFO] [VCAMDS] Creating WndMsg Listener Window
I2026-10-07 11:09:45.563504 ( 3584) [INFO] [VCAMDS] Destroying parent object
I2026-10-07 11:09:45.564496 ( 3584) [INFO] [VCAMDS] Destroying WndMsg Listener Window
I2026-10-07 11:09:45.565507 ( 3584) [INFO] [VCAMDS] Destroyed window
I2026-10-07 11:09:45.566512 ( 3584) [INFO] [VCAMDS] Unregistered window class
I2026-10-07 11:09:45.566512 ( 3584) [INFO] [VCAMDS] NvMxnCltShmConsumer Skip removing app tracker DLL loaded status. Parent source filter is not initialized
I2026-10-07 11:09:47.574541 ( 3584) [INFO] [VCAMDS] Creating WndMsg Listener Window
I2026-10-07 11:09:47.577612 ( 3584) [INFO] [VCAMDS] Destroying parent object
I2026-10-07 11:09:47.578611 ( 3584) [INFO] [VCAMDS] Destroying WndMsg Listener Window
I2026-10-07 11:09:47.580607 ( 3584) [INFO] [VCAMDS] Destroyed window
I2026-10-07 11:09:47.580607 ( 3584) [INFO] [VCAMDS] Unregistered window class
I2026-10-07 11:09:47.580607 ( 3584) [INFO] [VCAMDS] NvMxnCltShmConsumer Skip removing app tracker DLL loaded status. Parent source filter is not initialized
I2026-10-07 11:09:49.589847 ( 3584) [INFO] [VCAMDS] Creating WndMsg Listener Window
I2026-10-07 11:09:49.595364 ( 3584) [INFO] [VCAMDS] Destroying parent object
I2026-10-07 11:09:49.596374 ( 3584) [INFO] [VCAMDS] Destroying WndMsg Listener Window
I2026-10-07 11:09:49.598389 ( 3584) [INFO] [VCAMDS] Destroyed window
I2026-10-07 11:09:49.599380 ( 3584) [INFO] [VCAMDS] Unregistered window class
I2026-10-07 11:09:49.599380 ( 3584) [INFO] [VCAMDS] NvMxnCltShmConsumer Skip removing app tracker DLL loaded status. Parent source filter is not initialized
I2026-10-07 11:09:51.605420 ( 3584) [INFO] [VCAMDS] Creating WndMsg Listener Window
I2026-10-07 11:09:51.611559 ( 3584) [INFO] [VCAMDS] Destroying parent object
I2026-10-07 11:09:51.612543 ( 3584) [INFO] [VCAMDS] Destroying WndMsg Listener Window
I2026-10-07 11:09:51.615051 ( 3584) [INFO] [VCAMDS] Destroyed window
I2026-10-07 11:09:51.615051 ( 3584) [INFO] [VCAMDS] Unregistered window class
I2026-10-07 11:09:51.615051 ( 3584) [INFO] [VCAMDS] NvMxnCltShmConsumer Skip removing app tracker DLL loaded status. Parent source filter is not initialized
I2026-10-07 11:09:53.620530 ( 3584) [INFO] [VCAMDS] Creating WndMsg Listener Window
I2026-10-07 11:09:53.622525 ( 3584) [INFO] [VCAMDS] Destroying parent object
I2026-10-07 11:09:53.622525 ( 3584) [INFO] [VCAMDS] Destroying WndMsg Listener Window
I2026-10-07 11:09:53.624518 ( 3584) [INFO] [VCAMDS] Destroyed window
I2026-10-07 11:09:53.626573 ( 3584) [INFO] [VCAMDS] Unregistered window class
I2026-10-07 11:09:53.626573 ( 3584) [INFO] [VCAMDS] NvMxnCltShmConsumer Skip removing app tracker DLL loaded status. Parent source filter is not initialized
I2026-10-07 11:09:55.631484 ( 3584) [INFO] [VCAMDS] Creating WndMsg Listener Window
I2026-10-07 11:09:55.636584 ( 3584) [INFO] [VCAMDS] Destroying parent object
I2026-10-07 11:09:55.637584 ( 3584) [INFO] [VCAMDS] Destroying WndMsg Listener Window
I2026-10-07 11:09:55.637584 ( 3584) [INFO] [VCAMDS] Destroyed window
I2026-10-07 11:09:55.638584 ( 3584) [INFO] [VCAMDS] Unregistered window class
I2026-10-07 11:09:55.638584 ( 3584) [INFO] [VCAMDS] NvMxnCltShmConsumer Skip removing app tracker DLL loaded status. Parent source filter is not initialized
I2026-10-07 11:09:57.646075 ( 3584) [INFO] [VCAMDS] Creating WndMsg Listener Window
I2026-10-07 11:09:57.657097 ( 3584) [INFO] [VCAMDS] Destroying parent object
I2026-10-07 11:09:57.657097 ( 3584) [INFO] [VCAMDS] Destroying WndMsg Listener Window
I2026-10-07 11:09:57.662099 ( 3584) [INFO] [VCAMDS] Destroyed window
I2026-10-07 11:09:57.663097 ( 3584) [INFO] [VCAMDS] Unregistered window class
I2026-10-07 11:09:57.663097 ( 3584) [INFO] [VCAMDS] NvMxnCltShmConsumer Skip removing app tracker DLL loaded status. Parent source filter is not initialized
I2026-10-07 11:09:59.670835 ( 3584) [INFO] [VCAMDS] Creating WndMsg Listener Window
I2026-10-07 11:09:59.673835 ( 3584) [INFO] [VCAMDS] Destroying parent object
I2026-10-07 11:09:59.673835 ( 3584) [INFO] [VCAMDS] Destroying WndMsg Listener Window
I2026-10-07 11:09:59.673835 ( 3584) [INFO] [VCAMDS] Destroyed window
I2026-10-07 11:09:59.675339 ( 3584) [INFO] [VCAMDS] Unregistered window class
I2026-10-07 11:09:59.675339 ( 3584) [INFO] [VCAMDS] NvMxnCltShmConsumer Skip removing app tracker DLL loaded status. Parent source filter is not initialized
I2026-10-07 11:10:01.680148 ( 3584) [INFO] [VCAMDS] Creating WndMsg Listener Window
I2026-10-07 11:10:01.686221 ( 3584) [INFO] [VCAMDS] Destroying parent object
I2026-10-07 11:10:01.686221 ( 3584) [INFO] [VCAMDS] Destroying WndMsg Listener Window
I2026-10-07 11:10:01.687222 ( 3584) [INFO] [VCAMDS] Destroyed window
I2026-10-07 11:10:01.688221 ( 3584) [INFO] [VCAMDS] Unregistered window class
I2026-10-07 11:10:01.688221 ( 3584) [INFO] [VCAMDS] NvMxnCltShmConsumer Skip removing app tracker DLL loaded status. Parent source filter is not initialized
I2026-10-07 11:10:03.781675 ( 3584) [INFO] [VCAMDS] Creating WndMsg Listener Window
I2026-10-07 11:10:03.787415 ( 3584) [INFO] [VCAMDS] Destroying parent object
I2026-10-07 11:10:03.788794 ( 3584) [INFO] [VCAMDS] Destroying WndMsg Listener Window
I2026-10-07 11:10:03.791165 ( 3584) [INFO] [VCAMDS] Destroyed window
I2026-10-07 11:10:03.791165 ( 3584) [INFO] [VCAMDS] Unregistered window class
I2026-10-07 11:10:03.791165 ( 3584) [INFO] [VCAMDS] NvMxnCltShmConsumer Skip removing app tracker DLL loaded status. Parent source filter is not initialized
I2026-10-07 11:10:05.804247 ( 3584) [INFO] [VCAMDS] Creating WndMsg Listener Window
I2026-10-07 11:10:05.809806 ( 3584) [INFO] [VCAMDS] Destroying parent object
I2026-10-07 11:10:05.810806 ( 3584) [INFO] [VCAMDS] Destroying WndMsg Listener Window
I2026-10-07 11:10:05.811806 ( 3584) [INFO] [VCAMDS] Destroyed window
I2026-10-07 11:10:05.811806 ( 3584) [INFO] [VCAMDS] Unregistered window class
I2026-10-07 11:10:05.811806 ( 3584) [INFO] [VCAMDS] NvMxnCltShmConsumer Skip removing app tracker DLL loaded status. Parent source filter is not initialized
I2026-10-07 11:10:07.819550 ( 3584) [INFO] [VCAMDS] Creating WndMsg Listener Window
I2026-10-07 11:10:07.823550 ( 3584) [INFO] [VCAMDS] Destroying parent object
I2026-10-07 11:10:07.823550 ( 3584) [INFO] [VCAMDS] Destroying WndMsg Listener Window
I2026-10-07 11:10:07.824550 ( 3584) [INFO] [VCAMDS] Destroyed window
I2026-10-07 11:10:07.825567 ( 3584) [INFO] [VCAMDS] Unregistered window class
I2026-10-07 11:10:07.825567 ( 3584) [INFO] [VCAMDS] NvMxnCltShmConsumer Skip removing app tracker DLL loaded status. Parent source filter is not initialized
I2026-10-07 11:10:09.831104 ( 3584) [INFO] [VCAMDS] Creating WndMsg Listener Window
I2026-10-07 11:10:09.834106 ( 3584) [INFO] [VCAMDS] Destroying parent object
I2026-10-07 11:10:09.835108 ( 3584) [INFO] [VCAMDS] Destroying WndMsg Listener Window
I2026-10-07 11:10:09.836192 ( 3584) [INFO] [VCAMDS] Destroyed window
I2026-10-07 11:10:09.837190 ( 3584) [INFO] [VCAMDS] Unregistered window class
I2026-10-07 11:10:09.837190 ( 3584) [INFO] [VCAMDS] NvMxnCltShmConsumer Skip removing app tracker DLL loaded status. Parent source filter is not initialized
I2026-10-07 11:10:11.846261 ( 3584) [INFO] [VCAMDS] Creating WndMsg Listener Window
I2026-10-07 11:10:11.848264 ( 3584) [INFO] [VCAMDS] Destroying parent object
I2026-10-07 11:10:11.848264 ( 3584) [INFO] [VCAMDS] Destroying WndMsg Listener Window
I2026-10-07 11:10:11.849258 ( 3584) [INFO] [VCAMDS] Destroyed window
I2026-10-07 11:10:11.849258 ( 3584) [INFO] [VCAMDS] Unregistered window class
I2026-10-07 11:10:11.850257 ( 3584) [INFO] [VCAMDS] NvMxnCltShmConsumer Skip removing app tracker DLL loaded status. Parent source filter is not initialized
I2026-10-07 11:10:13.856364 ( 3584) [INFO] [VCAMDS] Creating WndMsg Listener Window
I2026-10-07 11:10:13.860121 ( 3584) [INFO] [VCAMDS] Destroying parent object
I2026-10-07 11:10:13.860121 ( 3584) [INFO] [VCAMDS] Destroying WndMsg Listener Window
I2026-10-07 11:10:13.861121 ( 3584) [INFO] [VCAMDS] Destroyed window
I2026-10-07 11:10:13.862258 ( 3584) [INFO] [VCAMDS] Unregistered window class
I2026-10-07 11:10:13.862258 ( 3584) [INFO] [VCAMDS] NvMxnCltShmConsumer Skip removing app tracker DLL loaded status. Parent source filter is not initialized
I2026-10-07 11:10:15.867938 ( 3584) [INFO] [VCAMDS] Creating WndMsg Listener Window
I2026-10-07 11:10:15.870939 ( 3584) [INFO] [VCAMDS] Destroying parent object
I2026-10-07 11:10:15.870939 ( 3584) [INFO] [VCAMDS] Destroying WndMsg Listener Window
I2026-10-07 11:10:15.871938 ( 3584) [INFO] [VCAMDS] Destroyed window
I2026-10-07 11:10:15.871938 ( 3584) [INFO] [VCAMDS] Unregistered window class
I2026-10-07 11:10:15.871938 ( 3584) [INFO] [VCAMDS] NvMxnCltShmConsumer Skip removing app tracker DLL loaded status. Parent source filter is not initialized
I2026-10-07 11:10:17.877480 ( 3584) [INFO] [VCAMDS] Creating WndMsg Listener Window
I2026-10-07 11:10:17.880481 ( 3584) [INFO] [VCAMDS] Destroying parent object
I2026-10-07 11:10:17.880481 ( 3584) [INFO] [VCAMDS] Destroying WndMsg Listener Window
I2026-10-07 11:10:17.881479 ( 3584) [INFO] [VCAMDS] Destroyed window
I2026-10-07 11:10:17.881479 ( 3584) [INFO] [VCAMDS] Unregistered window class
I2026-10-07 11:10:17.881479 ( 3584) [INFO] [VCAMDS] NvMxnCltShmConsumer Skip removing app tracker DLL loaded status. Parent source filter is not initialized
I2026-10-07 11:10:19.889864 ( 3584) [INFO] [VCAMDS] Creating WndMsg Listener Window
I2026-10-07 11:10:19.892861 ( 3584) [INFO] [VCAMDS] Destroying parent object
I2026-10-07 11:10:19.892861 ( 3584) [INFO] [VCAMDS] Destroying WndMsg Listener Window
I2026-10-07 11:10:19.893862 ( 3584) [INFO] [VCAMDS] Destroyed window
I2026-10-07 11:10:19.893862 ( 3584) [INFO] [VCAMDS] Unregistered window class
I2026-10-07 11:10:19.893862 ( 3584) [INFO] [VCAMDS] NvMxnCltShmConsumer Skip removing app tracker DLL loaded status. Parent source filter is not initialized
I2026-10-07 11:10:21.899434 ( 3584) [INFO] [VCAMDS] Creating WndMsg Listener Window
I2026-10-07 11:10:21.904218 ( 3584) [INFO] [VCAMDS] Destroying parent object
I2026-10-07 11:10:21.904218 ( 3584) [INFO] [VCAMDS] Destroying WndMsg Listener Window
I2026-10-07 11:10:21.905727 ( 3584) [INFO] [VCAMDS] Destroyed window
I2026-10-07 11:10:21.907734 ( 3584) [INFO] [VCAMDS] Unregistered window class
I2026-10-07 11:10:21.907734 ( 3584) [INFO] [VCAMDS] NvMxnCltShmConsumer Skip removing app tracker DLL loaded status. Parent source filter is not initialized
I2026-10-07 11:10:23.913144 ( 3584) [INFO] [VCAMDS] Creating WndMsg Listener Window
I2026-10-07 11:10:23.915141 ( 3584) [INFO] [VCAMDS] Destroying parent object
I2026-10-07 11:10:23.916298 ( 3584) [INFO] [VCAMDS] Destroying WndMsg Listener Window
I2026-10-07 11:10:23.916298 ( 3584) [INFO] [VCAMDS] Destroyed window
I2026-10-07 11:10:23.917306 ( 3584) [INFO] [VCAMDS] Unregistered window class
I2026-10-07 11:10:23.917306 ( 3584) [INFO] [VCAMDS] NvMxnCltShmConsumer Skip removing app tracker DLL loaded status. Parent source filter is not initialized
I2026-10-07 11:10:25.922613 ( 3584) [INFO] [VCAMDS] Creating WndMsg Listener Window
I2026-10-07 11:10:25.927654 ( 3584) [INFO] [VCAMDS] Destroying parent object
I2026-10-07 11:10:25.927654 ( 3584) [INFO] [VCAMDS] Destroying WndMsg Listener Window
I2026-10-07 11:10:25.927654 ( 3584) [INFO] [VCAMDS] Destroyed window
I2026-10-07 11:10:25.928655 ( 3584) [INFO] [VCAMDS] Unregistered window class
I2026-10-07 11:10:25.928655 ( 3584) [INFO] [VCAMDS] NvMxnCltShmConsumer Skip removing app tracker DLL loaded status. Parent source filter is not initialized
I2026-10-07 11:10:27.934008 ( 3584) [INFO] [VCAMDS] Creating WndMsg Listener Window
I2026-10-07 11:10:27.937525 ( 3584) [INFO] [VCAMDS] Destroying parent object
I2026-10-07 11:10:27.938526 ( 3584) [INFO] [VCAMDS] Destroying WndMsg Listener Window
I2026-10-07 11:10:27.939527 ( 3584) [INFO] [VCAMDS] Destroyed window
I2026-10-07 11:10:27.939527 ( 3584) [INFO] [VCAMDS] Unregistered window class
I2026-10-07 11:10:27.939527 ( 3584) [INFO] [VCAMDS] NvMxnCltShmConsumer Skip removing app tracker DLL loaded status. Parent source filter is not initialized
I2026-10-07 11:10:29.946569 ( 3584) [INFO] [VCAMDS] Creating WndMsg Listener Window
I2026-10-07 11:10:29.950070 ( 3584) [INFO] [VCAMDS] Destroying parent object
I2026-10-07 11:10:29.950070 ( 3584) [INFO] [VCAMDS] Destroying WndMsg Listener Window
I2026-10-07 11:10:29.951062 ( 3584) [INFO] [VCAMDS] Destroyed window
I2026-10-07 11:10:29.951062 ( 3584) [INFO] [VCAMDS] Unregistered window class
I2026-10-07 11:10:29.951062 ( 3584) [INFO] [VCAMDS] NvMxnCltShmConsumer Skip removing app tracker DLL loaded status. Parent source filter is not initialized
I2026-10-07 11:10:31.962275 ( 3584) [INFO] [VCAMDS] Creating WndMsg Listener Window
I2026-10-07 11:10:31.967280 ( 3584) [INFO] [VCAMDS] Destroying parent object
I2026-10-07 11:10:31.967280 ( 3584) [INFO] [VCAMDS] Destroying WndMsg Listener Window
I2026-10-07 11:10:31.969276 ( 3584) [INFO] [VCAMDS] Destroyed window
I2026-10-07 11:10:31.969276 ( 3584) [INFO] [VCAMDS] Unregistered window class
I2026-10-07 11:10:31.969276 ( 3584) [INFO] [VCAMDS] NvMxnCltShmConsumer Skip removing app tracker DLL loaded status. Parent source filter is not initialized
I2026-10-07 11:10:33.975512 ( 3584) [INFO] [VCAMDS] Creating WndMsg Listener Window
I2026-10-07 11:10:33.978880 ( 3584) [INFO] [VCAMDS] Destroying parent object
I2026-10-07 11:10:33.978880 ( 3584) [INFO] [VCAMDS] Destroying WndMsg Listener Window
I2026-10-07 11:10:33.980381 ( 3584) [INFO] [VCAMDS] Destroyed window
I2026-10-07 11:10:33.980381 ( 3584) [INFO] [VCAMDS] Unregistered window class
I2026-10-07 11:10:33.980381 ( 3584) [INFO] [VCAMDS] NvMxnCltShmConsumer Skip removing app tracker DLL loaded status. Parent source filter is not initialized
I2026-10-07 11:10:35.985397 ( 3584) [INFO] [VCAMDS] Creating WndMsg Listener Window
I2026-10-07 11:10:35.989315 ( 3584) [INFO] [VCAMDS] Destroying parent object
I2026-10-07 11:10:35.989315 ( 3584) [INFO] [VCAMDS] Destroying WndMsg Listener Window
I2026-10-07 11:10:35.990312 ( 3584) [INFO] [VCAMDS] Destroyed window
I2026-10-07 11:10:35.990312 ( 3584) [INFO] [VCAMDS] Unregistered window class
I2026-10-07 11:10:35.990312 ( 3584) [INFO] [VCAMDS] NvMxnCltShmConsumer Skip removing app tracker DLL loaded status. Parent source filter is not initialized
I2026-10-07 11:10:37.997541 ( 3584) [INFO] [VCAMDS] Creating WndMsg Listener Window
I2026-10-07 11:10:38.001713 ( 3584) [INFO] [VCAMDS] Destroying parent object
I2026-10-07 11:10:38.002710 ( 3584) [INFO] [VCAMDS] Destroying WndMsg Listener Window
I2026-10-07 11:10:38.002710 ( 3584) [INFO] [VCAMDS] Destroyed window
I2026-10-07 11:10:38.003710 ( 3584) [INFO] [VCAMDS] Unregistered window class
I2026-10-07 11:10:38.003710 ( 3584) [INFO] [VCAMDS] NvMxnCltShmConsumer Skip removing app tracker DLL loaded status. Parent source filter is not initialized
I2026-10-07 11:10:40.008322 ( 3584) [INFO] [VCAMDS] Creating WndMsg Listener Window
I2026-10-07 11:10:40.011322 ( 3584) [INFO] [VCAMDS] Destroying parent object
I2026-10-07 11:10:40.011322 ( 3584) [INFO] [VCAMDS] Destroying WndMsg Listener Window
I2026-10-07 11:10:40.012326 ( 3584) [INFO] [VCAMDS] Destroyed window
I2026-10-07 11:10:40.013321 ( 3584) [INFO] [VCAMDS] Unregistered window class
I2026-10-07 11:10:40.013321 ( 3584) [INFO] [VCAMDS] NvMxnCltShmConsumer Skip removing app tracker DLL loaded status. Parent source filter is not initialized
I2026-10-07 11:10:42.023327 ( 3584) [INFO] [VCAMDS] Creating WndMsg Listener Window
I2026-10-07 11:10:42.028458 ( 3584) [INFO] [VCAMDS] Destroying parent object
I2026-10-07 11:10:42.028458 ( 3584) [INFO] [VCAMDS] Destroying WndMsg Listener Window
I2026-10-07 11:10:42.031456 ( 3584) [INFO] [VCAMDS] Destroyed window
I2026-10-07 11:10:42.031456 ( 3584) [INFO] [VCAMDS] Unregistered window class
I2026-10-07 11:10:42.031456 ( 3584) [INFO] [VCAMDS] NvMxnCltShmConsumer Skip removing app tracker DLL loaded status. Parent source filter is not initialized
I2026-10-07 11:10:44.039187 ( 3584) [INFO] [VCAMDS] Creating WndMsg Listener Window
I2026-10-07 11:10:44.041692 ( 3584) [INFO] [VCAMDS] Destroying parent object
I2026-10-07 11:10:44.041692 ( 3584) [INFO] [VCAMDS] Destroying WndMsg Listener Window
I2026-10-07 11:10:44.043190 ( 3584) [INFO] [VCAMDS] Destroyed window
I2026-10-07 11:10:44.043190 ( 3584) [INFO] [VCAMDS] Unregistered window class
I2026-10-07 11:10:44.043190 ( 3584) [INFO] [VCAMDS] NvMxnCltShmConsumer Skip removing app tracker DLL loaded status. Parent source filter is not initialized
I2026-10-07 11:10:46.049371 ( 3584) [INFO] [VCAMDS] Creating WndMsg Listener Window
I2026-10-07 11:10:46.053439 ( 3584) [INFO] [VCAMDS] Destroying parent object
I2026-10-07 11:10:46.054443 ( 3584) [INFO] [VCAMDS] Destroying WndMsg Listener Window
I2026-10-07 11:10:46.055948 ( 3584) [INFO] [VCAMDS] Destroyed window
I2026-10-07 11:10:46.055948 ( 3584) [INFO] [VCAMDS] Unregistered window class
I2026-10-07 11:10:46.055948 ( 3584) [INFO] [VCAMDS] NvMxnCltShmConsumer Skip removing app tracker DLL loaded status. Parent source filter is not initialized
I2026-10-07 11:10:48.061537 ( 3584) [INFO] [VCAMDS] Creating WndMsg Listener Window
I2026-10-07 11:10:48.064529 ( 3584) [INFO] [VCAMDS] Destroying parent object
I2026-10-07 11:10:48.064529 ( 3584) [INFO] [VCAMDS] Destroying WndMsg Listener Window
I2026-10-07 11:10:48.065529 ( 3584) [INFO] [VCAMDS] Destroyed window
I2026-10-07 11:10:48.065529 ( 3584) [INFO] [VCAMDS] Unregistered window class
I2026-10-07 11:10:48.065529 ( 3584) [INFO] [VCAMDS] NvMxnCltShmConsumer Skip removing app tracker DLL loaded status. Parent source filter is not initialized
I2026-10-07 11:10:50.072289 ( 3584) [INFO] [VCAMDS] Creating WndMsg Listener Window
I2026-10-07 11:10:50.075289 ( 3584) [INFO] [VCAMDS] Destroying parent object
I2026-10-07 11:10:50.076711 ( 3584) [INFO] [VCAMDS] Destroying WndMsg Listener Window
I2026-10-07 11:10:50.079142 ( 3584) [INFO] [VCAMDS] Destroyed window
I2026-10-07 11:10:50.079142 ( 3584) [INFO] [VCAMDS] Unregistered window class
I2026-10-07 11:10:50.079142 ( 3584) [INFO] [VCAMDS] NvMxnCltShmConsumer Skip removing app tracker DLL loaded status. Parent source filter is not initialized
I2026-10-07 11:10:52.087311 ( 3584) [INFO] [VCAMDS] Creating WndMsg Listener Window
I2026-10-07 11:10:52.089310 ( 3584) [INFO] [VCAMDS] Destroying parent object
I2026-10-07 11:10:52.090310 ( 3584) [INFO] [VCAMDS] Destroying WndMsg Listener Window
I2026-10-07 11:10:52.090310 ( 3584) [INFO] [VCAMDS] Destroyed window
I2026-10-07 11:10:52.091310 ( 3584) [INFO] [VCAMDS] Unregistered window class
I2026-10-07 11:10:52.091310 ( 3584) [INFO] [VCAMDS] NvMxnCltShmConsumer Skip removing app tracker DLL loaded status. Parent source filter is not initialized
I2026-10-07 11:10:54.096649 ( 3584) [INFO] [VCAMDS] Creating WndMsg Listener Window
I2026-10-07 11:10:54.099735 ( 3584) [INFO] [VCAMDS] Destroying parent object
I2026-10-07 11:10:54.099735 ( 3584) [INFO] [VCAMDS] Destroying WndMsg Listener Window
I2026-10-07 11:10:54.100734 ( 3584) [INFO] [VCAMDS] Destroyed window
I2026-10-07 11:10:54.100734 ( 3584) [INFO] [VCAMDS] Unregistered window class
I2026-10-07 11:10:54.100734 ( 3584) [INFO] [VCAMDS] NvMxnCltShmConsumer Skip removing app tracker DLL loaded status. Parent source filter is not initialized
I2026-10-07 11:10:56.108356 ( 3584) [INFO] [VCAMDS] Creating WndMsg Listener Window
I2026-10-07 11:10:56.112813 ( 3584) [INFO] [VCAMDS] Destroying parent object
I2026-10-07 11:10:56.113812 ( 3584) [INFO] [VCAMDS] Destroying WndMsg Listener Window
I2026-10-07 11:10:56.115319 ( 3584) [INFO] [VCAMDS] Destroyed window
I2026-10-07 11:10:56.115319 ( 3584) [INFO] [VCAMDS] Unregistered window class
I2026-10-07 11:10:56.115319 ( 3584) [INFO] [VCAMDS] NvMxnCltShmConsumer Skip removing app tracker DLL loaded status. Parent source filter is not initialized
I2026-10-07 11:10:58.124131 ( 3584) [INFO] [VCAMDS] Creating WndMsg Listener Window
I2026-10-07 11:10:58.127658 ( 3584) [INFO] [VCAMDS] Destroying parent object
I2026-10-07 11:10:58.128646 ( 3584) [INFO] [VCAMDS] Destroying WndMsg Listener Window
I2026-10-07 11:10:58.129647 ( 3584) [INFO] [VCAMDS] Destroyed window
I2026-10-07 11:10:58.129647 ( 3584) [INFO] [VCAMDS] Unregistered window class
I2026-10-07 11:10:58.129647 ( 3584) [INFO] [VCAMDS] NvMxnCltShmConsumer Skip removing app tracker DLL loaded status. Parent source filter is not initialized
I2026-10-07 11:11:00.137446 ( 3584) [INFO] [VCAMDS] Creating WndMsg Listener Window
I2026-10-07 11:11:00.141248 ( 3584) [INFO] [VCAMDS] Destroying parent object
I2026-10-07 11:11:00.141248 ( 3584) [INFO] [VCAMDS] Destroying WndMsg Listener Window
I2026-10-07 11:11:00.142249 ( 3584) [INFO] [VCAMDS] Destroyed window
I2026-10-07 11:11:00.142249 ( 3584) [INFO] [VCAMDS] Unregistered window class
I2026-10-07 11:11:00.142249 ( 3584) [INFO] [VCAMDS] NvMxnCltShmConsumer Skip removing app tracker DLL loaded status. Parent source filter is not initialized
I2026-10-07 11:11:02.149585 ( 3584) [INFO] [VCAMDS] Creating WndMsg Listener Window
I2026-10-07 11:11:02.152586 ( 3584) [INFO] [VCAMDS] Destroying parent object
I2026-10-07 11:11:02.152586 ( 3584) [INFO] [VCAMDS] Destroying WndMsg Listener Window
I2026-10-07 11:11:02.153584 ( 3584) [INFO] [VCAMDS] Destroyed window
I2026-10-07 11:11:02.153584 ( 3584) [INFO] [VCAMDS] Unregistered window class
I2026-10-07 11:11:02.153584 ( 3584) [INFO] [VCAMDS] NvMxnCltShmConsumer Skip removing app tracker DLL loaded status. Parent source filter is not initialized
I2026-10-07 11:11:04.158425 ( 3584) [INFO] [VCAMDS] Creating WndMsg Listener Window
I2026-10-07 11:11:04.171698 ( 3584) [INFO] [VCAMDS] Destroying parent object
I2026-10-07 11:11:04.171698 ( 3584) [INFO] [VCAMDS] Destroying WndMsg Listener Window
I2026-10-07 11:11:04.172698 ( 3584) [INFO] [VCAMDS] Destroyed window
I2026-10-07 11:11:04.172698 ( 3584) [INFO] [VCAMDS] Unregistered window class
I2026-10-07 11:11:04.172698 ( 3584) [INFO] [VCAMDS] NvMxnCltShmConsumer Skip removing app tracker DLL loaded status. Parent source filter is not initialized
I2026-10-07 11:11:06.178575 ( 3584) [INFO] [VCAMDS] Creating WndMsg Listener Window
I2026-10-07 11:11:06.181584 ( 3584) [INFO] [VCAMDS] Destroying parent object
I2026-10-07 11:11:06.181584 ( 3584) [INFO] [VCAMDS] Destroying WndMsg Listener Window
I2026-10-07 11:11:06.182575 ( 3584) [INFO] [VCAMDS] Destroyed window
I2026-10-07 11:11:06.182575 ( 3584) [INFO] [VCAMDS] Unregistered window class
I2026-10-07 11:11:06.182575 ( 3584) [INFO] [VCAMDS] NvMxnCltShmConsumer Skip removing app tracker DLL loaded status. Parent source filter is not initialized
I2026-10-07 11:11:08.188231 ( 3584) [INFO] [VCAMDS] Creating WndMsg Listener Window
I2026-10-07 11:11:08.190240 ( 3584) [INFO] [VCAMDS] Destroying parent object
I2026-10-07 11:11:08.191239 ( 3584) [INFO] [VCAMDS] Destroying WndMsg Listener Window
I2026-10-07 11:11:08.193231 ( 3584) [INFO] [VCAMDS] Destroyed window
I2026-10-07 11:11:08.193231 ( 3584) [INFO] [VCAMDS] Unregistered window class
I2026-10-07 11:11:08.193231 ( 3584) [INFO] [VCAMDS] NvMxnCltShmConsumer Skip removing app tracker DLL loaded status. Parent source filter is not initialized
I2026-10-07 11:11:10.200052 ( 3584) [INFO] [VCAMDS] Creating WndMsg Listener Window
I2026-10-07 11:11:10.212795 ( 3584) [INFO] [VCAMDS] Destroying parent object
I2026-10-07 11:11:10.212795 ( 3584) [INFO] [VCAMDS] Destroying WndMsg Listener Window
I2026-10-07 11:11:10.213907 ( 3584) [INFO] [VCAMDS] Destroyed window
I2026-10-07 11:11:10.213907 ( 3584) [INFO] [VCAMDS] Unregistered window class
I2026-10-07 11:11:10.213907 ( 3584) [INFO] [VCAMDS] NvMxnCltShmConsumer Skip removing app tracker DLL loaded status. Parent source filter is not initialized
I2026-10-07 11:11:12.221424 ( 3584) [INFO] [VCAMDS] Creating WndMsg Listener Window
I2026-10-07 11:11:12.227946 ( 3584) [INFO] [VCAMDS] Destroying parent object
I2026-10-07 11:11:12.227946 ( 3584) [INFO] [VCAMDS] Destroying WndMsg Listener Window
I2026-10-07 11:11:12.230978 ( 3584) [INFO] [VCAMDS] Destroyed window
I2026-10-07 11:11:12.230978 ( 3584) [INFO] [VCAMDS] Unregistered window class
I2026-10-07 11:11:12.230978 ( 3584) [INFO] [VCAMDS] NvMxnCltShmConsumer Skip removing app tracker DLL loaded status. Parent source filter is not initialized
I2026-10-07 11:11:14.237502 ( 3584) [INFO] [VCAMDS] Creating WndMsg Listener Window
I2026-10-07 11:11:14.251719 ( 3584) [INFO] [VCAMDS] Destroying parent object
I2026-10-07 11:11:14.251719 ( 3584) [INFO] [VCAMDS] Destroying WndMsg Listener Window
I2026-10-07 11:11:14.252712 ( 3584) [INFO] [VCAMDS] Destroyed window
I2026-10-07 11:11:14.252712 ( 3584) [INFO] [VCAMDS] Unregistered window class
I2026-10-07 11:11:14.252712 ( 3584) [INFO] [VCAMDS] NvMxnCltShmConsumer Skip removing app tracker DLL loaded status. Parent source filter is not initialized
I2026-10-07 11:11:16.258342 ( 3584) [INFO] [VCAMDS] Creating WndMsg Listener Window
I2026-10-07 11:11:16.261343 ( 3584) [INFO] [VCAMDS] Destroying parent object
I2026-10-07 11:11:16.261343 ( 3584) [INFO] [VCAMDS] Destroying WndMsg Listener Window
I2026-10-07 11:11:16.262342 ( 3584) [INFO] [VCAMDS] Destroyed window
I2026-10-07 11:11:16.262342 ( 3584) [INFO] [VCAMDS] Unregistered window class
I2026-10-07 11:11:16.262342 ( 3584) [INFO] [VCAMDS] NvMxnCltShmConsumer Skip removing app tracker DLL loaded status. Parent source filter is not initialized
I2026-10-07 11:11:18.267762 ( 3584) [INFO] [VCAMDS] Creating WndMsg Listener Window
I2026-10-07 11:11:18.310559 ( 3584) [INFO] [VCAMDS] Destroying parent object
I2026-10-07 11:11:18.311565 ( 3584) [INFO] [VCAMDS] Destroying WndMsg Listener Window
I2026-10-07 11:11:18.311565 ( 3584) [INFO] [VCAMDS] Destroyed window
I2026-10-07 11:11:18.312564 ( 3584) [INFO] [VCAMDS] Unregistered window class
I2026-10-07 11:11:18.312564 ( 3584) [INFO] [VCAMDS] NvMxnCltShmConsumer Skip removing app tracker DLL loaded status. Parent source filter is not initialized
I2026-10-07 11:11:20.317529 ( 3584) [INFO] [VCAMDS] Creating WndMsg Listener Window
I2026-10-07 11:11:20.320587 ( 3584) [INFO] [VCAMDS] Destroying parent object
I2026-10-07 11:11:20.321578 ( 3584) [INFO] [VCAMDS] Destroying WndMsg Listener Window
I2026-10-07 11:11:20.321578 ( 3584) [INFO] [VCAMDS] Destroyed window
I2026-10-07 11:11:20.322578 ( 3584) [INFO] [VCAMDS] Unregistered window class
I2026-10-07 11:11:20.322578 ( 3584) [INFO] [VCAMDS] NvMxnCltShmConsumer Skip removing app tracker DLL loaded status. Parent source filter is not initialized
I2026-10-07 11:11:22.328393 ( 3584) [INFO] [VCAMDS] Creating WndMsg Listener Window
I2026-10-07 11:11:22.331825 ( 3584) [INFO] [VCAMDS] Destroying parent object
I2026-10-07 11:11:22.331825 ( 3584) [INFO] [VCAMDS] Destroying WndMsg Listener Window
I2026-10-07 11:11:22.333074 ( 3584) [INFO] [VCAMDS] Destroyed window
I2026-10-07 11:11:22.333074 ( 3584) [INFO] [VCAMDS] Unregistered window class
I2026-10-07 11:11:22.333074 ( 3584) [INFO] [VCAMDS] NvMxnCltShmConsumer Skip removing app tracker DLL loaded status. Parent source filter is not initialized
I2026-10-07 11:11:24.338236 ( 3584) [INFO] [VCAMDS] Creating WndMsg Listener Window
I2026-10-07 11:11:24.341236 ( 3584) [INFO] [VCAMDS] Destroying parent object
I2026-10-07 11:11:24.341236 ( 3584) [INFO] [VCAMDS] Destroying WndMsg Listener Window
I2026-10-07 11:11:24.342235 ( 3584) [INFO] [VCAMDS] Destroyed window
I2026-10-07 11:11:24.342235 ( 3584) [INFO] [VCAMDS] Unregistered window class
I2026-10-07 11:11:24.342235 ( 3584) [INFO] [VCAMDS] NvMxnCltShmConsumer Skip removing app tracker DLL loaded status. Parent source filter is not initialized
I2026-10-07 11:11:26.348610 ( 3584) [INFO] [VCAMDS] Creating WndMsg Listener Window
I2026-10-07 11:11:26.360481 ( 3584) [INFO] [VCAMDS] Destroying parent object
I2026-10-07 11:11:26.360481 ( 3584) [INFO] [VCAMDS] Destroying WndMsg Listener Window
I2026-10-07 11:11:26.361479 ( 3584) [INFO] [VCAMDS] Destroyed window
I2026-10-07 11:11:26.361479 ( 3584) [INFO] [VCAMDS] Unregistered window class
I2026-10-07 11:11:26.361479 ( 3584) [INFO] [VCAMDS] NvMxnCltShmConsumer Skip removing app tracker DLL loaded status. Parent source filter is not initialized
I2026-10-07 11:11:28.370507 ( 3584) [INFO] [VCAMDS] Creating WndMsg Listener Window
I2026-10-07 11:11:28.374506 ( 3584) [INFO] [VCAMDS] Destroying parent object
I2026-10-07 11:11:28.375505 ( 3584) [INFO] [VCAMDS] Destroying WndMsg Listener Window
I2026-10-07 11:11:28.376627 ( 3584) [INFO] [VCAMDS] Destroyed window
I2026-10-07 11:11:28.377629 ( 3584) [INFO] [VCAMDS] Unregistered window class
I2026-10-07 11:11:28.377629 ( 3584) [INFO] [VCAMDS] NvMxnCltShmConsumer Skip removing app tracker DLL loaded status. Parent source filter is not initialized
I2026-10-07 11:11:30.383592 ( 3584) [INFO] [VCAMDS] Creating WndMsg Listener Window
I2026-10-07 11:11:30.386112 ( 3584) [INFO] [VCAMDS] Destroying parent object
I2026-10-07 11:11:30.387290 ( 3584) [INFO] [VCAMDS] Destroying WndMsg Listener Window
I2026-10-07 11:11:30.387290 ( 3584) [INFO] [VCAMDS] Destroyed window
I2026-10-07 11:11:30.388295 ( 3584) [INFO] [VCAMDS] Unregistered window class
I2026-10-07 11:11:30.388295 ( 3584) [INFO] [VCAMDS] NvMxnCltShmConsumer Skip removing app tracker DLL loaded status. Parent source filter is not initialized
I2026-10-07 11:11:32.394330 ( 3584) [INFO] [VCAMDS] Creating WndMsg Listener Window
I2026-10-07 11:11:32.397847 ( 3584) [INFO] [VCAMDS] Destroying parent object
I2026-10-07 11:11:32.398847 ( 3584) [INFO] [VCAMDS] Destroying WndMsg Listener Window
I2026-10-07 11:11:32.399847 ( 3584) [INFO] [VCAMDS] Destroyed window
I2026-10-07 11:11:32.399847 ( 3584) [INFO] [VCAMDS] Unregistered window class
I2026-10-07 11:11:32.399847 ( 3584) [INFO] [VCAMDS] NvMxnCltShmConsumer Skip removing app tracker DLL loaded status. Parent source filter is not initialized
I2026-10-07 11:11:34.405427 ( 3584) [INFO] [VCAMDS] Creating WndMsg Listener Window
I2026-10-07 11:11:34.407431 ( 3584) [INFO] [VCAMDS] Destroying parent object
I2026-10-07 11:11:34.407431 ( 3584) [INFO] [VCAMDS] Destroying WndMsg Listener Window
I2026-10-07 11:11:34.408432 ( 3584) [INFO] [VCAMDS] Destroyed window
I2026-10-07 11:11:34.408432 ( 3584) [INFO] [VCAMDS] Unregistered window class
I2026-10-07 11:11:34.408432 ( 3584) [INFO] [VCAMDS] NvMxnCltShmConsumer Skip removing app tracker DLL loaded status. Parent source filter is not initialized
I2026-10-07 11:11:36.414263 ( 3584) [INFO] [VCAMDS] Creating WndMsg Listener Window
I2026-10-07 11:11:36.417338 ( 3584) [INFO] [VCAMDS] Destroying parent object
I2026-10-07 11:11:36.417338 ( 3584) [INFO] [VCAMDS] Destroying WndMsg Listener Window
I2026-10-07 11:11:36.418339 ( 3584) [INFO] [VCAMDS] Destroyed window
I2026-10-07 11:11:36.418339 ( 3584) [INFO] [VCAMDS] Unregistered window class
I2026-10-07 11:11:36.418339 ( 3584) [INFO] [VCAMDS] NvMxnCltShmConsumer Skip removing app tracker DLL loaded status. Parent source filter is not initialized
I2026-10-07 11:11:38.423156 ( 3584) [INFO] [VCAMDS] Creating WndMsg Listener Window
I2026-10-07 11:11:38.428673 ( 3584) [INFO] [VCAMDS] Destroying parent object
I2026-10-07 11:11:38.429674 ( 3584) [INFO] [VCAMDS] Destroying WndMsg Listener Window
I2026-10-07 11:11:38.430673 ( 3584) [INFO] [VCAMDS] Destroyed window
I2026-10-07 11:11:38.430673 ( 3584) [INFO] [VCAMDS] Unregistered window class
I2026-10-07 11:11:38.430673 ( 3584) [INFO] [VCAMDS] NvMxnCltShmConsumer Skip removing app tracker DLL loaded status. Parent source filter is not initialized
I2026-10-07 11:11:40.435592 ( 3584) [INFO] [VCAMDS] Creating WndMsg Listener Window
I2026-10-07 11:11:40.438666 ( 3584) [INFO] [VCAMDS] Destroying parent object
I2026-10-07 11:11:40.442667 ( 3584) [INFO] [VCAMDS] Destroying WndMsg Listener Window
I2026-10-07 11:11:40.443665 ( 3584) [INFO] [VCAMDS] Destroyed window
I2026-10-07 11:11:40.443665 ( 3584) [INFO] [VCAMDS] Unregistered window class
I2026-10-07 11:11:40.443665 ( 3584) [INFO] [VCAMDS] NvMxnCltShmConsumer Skip removing app tracker DLL loaded status. Parent source filter is not initialized
I2026-10-07 11:11:42.449268 ( 3584) [INFO] [VCAMDS] Creating WndMsg Listener Window
I2026-10-07 11:11:42.452266 ( 3584) [INFO] [VCAMDS] Destroying parent object
I2026-10-07 11:11:42.452266 ( 3584) [INFO] [VCAMDS] Destroying WndMsg Listener Window
I2026-10-07 11:11:42.453266 ( 3584) [INFO] [VCAMDS] Destroyed window
I2026-10-07 11:11:42.453266 ( 3584) [INFO] [VCAMDS] Unregistered window class
I2026-10-07 11:11:42.453266 ( 3584) [INFO] [VCAMDS] NvMxnCltShmConsumer Skip removing app tracker DLL loaded status. Parent source filter is not initialized
I2026-10-07 11:11:44.459496 ( 3584) [INFO] [VCAMDS] Creating WndMsg Listener Window
I2026-10-07 11:11:44.467792 ( 3584) [INFO] [VCAMDS] Destroying parent object
I2026-10-07 11:11:44.467792 ( 3584) [INFO] [VCAMDS] Destroying WndMsg Listener Window
I2026-10-07 11:11:44.468791 ( 3584) [INFO] [VCAMDS] Destroyed window
I2026-10-07 11:11:44.468791 ( 3584) [INFO] [VCAMDS] Unregistered window class
I2026-10-07 11:11:44.468791 ( 3584) [INFO] [VCAMDS] NvMxnCltShmConsumer Skip removing app tracker DLL loaded status. Parent source filter is not initialized
I2026-10-07 11:11:46.474354 ( 3584) [INFO] [VCAMDS] Creating WndMsg Listener Window
I2026-10-07 11:11:46.476882 ( 3584) [INFO] [VCAMDS] Destroying parent object
I2026-10-07 11:11:46.483042 ( 3584) [INFO] [VCAMDS] Destroying WndMsg Listener Window
I2026-10-07 11:11:46.484040 ( 3584) [INFO] [VCAMDS] Destroyed window
I2026-10-07 11:11:46.484040 ( 3584) [INFO] [VCAMDS] Unregistered window class
I2026-10-07 11:11:46.484040 ( 3584) [INFO] [VCAMDS] NvMxnCltShmConsumer Skip removing app tracker DLL loaded status. Parent source filter is not initialized
I2026-10-07 11:11:48.489346 ( 3584) [INFO] [VCAMDS] Creating WndMsg Listener Window
I2026-10-07 11:11:48.492470 ( 3584) [INFO] [VCAMDS] Destroying parent object
I2026-10-07 11:11:48.492470 ( 3584) [INFO] [VCAMDS] Destroying WndMsg Listener Window
I2026-10-07 11:11:48.493465 ( 3584) [INFO] [VCAMDS] Destroyed window
I2026-10-07 11:11:48.493465 ( 3584) [INFO] [VCAMDS] Unregistered window class
I2026-10-07 11:11:48.493465 ( 3584) [INFO] [VCAMDS] NvMxnCltShmConsumer Skip removing app tracker DLL loaded status. Parent source filter is not initialized
I2026-10-07 11:11:50.499325 ( 3584) [INFO] [VCAMDS] Creating WndMsg Listener Window
I2026-10-07 11:11:50.500782 ( 3584) [INFO] [VCAMDS] Destroying parent object
I2026-10-07 11:11:50.501972 ( 3584) [INFO] [VCAMDS] Destroying WndMsg Listener Window
I2026-10-07 11:11:50.502978 ( 3584) [INFO] [VCAMDS] Destroyed window
I2026-10-07 11:11:50.502978 ( 3584) [INFO] [VCAMDS] Unregistered window class
I2026-10-07 11:11:50.502978 ( 3584) [INFO] [VCAMDS] NvMxnCltShmConsumer Skip removing app tracker DLL loaded status. Parent source filter is not initialized
I2026-10-07 11:11:52.508670 ( 3584) [INFO] [VCAMDS] Creating WndMsg Listener Window
I2026-10-07 11:11:52.512658 ( 3584) [INFO] [VCAMDS] Destroying parent object
I2026-10-07 11:11:52.513659 ( 3584) [INFO] [VCAMDS] Destroying WndMsg Listener Window
I2026-10-07 11:11:52.513659 ( 3584) [INFO] [VCAMDS] Destroyed window
I2026-10-07 11:11:52.513659 ( 3584) [INFO] [VCAMDS] Unregistered window class
I2026-10-07 11:11:52.515259 ( 3584) [INFO] [VCAMDS] NvMxnCltShmConsumer Skip removing app tracker DLL loaded status. Parent source filter is not initialized
I2026-10-07 11:11:54.520709 ( 3584) [INFO] [VCAMDS] Creating WndMsg Listener Window
I2026-10-07 11:11:54.524143 ( 3584) [INFO] [VCAMDS] Destroying parent object
I2026-10-07 11:11:54.528179 ( 3584) [INFO] [VCAMDS] Destroying WndMsg Listener Window
I2026-10-07 11:11:54.529181 ( 3584) [INFO] [VCAMDS] Destroyed window
I2026-10-07 11:11:54.529181 ( 3584) [INFO] [VCAMDS] Unregistered window class
I2026-10-07 11:11:54.529181 ( 3584) [INFO] [VCAMDS] NvMxnCltShmConsumer Skip removing app tracker DLL loaded status. Parent source filter is not initialized
I2026-10-07 11:11:56.534237 ( 3584) [INFO] [VCAMDS] Creating WndMsg Listener Window
I2026-10-07 11:11:56.538276 ( 3584) [INFO] [VCAMDS] Destroying parent object
I2026-10-07 11:11:56.538276 ( 3584) [INFO] [VCAMDS] Destroying WndMsg Listener Window
I2026-10-07 11:11:56.539269 ( 3584) [INFO] [VCAMDS] Destroyed window
I2026-10-07 11:11:56.539269 ( 3584) [INFO] [VCAMDS] Unregistered window class
I2026-10-07 11:11:56.539269 ( 3584) [INFO] [VCAMDS] NvMxnCltShmConsumer Skip removing app tracker DLL loaded status. Parent source filter is not initialized
I2026-10-07 11:11:58.545184 ( 3584) [INFO] [VCAMDS] Creating WndMsg Listener Window
I2026-10-07 11:11:58.548198 ( 3584) [INFO] [VCAMDS] Destroying parent object
I2026-10-07 11:11:58.548198 ( 3584) [INFO] [VCAMDS] Destroying WndMsg Listener Window
I2026-10-07 11:11:58.549197 ( 3584) [INFO] [VCAMDS] Destroyed window
I2026-10-07 11:11:58.549197 ( 3584) [INFO] [VCAMDS] Unregistered window class
I2026-10-07 11:11:58.549197 ( 3584) [INFO] [VCAMDS] NvMxnCltShmConsumer Skip removing app tracker DLL loaded status. Parent source filter is not initialized
I2026-10-07 11:12:00.555240 ( 3584) [INFO] [VCAMDS] Creating WndMsg Listener Window
I2026-10-07 11:12:00.557410 ( 3584) [INFO] [VCAMDS] Destroying parent object
I2026-10-07 11:12:00.558399 ( 3584) [INFO] [VCAMDS] Destroying WndMsg Listener Window
I2026-10-07 11:12:00.558399 ( 3584) [INFO] [VCAMDS] Destroyed window
I2026-10-07 11:12:00.559399 ( 3584) [INFO] [VCAMDS] Unregistered window class
I2026-10-07 11:12:00.559399 ( 3584) [INFO] [VCAMDS] NvMxnCltShmConsumer Skip removing app tracker DLL loaded status. Parent source filter is not initialized
I2026-10-07 11:12:02.564425 ( 3584) [INFO] [VCAMDS] Creating WndMsg Listener Window
I2026-10-07 11:12:02.571954 ( 3584) [INFO] [VCAMDS] Destroying parent object
I2026-10-07 11:12:02.571954 ( 3584) [INFO] [VCAMDS] Destroying WndMsg Listener Window
I2026-10-07 11:12:02.572947 ( 3584) [INFO] [VCAMDS] Destroyed window
I2026-10-07 11:12:02.572947 ( 3584) [INFO] [VCAMDS] Unregistered window class
I2026-10-07 11:12:02.572947 ( 3584) [INFO] [VCAMDS] NvMxnCltShmConsumer Skip removing app tracker DLL loaded status. Parent source filter is not initialized
I2026-10-07 11:12:04.580765 ( 3584) [INFO] [VCAMDS] Creating WndMsg Listener Window
I2026-10-07 11:12:04.583767 ( 3584) [INFO] [VCAMDS] Destroying parent object
I2026-10-07 11:12:04.583767 ( 3584) [INFO] [VCAMDS] Destroying WndMsg Listener Window
I2026-10-07 11:12:04.587374 ( 3584) [INFO] [VCAMDS] Destroyed window
I2026-10-07 11:12:04.587374 ( 3584) [INFO] [VCAMDS] Unregistered window class
I2026-10-07 11:12:04.587374 ( 3584) [INFO] [VCAMDS] NvMxnCltShmConsumer Skip removing app tracker DLL loaded status. Parent source filter is not initialized
I2026-10-07 11:12:06.595574 ( 3584) [INFO] [VCAMDS] Creating WndMsg Listener Window
I2026-10-07 11:12:06.597579 ( 3584) [INFO] [VCAMDS] Destroying parent object
I2026-10-07 11:12:06.597579 ( 3584) [INFO] [VCAMDS] Destroying WndMsg Listener Window
I2026-10-07 11:12:06.598579 ( 3584) [INFO] [VCAMDS] Destroyed window
I2026-10-07 11:12:06.598579 ( 3584) [INFO] [VCAMDS] Unregistered window class
I2026-10-07 11:12:06.598579 ( 3584) [INFO] [VCAMDS] NvMxnCltShmConsumer Skip removing app tracker DLL loaded status. Parent source filter is not initialized
I2026-10-07 11:12:08.604305 ( 3584) [INFO] [VCAMDS] Creating WndMsg Listener Window
I2026-10-07 11:12:08.606827 ( 3584) [INFO] [VCAMDS] Destroying parent object
I2026-10-07 11:12:08.607826 ( 3584) [INFO] [VCAMDS] Destroying WndMsg Listener Window
I2026-10-07 11:12:08.608825 ( 3584) [INFO] [VCAMDS] Destroyed window
I2026-10-07 11:12:08.608825 ( 3584) [INFO] [VCAMDS] Unregistered window class
I2026-10-07 11:12:08.608825 ( 3584) [INFO] [VCAMDS] NvMxnCltShmConsumer Skip removing app tracker DLL loaded status. Parent source filter is not initialized
I2026-10-07 11:12:10.615191 ( 3584) [INFO] [VCAMDS] Creating WndMsg Listener Window
I2026-10-07 11:12:10.618508 ( 3584) [INFO] [VCAMDS] Destroying parent object
I2026-10-07 11:12:10.618508 ( 3584) [INFO] [VCAMDS] Destroying WndMsg Listener Window
I2026-10-07 11:12:10.619498 ( 3584) [INFO] [VCAMDS] Destroyed window
I2026-10-07 11:12:10.620499 ( 3584) [INFO] [VCAMDS] Unregistered window class
I2026-10-07 11:12:10.620499 ( 3584) [INFO] [VCAMDS] NvMxnCltShmConsumer Skip removing app tracker DLL loaded status. Parent source filter is not initialized
I2026-10-07 11:12:12.628561 ( 3584) [INFO] [VCAMDS] Creating WndMsg Listener Window
I2026-10-07 11:12:12.642357 ( 3584) [INFO] [VCAMDS] Destroying parent object
I2026-10-07 11:12:12.642357 ( 3584) [INFO] [VCAMDS] Destroying WndMsg Listener Window
I2026-10-07 11:12:12.643357 ( 3584) [INFO] [VCAMDS] Destroyed window
I2026-10-07 11:12:12.643357 ( 3584) [INFO] [VCAMDS] Unregistered window class
I2026-10-07 11:12:12.643357 ( 3584) [INFO] [VCAMDS] NvMxnCltShmConsumer Skip removing app tracker DLL loaded status. Parent source filter is not initialized
I2026-10-07 11:12:14.651346 ( 3584) [INFO] [VCAMDS] Creating WndMsg Listener Window
I2026-10-07 11:12:14.654419 ( 3584) [INFO] [VCAMDS] Destroying parent object
I2026-10-07 11:12:14.654419 ( 3584) [INFO] [VCAMDS] Destroying WndMsg Listener Window
I2026-10-07 11:12:14.655411 ( 3584) [INFO] [VCAMDS] Destroyed window
I2026-10-07 11:12:14.655411 ( 3584) [INFO] [VCAMDS] Unregistered window class
I2026-10-07 11:12:14.655411 ( 3584) [INFO] [VCAMDS] NvMxnCltShmConsumer Skip removing app tracker DLL loaded status. Parent source filter is not initialized
I2026-10-07 11:12:16.660545 ( 3584) [INFO] [VCAMDS] Creating WndMsg Listener Window
I2026-10-07 11:12:16.665165 ( 3584) [INFO] [VCAMDS] Destroying parent object
I2026-10-07 11:12:16.666177 ( 3584) [INFO] [VCAMDS] Destroying WndMsg Listener Window
I2026-10-07 11:12:16.667178 ( 3584) [INFO] [VCAMDS] Destroyed window
I2026-10-07 11:12:16.667178 ( 3584) [INFO] [VCAMDS] Unregistered window class
I2026-10-07 11:12:16.667178 ( 3584) [INFO] [VCAMDS] NvMxnCltShmConsumer Skip removing app tracker DLL loaded status. Parent source filter is not initialized
I2026-10-07 11:12:18.672672 ( 3584) [INFO] [VCAMDS] Creating WndMsg Listener Window
I2026-10-07 11:12:18.675184 ( 3584) [INFO] [VCAMDS] Destroying parent object
I2026-10-07 11:12:18.675184 ( 3584) [INFO] [VCAMDS] Destroying WndMsg Listener Window
I2026-10-07 11:12:18.676193 ( 3584) [INFO] [VCAMDS] Destroyed window
I2026-10-07 11:12:18.676193 ( 3584) [INFO] [VCAMDS] Unregistered window class
I2026-10-07 11:12:18.676193 ( 3584) [INFO] [VCAMDS] NvMxnCltShmConsumer Skip removing app tracker DLL loaded status. Parent source filter is not initialized
I2026-10-07 11:12:20.682855 ( 3584) [INFO] [VCAMDS] Creating WndMsg Listener Window
I2026-10-07 11:12:20.697494 ( 3584) [INFO] [VCAMDS] Destroying parent object
I2026-10-07 11:12:20.698494 ( 3584) [INFO] [VCAMDS] Destroying WndMsg Listener Window
I2026-10-07 11:12:20.698494 ( 3584) [INFO] [VCAMDS] Destroyed window
I2026-10-07 11:12:20.699493 ( 3584) [INFO] [VCAMDS] Unregistered window class
I2026-10-07 11:12:20.699493 ( 3584) [INFO] [VCAMDS] NvMxnCltShmConsumer Skip removing app tracker DLL loaded status. Parent source filter is not initialized
I2026-10-07 11:12:22.705523 ( 3584) [INFO] [VCAMDS] Creating WndMsg Listener Window
I2026-10-07 11:12:22.708582 ( 3584) [INFO] [VCAMDS] Destroying parent object
I2026-10-07 11:12:22.708582 ( 3584) [INFO] [VCAMDS] Destroying WndMsg Listener Window
I2026-10-07 11:12:22.709581 ( 3584) [INFO] [VCAMDS] Destroyed window
I2026-10-07 11:12:22.709581 ( 3584) [INFO] [VCAMDS] Unregistered window class
I2026-10-07 11:12:22.709581 ( 3584) [INFO] [VCAMDS] NvMxnCltShmConsumer Skip removing app tracker DLL loaded status. Parent source filter is not initialized
I2026-10-07 11:12:24.715518 ( 3584) [INFO] [VCAMDS] Creating WndMsg Listener Window
I2026-10-07 11:12:24.717764 ( 3584) [INFO] [VCAMDS] Destroying parent object
I2026-10-07 11:12:24.718765 ( 3584) [INFO] [VCAMDS] Destroying WndMsg Listener Window
I2026-10-07 11:12:24.719765 ( 3584) [INFO] [VCAMDS] Destroyed window
I2026-10-07 11:12:24.719765 ( 3584) [INFO] [VCAMDS] Unregistered window class
I2026-10-07 11:12:24.719765 ( 3584) [INFO] [VCAMDS] NvMxnCltShmConsumer Skip removing app tracker DLL loaded status. Parent source filter is not initialized
I2026-10-07 11:12:26.726426 ( 3584) [INFO] [VCAMDS] Creating WndMsg Listener Window
I2026-10-07 11:12:26.730508 ( 3584) [INFO] [VCAMDS] Destroying parent object
I2026-10-07 11:12:26.731513 ( 3584) [INFO] [VCAMDS] Destroying WndMsg Listener Window
I2026-10-07 11:12:26.731513 ( 3584) [INFO] [VCAMDS] Destroyed window
I2026-10-07 11:12:26.731513 ( 3584) [INFO] [VCAMDS] Unregistered window class
I2026-10-07 11:12:26.732513 ( 3584) [INFO] [VCAMDS] NvMxnCltShmConsumer Skip removing app tracker DLL loaded status. Parent source filter is not initialized
I2026-10-07 11:12:28.737419 ( 3584) [INFO] [VCAMDS] Creating WndMsg Listener Window
I2026-10-07 11:12:28.739424 ( 3584) [INFO] [VCAMDS] Destroying parent object
I2026-10-07 11:12:28.746460 ( 3584) [INFO] [VCAMDS] Destroying WndMsg Listener Window
I2026-10-07 11:12:28.747460 ( 3584) [INFO] [VCAMDS] Destroyed window
I2026-10-07 11:12:28.747460 ( 3584) [INFO] [VCAMDS] Unregistered window class
I2026-10-07 11:12:28.747460 ( 3584) [INFO] [VCAMDS] NvMxnCltShmConsumer Skip removing app tracker DLL loaded status. Parent source filter is not initialized
I2026-10-07 11:12:30.753154 ( 3584) [INFO] [VCAMDS] Creating WndMsg Listener Window
I2026-10-07 11:12:30.761873 ( 3584) [INFO] [VCAMDS] Destroying parent object
I2026-10-07 11:12:30.761873 ( 3584) [INFO] [VCAMDS] Destroying WndMsg Listener Window
I2026-10-07 11:12:30.762871 ( 3584) [INFO] [VCAMDS] Destroyed window
I2026-10-07 11:12:30.762871 ( 3584) [INFO] [VCAMDS] Unregistered window class
I2026-10-07 11:12:30.762871 ( 3584) [INFO] [VCAMDS] NvMxnCltShmConsumer Skip removing app tracker DLL loaded status. Parent source filter is not initialized
I2026-10-07 11:12:32.769654 ( 3584) [INFO] [VCAMDS] Creating WndMsg Listener Window
I2026-10-07 11:12:32.782285 ( 3584) [INFO] [VCAMDS] Destroying parent object
I2026-10-07 11:12:32.783293 ( 3584) [INFO] [VCAMDS] Destroying WndMsg Listener Window
I2026-10-07 11:12:32.783293 ( 3584) [INFO] [VCAMDS] Destroyed window
I2026-10-07 11:12:32.784298 ( 3584) [INFO] [VCAMDS] Unregistered window class
I2026-10-07 11:12:32.784298 ( 3584) [INFO] [VCAMDS] NvMxnCltShmConsumer Skip removing app tracker DLL loaded status. Parent source filter is not initialized
I2026-10-07 11:12:34.789836 ( 3584) [INFO] [VCAMDS] Creating WndMsg Listener Window
I2026-10-07 11:12:34.792834 ( 3584) [INFO] [VCAMDS] Destroying parent object
I2026-10-07 11:12:34.792834 ( 3584) [INFO] [VCAMDS] Destroying WndMsg Listener Window
I2026-10-07 11:12:34.793826 ( 3584) [INFO] [VCAMDS] Destroyed window
I2026-10-07 11:12:34.793826 ( 3584) [INFO] [VCAMDS] Unregistered window class
I2026-10-07 11:12:34.793826 ( 3584) [INFO] [VCAMDS] NvMxnCltShmConsumer Skip removing app tracker DLL loaded status. Parent source filter is not initialized
I2026-10-07 11:12:36.799520 ( 3584) [INFO] [VCAMDS] Creating WndMsg Listener Window
I2026-10-07 11:12:36.804440 ( 3584) [INFO] [VCAMDS] Destroying parent object
I2026-10-07 11:12:36.804440 ( 3584) [INFO] [VCAMDS] Destroying WndMsg Listener Window
I2026-10-07 11:12:36.805441 ( 3584) [INFO] [VCAMDS] Destroyed window
I2026-10-07 11:12:36.806603 ( 3584) [INFO] [VCAMDS] Unregistered window class
I2026-10-07 11:12:36.806603 ( 3584) [INFO] [VCAMDS] NvMxnCltShmConsumer Skip removing app tracker DLL loaded status. Parent source filter is not initialized
I2026-10-07 11:12:38.811553 ( 3584) [INFO] [VCAMDS] Creating WndMsg Listener Window
I2026-10-07 11:12:38.815562 ( 3584) [INFO] [VCAMDS] Destroying parent object
I2026-10-07 11:12:38.819746 ( 3584) [INFO] [VCAMDS] Destroying WndMsg Listener Window
I2026-10-07 11:12:38.819746 ( 3584) [INFO] [VCAMDS] Destroyed window
I2026-10-07 11:12:38.820747 ( 3584) [INFO] [VCAMDS] Unregistered window class
I2026-10-07 11:12:38.820747 ( 3584) [INFO] [VCAMDS] NvMxnCltShmConsumer Skip removing app tracker DLL loaded status. Parent source filter is not initialized
I2026-10-07 11:12:40.827044 ( 3584) [INFO] [VCAMDS] Creating WndMsg Listener Window
I2026-10-07 11:12:40.831040 ( 3584) [INFO] [VCAMDS] Destroying parent object
I2026-10-07 11:12:40.832041 ( 3584) [INFO] [VCAMDS] Destroying WndMsg Listener Window
I2026-10-07 11:12:40.833041 ( 3584) [INFO] [VCAMDS] Destroyed window
I2026-10-07 11:12:40.833041 ( 3584) [INFO] [VCAMDS] Unregistered window class
I2026-10-07 11:12:40.833041 ( 3584) [INFO] [VCAMDS] NvMxnCltShmConsumer Skip removing app tracker DLL loaded status. Parent source filter is not initialized
I2026-10-07 11:12:42.839610 ( 3584) [INFO] [VCAMDS] Creating WndMsg Listener Window
I2026-10-07 11:12:42.847682 ( 3584) [INFO] [VCAMDS] Destroying parent object
I2026-10-07 11:12:42.847682 ( 3584) [INFO] [VCAMDS] Destroying WndMsg Listener Window
I2026-10-07 11:12:42.848673 ( 3584) [INFO] [VCAMDS] Destroyed window
I2026-10-07 11:12:42.849674 ( 3584) [INFO] [VCAMDS] Unregistered window class
I2026-10-07 11:12:42.849674 ( 3584) [INFO] [VCAMDS] NvMxnCltShmConsumer Skip removing app tracker DLL loaded status. Parent source filter is not initialized
I2026-10-07 11:12:44.855345 ( 3584) [INFO] [VCAMDS] Creating WndMsg Listener Window
I2026-10-07 11:12:44.858736 ( 3584) [INFO] [VCAMDS] Destroying parent object
I2026-10-07 11:12:44.859740 ( 3584) [INFO] [VCAMDS] Destroying WndMsg Listener Window
I2026-10-07 11:12:44.859740 ( 3584) [INFO] [VCAMDS] Destroyed window
I2026-10-07 11:12:44.860739 ( 3584) [INFO] [VCAMDS] Unregistered window class
I2026-10-07 11:12:44.861739 ( 3584) [INFO] [VCAMDS] NvMxnCltShmConsumer Skip removing app tracker DLL loaded status. Parent source filter is not initialized
I2026-10-07 11:12:46.869990 ( 3584) [INFO] [VCAMDS] Creating WndMsg Listener Window
I2026-10-07 11:12:46.872520 ( 3584) [INFO] [VCAMDS] Destroying parent object
I2026-10-07 11:12:46.872520 ( 3584) [INFO] [VCAMDS] Destroying WndMsg Listener Window
I2026-10-07 11:12:46.873581 ( 3584) [INFO] [VCAMDS] Destroyed window
I2026-10-07 11:12:46.873581 ( 3584) [INFO] [VCAMDS] Unregistered window class
I2026-10-07 11:12:46.873581 ( 3584) [INFO] [VCAMDS] NvMxnCltShmConsumer Skip removing app tracker DLL loaded status. Parent source filter is not initialized
I2026-10-07 11:12:48.880640 ( 3584) [INFO] [VCAMDS] Creating WndMsg Listener Window
I2026-10-07 11:12:48.884141 ( 3584) [INFO] [VCAMDS] Destroying parent object
I2026-10-07 11:12:48.884141 ( 3584) [INFO] [VCAMDS] Destroying WndMsg Listener Window
I2026-10-07 11:12:48.885145 ( 3584) [INFO] [VCAMDS] Destroyed window
I2026-10-07 11:12:48.885145 ( 3584) [INFO] [VCAMDS] Unregistered window class
I2026-10-07 11:12:48.886150 ( 3584) [INFO] [VCAMDS] NvMxnCltShmConsumer Skip removing app tracker DLL loaded status. Parent source filter is not initialized
I2026-10-07 11:12:50.896159 ( 3584) [INFO] [VCAMDS] Creating WndMsg Listener Window
I2026-10-07 11:12:50.901173 ( 3584) [INFO] [VCAMDS] Destroying parent object
I2026-10-07 11:12:50.901173 ( 3584) [INFO] [VCAMDS] Destroying WndMsg Listener Window
I2026-10-07 11:12:50.903163 ( 3584) [INFO] [VCAMDS] Destroyed window
I2026-10-07 11:12:50.903163 ( 3584) [INFO] [VCAMDS] Unregistered window class
I2026-10-07 11:12:50.903163 ( 3584) [INFO] [VCAMDS] NvMxnCltShmConsumer Skip removing app tracker DLL loaded status. Parent source filter is not initialized
I2026-10-07 11:12:52.908746 ( 3584) [INFO] [VCAMDS] Creating WndMsg Listener Window
I2026-10-07 11:12:52.912431 ( 3584) [INFO] [VCAMDS] Destroying parent object
I2026-10-07 11:12:52.912431 ( 3584) [INFO] [VCAMDS] Destroying WndMsg Listener Window
I2026-10-07 11:12:52.913774 ( 3584) [INFO] [VCAMDS] Destroyed window
I2026-10-07 11:12:52.913774 ( 3584) [INFO] [VCAMDS] Unregistered window class
I2026-10-07 11:12:52.913774 ( 3584) [INFO] [VCAMDS] NvMxnCltShmConsumer Skip removing app tracker DLL loaded status. Parent source filter is not initialized
I2026-10-07 11:12:54.921034 ( 3584) [INFO] [VCAMDS] Creating WndMsg Listener Window
I2026-10-07 11:12:54.923027 ( 3584) [INFO] [VCAMDS] Destroying parent object
I2026-10-07 11:12:54.923027 ( 3584) [INFO] [VCAMDS] Destroying WndMsg Listener Window
I2026-10-07 11:12:54.924027 ( 3584) [INFO] [VCAMDS] Destroyed window
I2026-10-07 11:12:54.924027 ( 3584) [INFO] [VCAMDS] Unregistered window class
I2026-10-07 11:12:54.924027 ( 3584) [INFO] [VCAMDS] NvMxnCltShmConsumer Skip removing app tracker DLL loaded status. Parent source filter is not initialized
I2026-10-07 11:12:56.930797 ( 3584) [INFO] [VCAMDS] Creating WndMsg Listener Window
I2026-10-07 11:12:56.932789 ( 3584) [INFO] [VCAMDS] Destroying parent object
I2026-10-07 11:12:56.933789 ( 3584) [INFO] [VCAMDS] Destroying WndMsg Listener Window
I2026-10-07 11:12:56.933789 ( 3584) [INFO] [VCAMDS] Destroyed window
I2026-10-07 11:12:56.933789 ( 3584) [INFO] [VCAMDS] Unregistered window class
I2026-10-07 11:12:56.933789 ( 3584) [INFO] [VCAMDS] NvMxnCltShmConsumer Skip removing app tracker DLL loaded status. Parent source filter is not initialized
I2026-10-07 11:12:58.940477 ( 3584) [INFO] [VCAMDS] Creating WndMsg Listener Window
I2026-10-07 11:12:58.943230 ( 3584) [INFO] [VCAMDS] Destroying parent object
I2026-10-07 11:12:58.943230 ( 3584) [INFO] [VCAMDS] Destroying WndMsg Listener Window
I2026-10-07 11:12:58.944236 ( 3584) [INFO] [VCAMDS] Destroyed window
I2026-10-07 11:12:58.944236 ( 3584) [INFO] [VCAMDS] Unregistered window class
I2026-10-07 11:12:58.944236 ( 3584) [INFO] [VCAMDS] NvMxnCltShmConsumer Skip removing app tracker DLL loaded status. Parent source filter is not initialized
I2026-10-07 11:13:00.949685 ( 3584) [INFO] [VCAMDS] Creating WndMsg Listener Window
I2026-10-07 11:13:00.951684 ( 3584) [INFO] [VCAMDS] Destroying parent object
I2026-10-07 11:13:00.952683 ( 3584) [INFO] [VCAMDS] Destroying WndMsg Listener Window
I2026-10-07 11:13:00.952683 ( 3584) [INFO] [VCAMDS] Destroyed window
I2026-10-07 11:13:00.953776 ( 3584) [INFO] [VCAMDS] Unregistered window class
I2026-10-07 11:13:00.953776 ( 3584) [INFO] [VCAMDS] NvMxnCltShmConsumer Skip removing app tracker DLL loaded status. Parent source filter is not initialized
I2026-10-07 11:13:02.961884 ( 3584) [INFO] [VCAMDS] Creating WndMsg Listener Window
I2026-10-07 11:13:02.963881 ( 3584) [INFO] [VCAMDS] Destroying parent object
I2026-10-07 11:13:02.966404 ( 3584) [INFO] [VCAMDS] Destroying WndMsg Listener Window
I2026-10-07 11:13:02.967404 ( 3584) [INFO] [VCAMDS] Destroyed window
I2026-10-07 11:13:02.967404 ( 3584) [INFO] [VCAMDS] Unregistered window class
I2026-10-07 11:13:02.967404 ( 3584) [INFO] [VCAMDS] NvMxnCltShmConsumer Skip removing app tracker DLL loaded status. Parent source filter is not initialized
I2026-10-07 11:13:04.972956 ( 3584) [INFO] [VCAMDS] Creating WndMsg Listener Window
I2026-10-07 11:13:05.028208 ( 3584) [INFO] [VCAMDS] Destroying parent object
I2026-10-07 11:13:05.028208 ( 3584) [INFO] [VCAMDS] Destroying WndMsg Listener Window
I2026-10-07 11:13:05.029208 ( 3584) [INFO] [VCAMDS] Destroyed window
I2026-10-07 11:13:05.029208 ( 3584) [INFO] [VCAMDS] Unregistered window class
I2026-10-07 11:13:05.030208 ( 3584) [INFO] [VCAMDS] NvMxnCltShmConsumer Skip removing app tracker DLL loaded status. Parent source filter is not initialized
I2026-10-07 11:13:07.035552 ( 3584) [INFO] [VCAMDS] Creating WndMsg Listener Window
I2026-10-07 11:13:07.037870 ( 3584) [INFO] [VCAMDS] Destroying parent object
I2026-10-07 11:13:07.038869 ( 3584) [INFO] [VCAMDS] Destroying WndMsg Listener Window
I2026-10-07 11:13:07.040870 ( 3584) [INFO] [VCAMDS] Destroyed window
I2026-10-07 11:13:07.040870 ( 3584) [INFO] [VCAMDS] Unregistered window class
I2026-10-07 11:13:07.040870 ( 3584) [INFO] [VCAMDS] NvMxnCltShmConsumer Skip removing app tracker DLL loaded status. Parent source filter is not initialized
I2026-10-07 11:13:09.047509 ( 3584) [INFO] [VCAMDS] Creating WndMsg Listener Window
I2026-10-07 11:13:09.060708 ( 3584) [INFO] [VCAMDS] Destroying parent object
I2026-10-07 11:13:09.061705 ( 3584) [INFO] [VCAMDS] Destroying WndMsg Listener Window
I2026-10-07 11:13:09.061705 ( 3584) [INFO] [VCAMDS] Destroyed window
I2026-10-07 11:13:09.062703 ( 3584) [INFO] [VCAMDS] Unregistered window class
I2026-10-07 11:13:09.062703 ( 3584) [INFO] [VCAMDS] NvMxnCltShmConsumer Skip removing app tracker DLL loaded status. Parent source filter is not initialized
I2026-10-07 11:13:11.068572 ( 3584) [INFO] [VCAMDS] Creating WndMsg Listener Window
I2026-10-07 11:13:11.071076 ( 3584) [INFO] [VCAMDS] Destroying parent object
I2026-10-07 11:13:11.071076 ( 3584) [INFO] [VCAMDS] Destroying WndMsg Listener Window
I2026-10-07 11:13:11.072080 ( 3584) [INFO] [VCAMDS] Destroyed window
I2026-10-07 11:13:11.072080 ( 3584) [INFO] [VCAMDS] Unregistered window class
I2026-10-07 11:13:11.072080 ( 3584) [INFO] [VCAMDS] NvMxnCltShmConsumer Skip removing app tracker DLL loaded status. Parent source filter is not initialized
I2026-10-07 11:13:13.078454 ( 3584) [INFO] [VCAMDS] Creating WndMsg Listener Window
I2026-10-07 11:13:13.081533 ( 3584) [INFO] [VCAMDS] Destroying parent object
I2026-10-07 11:13:13.081533 ( 3584) [INFO] [VCAMDS] Destroying WndMsg Listener Window
I2026-10-07 11:13:13.082526 ( 3584) [INFO] [VCAMDS] Destroyed window
I2026-10-07 11:13:13.082526 ( 3584) [INFO] [VCAMDS] Unregistered window class
I2026-10-07 11:13:13.082526 ( 3584) [INFO] [VCAMDS] NvMxnCltShmConsumer Skip removing app tracker DLL loaded status. Parent source filter is not initialized
I2026-10-07 11:13:15.088917 ( 3584) [INFO] [VCAMDS] Creating WndMsg Listener Window
I2026-10-07 11:13:15.096123 ( 3584) [INFO] [VCAMDS] Destroying parent object
I2026-10-07 11:13:15.096123 ( 3584) [INFO] [VCAMDS] Destroying WndMsg Listener Window
I2026-10-07 11:13:15.097124 ( 3584) [INFO] [VCAMDS] Destroyed window
I2026-10-07 11:13:15.097124 ( 3584) [INFO] [VCAMDS] Unregistered window class
I2026-10-07 11:13:15.097124 ( 3584) [INFO] [VCAMDS] NvMxnCltShmConsumer Skip removing app tracker DLL loaded status. Parent source filter is not initialized
I2026-10-07 11:13:17.102478 ( 3584) [INFO] [VCAMDS] Creating WndMsg Listener Window
I2026-10-07 11:13:17.105472 ( 3584) [INFO] [VCAMDS] Destroying parent object
I2026-10-07 11:13:17.106997 ( 3584) [INFO] [VCAMDS] Destroying WndMsg Listener Window
I2026-10-07 11:13:17.107996 ( 3584) [INFO] [VCAMDS] Destroyed window
I2026-10-07 11:13:17.108995 ( 3584) [INFO] [VCAMDS] Unregistered window class
I2026-10-07 11:13:17.108995 ( 3584) [INFO] [VCAMDS] NvMxnCltShmConsumer Skip removing app tracker DLL loaded status. Parent source filter is not initialized
I2026-10-07 11:13:19.115180 ( 3584) [INFO] [VCAMDS] Creating WndMsg Listener Window
I2026-10-07 11:13:19.121183 ( 3584) [INFO] [VCAMDS] Destroying parent object
I2026-10-07 11:13:19.121183 ( 3584) [INFO] [VCAMDS] Destroying WndMsg Listener Window
I2026-10-07 11:13:19.122183 ( 3584) [INFO] [VCAMDS] Destroyed window
I2026-10-07 11:13:19.122183 ( 3584) [INFO] [VCAMDS] Unregistered window class
I2026-10-07 11:13:19.122183 ( 3584) [INFO] [VCAMDS] NvMxnCltShmConsumer Skip removing app tracker DLL loaded status. Parent source filter is not initialized
I2026-10-07 11:13:21.127545 ( 3584) [INFO] [VCAMDS] Creating WndMsg Listener Window
I2026-10-07 11:13:21.130052 ( 3584) [INFO] [VCAMDS] Destroying parent object
I2026-10-07 11:13:21.130052 ( 3584) [INFO] [VCAMDS] Destroying WndMsg Listener Window
I2026-10-07 11:13:21.131052 ( 3584) [INFO] [VCAMDS] Destroyed window
I2026-10-07 11:13:21.131052 ( 3584) [INFO] [VCAMDS] Unregistered window class
I2026-10-07 11:13:21.131052 ( 3584) [INFO] [VCAMDS] NvMxnCltShmConsumer Skip removing app tracker DLL loaded status. Parent source filter is not initialized
I2026-10-07 11:13:23.136518 ( 3584) [INFO] [VCAMDS] Creating WndMsg Listener Window
I2026-10-07 11:13:23.149721 ( 3584) [INFO] [VCAMDS] Destroying parent object
I2026-10-07 11:13:23.149721 ( 3584) [INFO] [VCAMDS] Destroying WndMsg Listener Window
I2026-10-07 11:13:23.150722 ( 3584) [INFO] [VCAMDS] Destroyed window
I2026-10-07 11:13:23.150722 ( 3584) [INFO] [VCAMDS] Unregistered window class
I2026-10-07 11:13:23.150722 ( 3584) [INFO] [VCAMDS] NvMxnCltShmConsumer Skip removing app tracker DLL loaded status. Parent source filter is not initialized
I2026-10-07 11:13:25.156472 ( 3584) [INFO] [VCAMDS] Creating WndMsg Listener Window
I2026-10-07 11:13:25.160476 ( 3584) [INFO] [VCAMDS] Destroying parent object
I2026-10-07 11:13:25.161477 ( 3584) [INFO] [VCAMDS] Destroying WndMsg Listener Window
I2026-10-07 11:13:25.161477 ( 3584) [INFO] [VCAMDS] Destroyed window
I2026-10-07 11:13:25.162479 ( 3584) [INFO] [VCAMDS] Unregistered window class
I2026-10-07 11:13:25.162479 ( 3584) [INFO] [VCAMDS] NvMxnCltShmConsumer Skip removing app tracker DLL loaded status. Parent source filter is not initialized
I2026-10-07 11:13:27.168645 ( 3584) [INFO] [VCAMDS] Creating WndMsg Listener Window
I2026-10-07 11:13:27.176219 ( 3584) [INFO] [VCAMDS] Destroying parent object
I2026-10-07 11:13:27.176219 ( 3584) [INFO] [VCAMDS] Destroying WndMsg Listener Window
I2026-10-07 11:13:27.177220 ( 3584) [INFO] [VCAMDS] Destroyed window
I2026-10-07 11:13:27.177220 ( 3584) [INFO] [VCAMDS] Unregistered window class
I2026-10-07 11:13:27.177220 ( 3584) [INFO] [VCAMDS] NvMxnCltShmConsumer Skip removing app tracker DLL loaded status. Parent source filter is not initialized
I2026-10-07 11:13:29.184463 ( 3584) [INFO] [VCAMDS] Creating WndMsg Listener Window
I2026-10-07 11:13:29.191053 ( 3584) [INFO] [VCAMDS] Destroying parent object
I2026-10-07 11:13:29.191053 ( 3584) [INFO] [VCAMDS] Destroying WndMsg Listener Window
I2026-10-07 11:13:29.192051 ( 3584) [INFO] [VCAMDS] Destroyed window
I2026-10-07 11:13:29.192051 ( 3584) [INFO] [VCAMDS] Unregistered window class
I2026-10-07 11:13:29.192051 ( 3584) [INFO] [VCAMDS] NvMxnCltShmConsumer Skip removing app tracker DLL loaded status. Parent source filter is not initialized
I2026-10-07 11:13:31.198216 ( 3584) [INFO] [VCAMDS] Creating WndMsg Listener Window
I2026-10-07 11:13:31.201741 ( 3584) [INFO] [VCAMDS] Destroying parent object
I2026-10-07 11:13:31.202744 ( 3584) [INFO] [VCAMDS] Destroying WndMsg Listener Window
I2026-10-07 11:13:31.203742 ( 3584) [INFO] [VCAMDS] Destroyed window
I2026-10-07 11:13:31.203742 ( 3584) [INFO] [VCAMDS] Unregistered window class
I2026-10-07 11:13:31.203742 ( 3584) [INFO] [VCAMDS] NvMxnCltShmConsumer Skip removing app tracker DLL loaded status. Parent source filter is not initialized
I2026-10-07 11:13:33.211979 ( 3584) [INFO] [VCAMDS] Creating WndMsg Listener Window
I2026-10-07 11:13:33.213979 ( 3584) [INFO] [VCAMDS] Destroying parent object
I2026-10-07 11:13:33.213979 ( 3584) [INFO] [VCAMDS] Destroying WndMsg Listener Window
I2026-10-07 11:13:33.215487 ( 3584) [INFO] [VCAMDS] Destroyed window
I2026-10-07 11:13:33.216491 ( 3584) [INFO] [VCAMDS] Unregistered window class
I2026-10-07 11:13:33.216491 ( 3584) [INFO] [VCAMDS] NvMxnCltShmConsumer Skip removing app tracker DLL loaded status. Parent source filter is not initialized
I2026-10-07 11:13:35.223542 ( 3584) [INFO] [VCAMDS] Creating WndMsg Listener Window
I2026-10-07 11:13:35.227638 ( 3584) [INFO] [VCAMDS] Destroying parent object
I2026-10-07 11:13:35.227638 ( 3584) [INFO] [VCAMDS] Destroying WndMsg Listener Window
I2026-10-07 11:13:35.228638 ( 3584) [INFO] [VCAMDS] Destroyed window
I2026-10-07 11:13:35.229640 ( 3584) [INFO] [VCAMDS] Unregistered window class
I2026-10-07 11:13:35.229640 ( 3584) [INFO] [VCAMDS] NvMxnCltShmConsumer Skip removing app tracker DLL loaded status. Parent source filter is not initialized
I2026-10-07 11:13:37.235643 ( 3584) [INFO] [VCAMDS] Creating WndMsg Listener Window
I2026-10-07 11:13:37.239784 ( 3584) [INFO] [VCAMDS] Destroying parent object
I2026-10-07 11:13:37.240783 ( 3584) [INFO] [VCAMDS] Destroying WndMsg Listener Window
I2026-10-07 11:13:37.241784 ( 3584) [INFO] [VCAMDS] Destroyed window
I2026-10-07 11:13:37.241784 ( 3584) [INFO] [VCAMDS] Unregistered window class
I2026-10-07 11:13:37.241784 ( 3584) [INFO] [VCAMDS] NvMxnCltShmConsumer Skip removing app tracker DLL loaded status. Parent source filter is not initialized
I2026-10-07 11:13:39.251039 ( 3584) [INFO] [VCAMDS] Creating WndMsg Listener Window
I2026-10-07 11:13:39.254037 ( 3584) [INFO] [VCAMDS] Destroying parent object
I2026-10-07 11:13:39.254037 ( 3584) [INFO] [VCAMDS] Destroying WndMsg Listener Window
I2026-10-07 11:13:39.256549 ( 3584) [INFO] [VCAMDS] Destroyed window
I2026-10-07 11:13:39.257550 ( 3584) [INFO] [VCAMDS] Unregistered window class
I2026-10-07 11:13:39.257550 ( 3584) [INFO] [VCAMDS] NvMxnCltShmConsumer Skip removing app tracker DLL loaded status. Parent source filter is not initialized
I2026-10-07 11:13:41.264240 ( 3584) [INFO] [VCAMDS] Creating WndMsg Listener Window
I2026-10-07 11:13:41.268740 ( 3584) [INFO] [VCAMDS] Destroying parent object
I2026-10-07 11:13:41.269745 ( 3584) [INFO] [VCAMDS] Destroying WndMsg Listener Window
I2026-10-07 11:13:41.271746 ( 3584) [INFO] [VCAMDS] Destroyed window
I2026-10-07 11:13:41.271746 ( 3584) [INFO] [VCAMDS] Unregistered window class
I2026-10-07 11:13:41.271746 ( 3584) [INFO] [VCAMDS] NvMxnCltShmConsumer Skip removing app tracker DLL loaded status. Parent source filter is not initialized
I2026-10-07 11:13:43.285593 ( 3584) [INFO] [VCAMDS] Creating WndMsg Listener Window
I2026-10-07 11:13:43.289654 ( 3584) [INFO] [VCAMDS] Destroying parent object
I2026-10-07 11:13:43.289654 ( 3584) [INFO] [VCAMDS] Destroying WndMsg Listener Window
I2026-10-07 11:13:43.290167 ( 3584) [INFO] [VCAMDS] Destroyed window
I2026-10-07 11:13:43.290167 ( 3584) [INFO] [VCAMDS] Unregistered window class
I2026-10-07 11:13:43.290167 ( 3584) [INFO] [VCAMDS] NvMxnCltShmConsumer Skip removing app tracker DLL loaded status. Parent source filter is not initialized
I2026-10-07 11:13:45.296988 ( 3584) [INFO] [VCAMDS] Creating WndMsg Listener Window
I2026-10-07 11:13:45.300715 ( 3584) [INFO] [VCAMDS] Destroying parent object
I2026-10-07 11:13:45.300715 ( 3584) [INFO] [VCAMDS] Destroying WndMsg Listener Window
I2026-10-07 11:13:45.301218 ( 3584) [INFO] [VCAMDS] Destroyed window
I2026-10-07 11:13:45.301218 ( 3584) [INFO] [VCAMDS] Unregistered window class
I2026-10-07 11:13:45.301218 ( 3584) [INFO] [VCAMDS] NvMxnCltShmConsumer Skip removing app tracker DLL loaded status. Parent source filter is not initialized
I2026-10-07 11:13:47.306938 ( 3584) [INFO] [VCAMDS] Creating WndMsg Listener Window
I2026-10-07 11:13:47.311502 ( 3584) [INFO] [VCAMDS] Destroying parent object
I2026-10-07 11:13:47.311502 ( 3584) [INFO] [VCAMDS] Destroying WndMsg Listener Window
I2026-10-07 11:13:47.312493 ( 3584) [INFO] [VCAMDS] Destroyed window
I2026-10-07 11:13:47.312493 ( 3584) [INFO] [VCAMDS] Unregistered window class
I2026-10-07 11:13:47.312493 ( 3584) [INFO] [VCAMDS] NvMxnCltShmConsumer Skip removing app tracker DLL loaded status. Parent source filter is not initialized
I2026-10-07 11:13:49.319563 ( 3584) [INFO] [VCAMDS] Creating WndMsg Listener Window
I2026-10-07 11:13:49.324106 ( 3584) [INFO] [VCAMDS] Destroying parent object
I2026-10-07 11:13:49.324106 ( 3584) [INFO] [VCAMDS] Destroying WndMsg Listener Window
I2026-10-07 11:13:49.324106 ( 3584) [INFO] [VCAMDS] Destroyed window
I2026-10-07 11:13:49.324106 ( 3584) [INFO] [VCAMDS] Unregistered window class
I2026-10-07 11:13:49.324106 ( 3584) [INFO] [VCAMDS] NvMxnCltShmConsumer Skip removing app tracker DLL loaded status. Parent source filter is not initialized
I2026-10-07 11:13:51.330266 ( 3584) [INFO] [VCAMDS] Creating WndMsg Listener Window
I2026-10-07 11:13:51.338117 ( 3584) [INFO] [VCAMDS] Destroying parent object
I2026-10-07 11:13:51.339107 ( 3584) [INFO] [VCAMDS] Destroying WndMsg Listener Window
I2026-10-07 11:13:51.340108 ( 3584) [INFO] [VCAMDS] Destroyed window
I2026-10-07 11:13:51.340108 ( 3584) [INFO] [VCAMDS] Unregistered window class
I2026-10-07 11:13:51.340108 ( 3584) [INFO] [VCAMDS] NvMxnCltShmConsumer Skip removing app tracker DLL loaded status. Parent source filter is not initialized
I2026-10-07 11:13:53.345660 ( 3584) [INFO] [VCAMDS] Creating WndMsg Listener Window
I2026-10-07 11:13:53.349256 ( 3584) [INFO] [VCAMDS] Destroying parent object
I2026-10-07 11:13:53.349256 ( 3584) [INFO] [VCAMDS] Destroying WndMsg Listener Window
I2026-10-07 11:13:53.350256 ( 3584) [INFO] [VCAMDS] Destroyed window
I2026-10-07 11:13:53.351257 ( 3584) [INFO] [VCAMDS] Unregistered window class
I2026-10-07 11:13:53.351257 ( 3584) [INFO] [VCAMDS] NvMxnCltShmConsumer Skip removing app tracker DLL loaded status. Parent source filter is not initialized
I2026-10-07 11:13:55.357157 ( 3584) [INFO] [VCAMDS] Creating WndMsg Listener Window
I2026-10-07 11:13:55.361194 ( 3584) [INFO] [VCAMDS] Destroying parent object
I2026-10-07 11:13:55.361194 ( 3584) [INFO] [VCAMDS] Destroying WndMsg Listener Window
I2026-10-07 11:13:55.362203 ( 3584) [INFO] [VCAMDS] Destroyed window
I2026-10-07 11:13:55.362203 ( 3584) [INFO] [VCAMDS] Unregistered window class
I2026-10-07 11:13:55.362203 ( 3584) [INFO] [VCAMDS] NvMxnCltShmConsumer Skip removing app tracker DLL loaded status. Parent source filter is not initialized
I2026-10-07 11:13:57.368496 ( 3584) [INFO] [VCAMDS] Creating WndMsg Listener Window
I2026-10-07 11:13:57.371496 ( 3584) [INFO] [VCAMDS] Destroying parent object
I2026-10-07 11:13:57.371496 ( 3584) [INFO] [VCAMDS] Destroying WndMsg Listener Window
I2026-10-07 11:13:57.372498 ( 3584) [INFO] [VCAMDS] Destroyed window
I2026-10-07 11:13:57.373512 ( 3584) [INFO] [VCAMDS] Unregistered window class
I2026-10-07 11:13:57.373512 ( 3584) [INFO] [VCAMDS] NvMxnCltShmConsumer Skip removing app tracker DLL loaded status. Parent source filter is not initialized
I2026-10-07 11:13:59.379837 ( 3584) [INFO] [VCAMDS] Creating WndMsg Listener Window
I2026-10-07 11:13:59.383834 ( 3584) [INFO] [VCAMDS] Destroying parent object
I2026-10-07 11:13:59.383834 ( 3584) [INFO] [VCAMDS] Destroying WndMsg Listener Window
I2026-10-07 11:13:59.385339 ( 3584) [INFO] [VCAMDS] Destroyed window
I2026-10-07 11:13:59.385339 ( 3584) [INFO] [VCAMDS] Unregistered window class
I2026-10-07 11:13:59.385339 ( 3584) [INFO] [VCAMDS] NvMxnCltShmConsumer Skip removing app tracker DLL loaded status. Parent source filter is not initialized
I2026-10-07 11:14:01.391749 ( 3584) [INFO] [VCAMDS] Creating WndMsg Listener Window
I2026-10-07 11:14:01.395263 ( 3584) [INFO] [VCAMDS] Destroying parent object
I2026-10-07 11:14:01.395263 ( 3584) [INFO] [VCAMDS] Destroying WndMsg Listener Window
I2026-10-07 11:14:01.396363 ( 3584) [INFO] [VCAMDS] Destroyed window
I2026-10-07 11:14:01.396363 ( 3584) [INFO] [VCAMDS] Unregistered window class
I2026-10-07 11:14:01.396363 ( 3584) [INFO] [VCAMDS] NvMxnCltShmConsumer Skip removing app tracker DLL loaded status. Parent source filter is not initialized
I2026-10-07 11:14:03.401189 ( 3584) [INFO] [VCAMDS] Creating WndMsg Listener Window
I2026-10-07 11:14:03.404191 ( 3584) [INFO] [VCAMDS] Destroying parent object
I2026-10-07 11:14:03.404191 ( 3584) [INFO] [VCAMDS] Destroying WndMsg Listener Window
I2026-10-07 11:14:03.404191 ( 3584) [INFO] [VCAMDS] Destroyed window
I2026-10-07 11:14:03.405694 ( 3584) [INFO] [VCAMDS] Unregistered window class
I2026-10-07 11:14:03.405694 ( 3584) [INFO] [VCAMDS] NvMxnCltShmConsumer Skip removing app tracker DLL loaded status. Parent source filter is not initialized
I2026-10-07 11:14:05.411628 ( 3584) [INFO] [VCAMDS] Creating WndMsg Listener Window
I2026-10-07 11:14:05.421676 ( 3584) [INFO] [VCAMDS] Destroying parent object
I2026-10-07 11:14:05.421676 ( 3584) [INFO] [VCAMDS] Destroying WndMsg Listener Window
I2026-10-07 11:14:05.422674 ( 3584) [INFO] [VCAMDS] Destroyed window
I2026-10-07 11:14:05.422674 ( 3584) [INFO] [VCAMDS] Unregistered window class
I2026-10-07 11:14:05.422674 ( 3584) [INFO] [VCAMDS] NvMxnCltShmConsumer Skip removing app tracker DLL loaded status. Parent source filter is not initialized
I2026-10-07 11:14:07.428571 ( 3584) [INFO] [VCAMDS] Creating WndMsg Listener Window
I2026-10-07 11:14:07.477447 ( 3584) [INFO] [VCAMDS] Destroying parent object
I2026-10-07 11:14:07.477447 ( 3584) [INFO] [VCAMDS] Destroying WndMsg Listener Window
I2026-10-07 11:14:07.478446 ( 3584) [INFO] [VCAMDS] Destroyed window
I2026-10-07 11:14:07.478446 ( 3584) [INFO] [VCAMDS] Unregistered window class
I2026-10-07 11:14:07.478446 ( 3584) [INFO] [VCAMDS] NvMxnCltShmConsumer Skip removing app tracker DLL loaded status. Parent source filter is not initialized
I2026-10-07 11:14:09.484584 ( 3584) [INFO] [VCAMDS] Creating WndMsg Listener Window
I2026-10-07 11:14:09.489097 ( 3584) [INFO] [VCAMDS] Destroying parent object
I2026-10-07 11:14:09.490095 ( 3584) [INFO] [VCAMDS] Destroying WndMsg Listener Window
I2026-10-07 11:14:09.491097 ( 3584) [INFO] [VCAMDS] Destroyed window
I2026-10-07 11:14:09.492096 ( 3584) [INFO] [VCAMDS] Unregistered window class
I2026-10-07 11:14:09.492096 ( 3584) [INFO] [VCAMDS] NvMxnCltShmConsumer Skip removing app tracker DLL loaded status. Parent source filter is not initialized
I2026-10-07 11:14:11.496739 ( 3584) [INFO] [VCAMDS] Creating WndMsg Listener Window
I2026-10-07 11:14:11.498747 ( 3584) [INFO] [VCAMDS] Destroying parent object
I2026-10-07 11:14:11.508262 ( 3584) [INFO] [VCAMDS] Destroying WndMsg Listener Window
I2026-10-07 11:14:11.509258 ( 3584) [INFO] [VCAMDS] Destroyed window
I2026-10-07 11:14:11.510257 ( 3584) [INFO] [VCAMDS] Unregistered window class
I2026-10-07 11:14:11.510257 ( 3584) [INFO] [VCAMDS] NvMxnCltShmConsumer Skip removing app tracker DLL loaded status. Parent source filter is not initialized
I2026-10-07 11:14:13.516382 ( 3584) [INFO] [VCAMDS] Creating WndMsg Listener Window
I2026-10-07 11:14:13.520964 ( 3584) [INFO] [VCAMDS] Destroying parent object
I2026-10-07 11:14:13.520964 ( 3584) [INFO] [VCAMDS] Destroying WndMsg Listener Window
I2026-10-07 11:14:13.521965 ( 3584) [INFO] [VCAMDS] Destroyed window
I2026-10-07 11:14:13.521965 ( 3584) [INFO] [VCAMDS] Unregistered window class
I2026-10-07 11:14:13.521965 ( 3584) [INFO] [VCAMDS] NvMxnCltShmConsumer Skip removing app tracker DLL loaded status. Parent source filter is not initialized
I2026-10-07 11:14:15.531044 ( 3584) [INFO] [VCAMDS] Creating WndMsg Listener Window
I2026-10-07 11:14:15.591593 ( 3584) [INFO] [VCAMDS] Destroying parent object
I2026-10-07 11:14:15.591593 ( 3584) [INFO] [VCAMDS] Destroying WndMsg Listener Window
I2026-10-07 11:14:15.592589 ( 3584) [INFO] [VCAMDS] Destroyed window
I2026-10-07 11:14:15.592589 ( 3584) [INFO] [VCAMDS] Unregistered window class
I2026-10-07 11:14:15.592589 ( 3584) [INFO] [VCAMDS] NvMxnCltShmConsumer Skip removing app tracker DLL loaded status. Parent source filter is not initialized
I2026-10-07 11:14:17.598767 ( 3584) [INFO] [VCAMDS] Creating WndMsg Listener Window
I2026-10-07 11:14:17.607297 ( 3584) [INFO] [VCAMDS] Destroying parent object
I2026-10-07 11:14:17.608306 ( 3584) [INFO] [VCAMDS] Destroying WndMsg Listener Window
I2026-10-07 11:14:17.609299 ( 3584) [INFO] [VCAMDS] Destroyed window
I2026-10-07 11:14:17.609299 ( 3584) [INFO] [VCAMDS] Unregistered window class
I2026-10-07 11:14:17.609299 ( 3584) [INFO] [VCAMDS] NvMxnCltShmConsumer Skip removing app tracker DLL loaded status. Parent source filter is not initialized
I2026-10-07 11:14:19.615317 ( 3584) [INFO] [VCAMDS] Creating WndMsg Listener Window
I2026-10-07 11:14:19.633641 ( 3584) [INFO] [VCAMDS] Destroying parent object
I2026-10-07 11:14:19.634642 ( 3584) [INFO] [VCAMDS] Destroying WndMsg Listener Window
I2026-10-07 11:14:19.635643 ( 3584) [INFO] [VCAMDS] Destroyed window
I2026-10-07 11:14:19.635643 ( 3584) [INFO] [VCAMDS] Unregistered window class
I2026-10-07 11:14:19.635643 ( 3584) [INFO] [VCAMDS] NvMxnCltShmConsumer Skip removing app tracker DLL loaded status. Parent source filter is not initialized
I2026-10-07 11:14:21.645407 ( 3584) [INFO] [VCAMDS] Creating WndMsg Listener Window
I2026-10-07 11:14:21.648792 ( 3584) [INFO] [VCAMDS] Destroying parent object
I2026-10-07 11:14:21.650785 ( 3584) [INFO] [VCAMDS] Destroying WndMsg Listener Window
I2026-10-07 11:14:21.652287 ( 3584) [INFO] [VCAMDS] Destroyed window
I2026-10-07 11:14:21.652287 ( 3584) [INFO] [VCAMDS] Unregistered window class
I2026-10-07 11:14:21.652287 ( 3584) [INFO] [VCAMDS] NvMxnCltShmConsumer Skip removing app tracker DLL loaded status. Parent source filter is not initialized
I2026-10-07 11:14:23.657666 ( 3584) [INFO] [VCAMDS] Creating WndMsg Listener Window
I2026-10-07 11:14:23.662201 ( 3584) [INFO] [VCAMDS] Destroying parent object
I2026-10-07 11:14:23.662201 ( 3584) [INFO] [VCAMDS] Destroying WndMsg Listener Window
I2026-10-07 11:14:23.663199 ( 3584) [INFO] [VCAMDS] Destroyed window
I2026-10-07 11:14:23.663199 ( 3584) [INFO] [VCAMDS] Unregistered window class
I2026-10-07 11:14:23.663199 ( 3584) [INFO] [VCAMDS] NvMxnCltShmConsumer Skip removing app tracker DLL loaded status. Parent source filter is not initialized
I2026-10-07 11:14:25.668426 ( 3584) [INFO] [VCAMDS] Creating WndMsg Listener Window
I2026-10-07 11:14:25.671433 ( 3584) [INFO] [VCAMDS] Destroying parent object
I2026-10-07 11:14:25.672966 ( 3584) [INFO] [VCAMDS] Destroying WndMsg Listener Window
I2026-10-07 11:14:25.673959 ( 3584) [INFO] [VCAMDS] Destroyed window
I2026-10-07 11:14:25.673959 ( 3584) [INFO] [VCAMDS] Unregistered window class
I2026-10-07 11:14:25.673959 ( 3584) [INFO] [VCAMDS] NvMxnCltShmConsumer Skip removing app tracker DLL loaded status. Parent source filter is not initialized
I2026-10-07 11:14:27.680699 ( 3584) [INFO] [VCAMDS] Creating WndMsg Listener Window
I2026-10-07 11:14:27.693171 ( 3584) [INFO] [VCAMDS] Destroying parent object
I2026-10-07 11:14:27.693171 ( 3584) [INFO] [VCAMDS] Destroying WndMsg Listener Window
I2026-10-07 11:14:27.694165 ( 3584) [INFO] [VCAMDS] Destroyed window
I2026-10-07 11:14:27.694165 ( 3584) [INFO] [VCAMDS] Unregistered window class
I2026-10-07 11:14:27.694165 ( 3584) [INFO] [VCAMDS] NvMxnCltShmConsumer Skip removing app tracker DLL loaded status. Parent source filter is not initialized
I2026-10-07 11:14:29.700752 ( 3584) [INFO] [VCAMDS] Creating WndMsg Listener Window
I2026-10-07 11:14:29.705265 ( 3584) [INFO] [VCAMDS] Destroying parent object
I2026-10-07 11:14:29.717388 ( 3584) [INFO] [VCAMDS] Destroying WndMsg Listener Window
I2026-10-07 11:14:29.720378 ( 3584) [INFO] [VCAMDS] Destroyed window
I2026-10-07 11:14:29.720378 ( 3584) [INFO] [VCAMDS] Unregistered window class
I2026-10-07 11:14:29.720378 ( 3584) [INFO] [VCAMDS] NvMxnCltShmConsumer Skip removing app tracker DLL loaded status. Parent source filter is not initialized
I2026-10-07 11:14:31.726351 ( 3584) [INFO] [VCAMDS] Creating WndMsg Listener Window
I2026-10-07 11:14:31.730206 ( 3584) [INFO] [VCAMDS] Destroying parent object
I2026-10-07 11:14:31.730206 ( 3584) [INFO] [VCAMDS] Destroying WndMsg Listener Window
I2026-10-07 11:14:31.731200 ( 3584) [INFO] [VCAMDS] Destroyed window
I2026-10-07 11:14:31.731200 ( 3584) [INFO] [VCAMDS] Unregistered window class
I2026-10-07 11:14:31.731200 ( 3584) [INFO] [VCAMDS] NvMxnCltShmConsumer Skip removing app tracker DLL loaded status. Parent source filter is not initialized
I2026-10-07 11:14:33.737704 ( 3584) [INFO] [VCAMDS] Creating WndMsg Listener Window
I2026-10-07 11:14:33.749630 ( 3584) [INFO] [VCAMDS] Destroying parent object
I2026-10-07 11:14:33.750901 ( 3584) [INFO] [VCAMDS] Destroying WndMsg Listener Window
I2026-10-07 11:14:33.752900 ( 3584) [INFO] [VCAMDS] Destroyed window
I2026-10-07 11:14:33.754242 ( 3584) [INFO] [VCAMDS] Unregistered window class
I2026-10-07 11:14:33.754242 ( 3584) [INFO] [VCAMDS] NvMxnCltShmConsumer Skip removing app tracker DLL loaded status. Parent source filter is not initialized
I2026-10-07 11:14:35.759305 ( 3584) [INFO] [VCAMDS] Creating WndMsg Listener Window
I2026-10-07 11:14:35.762305 ( 3584) [INFO] [VCAMDS] Destroying parent object
I2026-10-07 11:14:35.762305 ( 3584) [INFO] [VCAMDS] Destroying WndMsg Listener Window
I2026-10-07 11:14:35.763306 ( 3584) [INFO] [VCAMDS] Destroyed window
I2026-10-07 11:14:35.763306 ( 3584) [INFO] [VCAMDS] Unregistered window class
I2026-10-07 11:14:35.763306 ( 3584) [INFO] [VCAMDS] NvMxnCltShmConsumer Skip removing app tracker DLL loaded status. Parent source filter is not initialized
I2026-10-07 11:14:37.770560 ( 3584) [INFO] [VCAMDS] Creating WndMsg Listener Window
I2026-10-07 11:14:37.773559 ( 3584) [INFO] [VCAMDS] Destroying parent object
I2026-10-07 11:14:37.773559 ( 3584) [INFO] [VCAMDS] Destroying WndMsg Listener Window
I2026-10-07 11:14:37.774559 ( 3584) [INFO] [VCAMDS] Destroyed window
I2026-10-07 11:14:37.774559 ( 3584) [INFO] [VCAMDS] Unregistered window class
I2026-10-07 11:14:37.774559 ( 3584) [INFO] [VCAMDS] NvMxnCltShmConsumer Skip removing app tracker DLL loaded status. Parent source filter is not initialized
I2026-10-07 11:14:39.782879 ( 3584) [INFO] [VCAMDS] Creating WndMsg Listener Window
I2026-10-07 11:14:39.785393 ( 3584) [INFO] [VCAMDS] Destroying parent object
I2026-10-07 11:14:39.785393 ( 3584) [INFO] [VCAMDS] Destroying WndMsg Listener Window
I2026-10-07 11:14:39.786401 ( 3584) [INFO] [VCAMDS] Destroyed window
I2026-10-07 11:14:39.786401 ( 3584) [INFO] [VCAMDS] Unregistered window class
I2026-10-07 11:14:39.786401 ( 3584) [INFO] [VCAMDS] NvMxnCltShmConsumer Skip removing app tracker DLL loaded status. Parent source filter is not initialized
I2026-10-07 11:14:41.792608 ( 3584) [INFO] [VCAMDS] Creating WndMsg Listener Window
I2026-10-07 11:14:41.804215 ( 3584) [INFO] [VCAMDS] Destroying parent object
I2026-10-07 11:14:41.804215 ( 3584) [INFO] [VCAMDS] Destroying WndMsg Listener Window
I2026-10-07 11:14:41.805209 ( 3584) [INFO] [VCAMDS] Destroyed window
I2026-10-07 11:14:41.805209 ( 3584) [INFO] [VCAMDS] Unregistered window class
I2026-10-07 11:14:41.805209 ( 3584) [INFO] [VCAMDS] NvMxnCltShmConsumer Skip removing app tracker DLL loaded status. Parent source filter is not initialized
I2026-10-07 11:14:43.811959 ( 3584) [INFO] [VCAMDS] Creating WndMsg Listener Window
I2026-10-07 11:14:43.824087 ( 3584) [INFO] [VCAMDS] Destroying parent object
I2026-10-07 11:14:43.824087 ( 3584) [INFO] [VCAMDS] Destroying WndMsg Listener Window
I2026-10-07 11:14:43.824087 ( 3584) [INFO] [VCAMDS] Destroyed window
I2026-10-07 11:14:43.825592 ( 3584) [INFO] [VCAMDS] Unregistered window class
I2026-10-07 11:14:43.825592 ( 3584) [INFO] [VCAMDS] NvMxnCltShmConsumer Skip removing app tracker DLL loaded status. Parent source filter is not initialized
I2026-10-07 11:14:45.830675 ( 3584) [INFO] [VCAMDS] Creating WndMsg Listener Window
I2026-10-07 11:14:45.843199 ( 3584) [INFO] [VCAMDS] Destroying parent object
I2026-10-07 11:14:45.843199 ( 3584) [INFO] [VCAMDS] Destroying WndMsg Listener Window
I2026-10-07 11:14:45.844197 ( 3584) [INFO] [VCAMDS] Destroyed window
I2026-10-07 11:14:45.844197 ( 3584) [INFO] [VCAMDS] Unregistered window class
I2026-10-07 11:14:45.844197 ( 3584) [INFO] [VCAMDS] NvMxnCltShmConsumer Skip removing app tracker DLL loaded status. Parent source filter is not initialized
I2026-10-07 11:14:47.850208 ( 3584) [INFO] [VCAMDS] Creating WndMsg Listener Window
I2026-10-07 11:14:47.854120 ( 3584) [INFO] [VCAMDS] Destroying parent object
I2026-10-07 11:14:47.854120 ( 3584) [INFO] [VCAMDS] Destroying WndMsg Listener Window
I2026-10-07 11:14:47.854120 ( 3584) [INFO] [VCAMDS] Destroyed window
I2026-10-07 11:14:47.854120 ( 3584) [INFO] [VCAMDS] Unregistered window class
I2026-10-07 11:14:47.855633 ( 3584) [INFO] [VCAMDS] NvMxnCltShmConsumer Skip removing app tracker DLL loaded status. Parent source filter is not initialized
I2026-10-07 11:14:49.861440 ( 3584) [INFO] [VCAMDS] Creating WndMsg Listener Window
I2026-10-07 11:14:49.863950 ( 3584) [INFO] [VCAMDS] Destroying parent object
I2026-10-07 11:14:49.868314 ( 3584) [INFO] [VCAMDS] Destroying WndMsg Listener Window
I2026-10-07 11:14:49.869311 ( 3584) [INFO] [VCAMDS] Destroyed window
I2026-10-07 11:14:49.869311 ( 3584) [INFO] [VCAMDS] Unregistered window class
I2026-10-07 11:14:49.869311 ( 3584) [INFO] [VCAMDS] NvMxnCltShmConsumer Skip removing app tracker DLL loaded status. Parent source filter is not initialized
I2026-10-07 11:14:51.875232 ( 3584) [INFO] [VCAMDS] Creating WndMsg Listener Window
I2026-10-07 11:14:51.877242 ( 3584) [INFO] [VCAMDS] Destroying parent object
I2026-10-07 11:14:51.877242 ( 3584) [INFO] [VCAMDS] Destroying WndMsg Listener Window
I2026-10-07 11:14:51.878243 ( 3584) [INFO] [VCAMDS] Destroyed window
I2026-10-07 11:14:51.878243 ( 3584) [INFO] [VCAMDS] Unregistered window class
I2026-10-07 11:14:51.878243 ( 3584) [INFO] [VCAMDS] NvMxnCltShmConsumer Skip removing app tracker DLL loaded status. Parent source filter is not initialized
I2026-10-07 11:14:53.884281 ( 3584) [INFO] [VCAMDS] Creating WndMsg Listener Window
I2026-10-07 11:14:53.888324 ( 3584) [INFO] [VCAMDS] Destroying parent object
I2026-10-07 11:14:53.888324 ( 3584) [INFO] [VCAMDS] Destroying WndMsg Listener Window
I2026-10-07 11:14:53.889322 ( 3584) [INFO] [VCAMDS] Destroyed window
I2026-10-07 11:14:53.889322 ( 3584) [INFO] [VCAMDS] Unregistered window class
I2026-10-07 11:14:53.889322 ( 3584) [INFO] [VCAMDS] NvMxnCltShmConsumer Skip removing app tracker DLL loaded status. Parent source filter is not initialized
I2026-10-07 11:14:55.895445 ( 3584) [INFO] [VCAMDS] Creating WndMsg Listener Window
I2026-10-07 11:14:55.907407 ( 3584) [INFO] [VCAMDS] Destroying parent object
I2026-10-07 11:14:55.907407 ( 3584) [INFO] [VCAMDS] Destroying WndMsg Listener Window
I2026-10-07 11:14:55.908416 ( 3584) [INFO] [VCAMDS] Destroyed window
I2026-10-07 11:14:55.909881 ( 3584) [INFO] [VCAMDS] Unregistered window class
I2026-10-07 11:14:55.909881 ( 3584) [INFO] [VCAMDS] NvMxnCltShmConsumer Skip removing app tracker DLL loaded status. Parent source filter is not initialized
I2026-10-07 11:14:57.915644 ( 3584) [INFO] [VCAMDS] Creating WndMsg Listener Window
I2026-10-07 11:14:57.917655 ( 3584) [INFO] [VCAMDS] Destroying parent object
I2026-10-07 11:14:57.917655 ( 3584) [INFO] [VCAMDS] Destroying WndMsg Listener Window
I2026-10-07 11:14:57.918649 ( 3584) [INFO] [VCAMDS] Destroyed window
I2026-10-07 11:14:57.918649 ( 3584) [INFO] [VCAMDS] Unregistered window class
I2026-10-07 11:14:57.918649 ( 3584) [INFO] [VCAMDS] NvMxnCltShmConsumer Skip removing app tracker DLL loaded status. Parent source filter is not initialized
I2026-10-07 11:14:59.924007 ( 3584) [INFO] [VCAMDS] Creating WndMsg Listener Window
I2026-10-07 11:14:59.936208 ( 3584) [INFO] [VCAMDS] Destroying parent object
I2026-10-07 11:14:59.936208 ( 3584) [INFO] [VCAMDS] Destroying WndMsg Listener Window
I2026-10-07 11:14:59.937219 ( 3584) [INFO] [VCAMDS] Destroyed window
I2026-10-07 11:14:59.937219 ( 3584) [INFO] [VCAMDS] Unregistered window class
I2026-10-07 11:14:59.937219 ( 3584) [INFO] [VCAMDS] NvMxnCltShmConsumer Skip removing app tracker DLL loaded status. Parent source filter is not initialized
I2026-10-07 11:15:01.942647 ( 3584) [INFO] [VCAMDS] Creating WndMsg Listener Window
I2026-10-07 11:15:01.947108 ( 3584) [INFO] [VCAMDS] Destroying parent object
I2026-10-07 11:15:01.947108 ( 3584) [INFO] [VCAMDS] Destroying WndMsg Listener Window
I2026-10-07 11:15:01.948105 ( 3584) [INFO] [VCAMDS] Destroyed window
I2026-10-07 11:15:01.948105 ( 3584) [INFO] [VCAMDS] Unregistered window class
I2026-10-07 11:15:01.948105 ( 3584) [INFO] [VCAMDS] NvMxnCltShmConsumer Skip removing app tracker DLL loaded status. Parent source filter is not initialized
I2026-10-07 11:15:03.952989 ( 3584) [INFO] [VCAMDS] Creating WndMsg Listener Window
I2026-10-07 11:15:03.955520 ( 3584) [INFO] [VCAMDS] Destroying parent object
I2026-10-07 11:15:03.955520 ( 3584) [INFO] [VCAMDS] Destroying WndMsg Listener Window
I2026-10-07 11:15:03.958880 ( 3584) [INFO] [VCAMDS] Destroyed window
I2026-10-07 11:15:03.958880 ( 3584) [INFO] [VCAMDS] Unregistered window class
I2026-10-07 11:15:03.959889 ( 3584) [INFO] [VCAMDS] NvMxnCltShmConsumer Skip removing app tracker DLL loaded status. Parent source filter is not initialized
I2026-10-07 11:15:05.965380 ( 3584) [INFO] [VCAMDS] Creating WndMsg Listener Window
I2026-10-07 11:15:05.968562 ( 3584) [INFO] [VCAMDS] Destroying parent object
I2026-10-07 11:15:05.968562 ( 3584) [INFO] [VCAMDS] Destroying WndMsg Listener Window
I2026-10-07 11:15:05.969570 ( 3584) [INFO] [VCAMDS] Destroyed window
I2026-10-07 11:15:05.969570 ( 3584) [INFO] [VCAMDS] Unregistered window class
I2026-10-07 11:15:05.969570 ( 3584) [INFO] [VCAMDS] NvMxnCltShmConsumer Skip removing app tracker DLL loaded status. Parent source filter is not initialized
I2026-10-07 11:15:07.975695 ( 3584) [INFO] [VCAMDS] Creating WndMsg Listener Window
I2026-10-07 11:15:07.982125 ( 3584) [INFO] [VCAMDS] Destroying parent object
I2026-10-07 11:15:07.983124 ( 3584) [INFO] [VCAMDS] Destroying WndMsg Listener Window
I2026-10-07 11:15:07.983124 ( 3584) [INFO] [VCAMDS] Destroyed window
I2026-10-07 11:15:07.983124 ( 3584) [INFO] [VCAMDS] Unregistered window class
I2026-10-07 11:15:07.983124 ( 3584) [INFO] [VCAMDS] NvMxnCltShmConsumer Skip removing app tracker DLL loaded status. Parent source filter is not initialized
I2026-10-07 11:15:09.988926 ( 3584) [INFO] [VCAMDS] Creating WndMsg Listener Window
I2026-10-07 11:15:09.991930 ( 3584) [INFO] [VCAMDS] Destroying parent object
I2026-10-07 11:15:09.991930 ( 3584) [INFO] [VCAMDS] Destroying WndMsg Listener Window
I2026-10-07 11:15:09.992928 ( 3584) [INFO] [VCAMDS] Destroyed window
I2026-10-07 11:15:09.992928 ( 3584) [INFO] [VCAMDS] Unregistered window class
I2026-10-07 11:15:09.992928 ( 3584) [INFO] [VCAMDS] NvMxnCltShmConsumer Skip removing app tracker DLL loaded status. Parent source filter is not initialized
I2026-10-07 11:15:11.999430 ( 3584) [INFO] [VCAMDS] Creating WndMsg Listener Window
I2026-10-07 11:15:12.002422 ( 3584) [INFO] [VCAMDS] Destroying parent object
I2026-10-07 11:15:12.003415 ( 3584) [INFO] [VCAMDS] Destroying WndMsg Listener Window
I2026-10-07 11:15:12.003415 ( 3584) [INFO] [VCAMDS] Destroyed window
I2026-10-07 11:15:12.004415 ( 3584) [INFO] [VCAMDS] Unregistered window class
I2026-10-07 11:15:12.004415 ( 3584) [INFO] [VCAMDS] NvMxnCltShmConsumer Skip removing app tracker DLL loaded status. Parent source filter is not initialized
I2026-10-07 11:15:14.011672 ( 3584) [INFO] [VCAMDS] Creating WndMsg Listener Window
I2026-10-07 11:15:14.015583 ( 3584) [INFO] [VCAMDS] Destroying parent object
I2026-10-07 11:15:14.016588 ( 3584) [INFO] [VCAMDS] Destroying WndMsg Listener Window
I2026-10-07 11:15:14.016588 ( 3584) [INFO] [VCAMDS] Destroyed window
I2026-10-07 11:15:14.016588 ( 3584) [INFO] [VCAMDS] Unregistered window class
I2026-10-07 11:15:14.016588 ( 3584) [INFO] [VCAMDS] NvMxnCltShmConsumer Skip removing app tracker DLL loaded status. Parent source filter is not initialized
I2026-10-07 11:15:16.022244 ( 3584) [INFO] [VCAMDS] Creating WndMsg Listener Window
I2026-10-07 11:15:16.025746 ( 3584) [INFO] [VCAMDS] Destroying parent object
I2026-10-07 11:15:16.026810 ( 3584) [INFO] [VCAMDS] Destroying WndMsg Listener Window
I2026-10-07 11:15:16.026810 ( 3584) [INFO] [VCAMDS] Destroyed window
I2026-10-07 11:15:16.027845 ( 3584) [INFO] [VCAMDS] Unregistered window class
I2026-10-07 11:15:16.027845 ( 3584) [INFO] [VCAMDS] NvMxnCltShmConsumer Skip removing app tracker DLL loaded status. Parent source filter is not initialized
I2026-10-07 11:15:18.032644 ( 3584) [INFO] [VCAMDS] Creating WndMsg Listener Window
I2026-10-07 11:15:18.043769 ( 3584) [INFO] [VCAMDS] Destroying parent object
I2026-10-07 11:15:18.043769 ( 3584) [INFO] [VCAMDS] Destroying WndMsg Listener Window
I2026-10-07 11:15:18.045593 ( 3584) [INFO] [VCAMDS] Destroyed window
I2026-10-07 11:15:18.045593 ( 3584) [INFO] [VCAMDS] Unregistered window class
I2026-10-07 11:15:18.045593 ( 3584) [INFO] [VCAMDS] NvMxnCltShmConsumer Skip removing app tracker DLL loaded status. Parent source filter is not initialized
I2026-10-07 11:15:20.051136 ( 3584) [INFO] [VCAMDS] Creating WndMsg Listener Window
I2026-10-07 11:15:20.053547 ( 3584) [INFO] [VCAMDS] Destroying parent object
I2026-10-07 11:15:20.053547 ( 3584) [INFO] [VCAMDS] Destroying WndMsg Listener Window
I2026-10-07 11:15:20.054546 ( 3584) [INFO] [VCAMDS] Destroyed window
I2026-10-07 11:15:20.055547 ( 3584) [INFO] [VCAMDS] Unregistered window class
I2026-10-07 11:15:20.055547 ( 3584) [INFO] [VCAMDS] NvMxnCltShmConsumer Skip removing app tracker DLL loaded status. Parent source filter is not initialized
I2026-10-07 11:15:22.060865 ( 3584) [INFO] [VCAMDS] Creating WndMsg Listener Window
I2026-10-07 11:15:22.063864 ( 3584) [INFO] [VCAMDS] Destroying parent object
I2026-10-07 11:15:22.063864 ( 3584) [INFO] [VCAMDS] Destroying WndMsg Listener Window
I2026-10-07 11:15:22.063864 ( 3584) [INFO] [VCAMDS] Destroyed window
I2026-10-07 11:15:22.063864 ( 3584) [INFO] [VCAMDS] Unregistered window class
I2026-10-07 11:15:22.063864 ( 3584) [INFO] [VCAMDS] NvMxnCltShmConsumer Skip removing app tracker DLL loaded status. Parent source filter is not initialized
I2026-10-07 11:15:24.069856 ( 3584) [INFO] [VCAMDS] Creating WndMsg Listener Window
I2026-10-07 11:15:24.071857 ( 3584) [INFO] [VCAMDS] Destroying parent object
I2026-10-07 11:15:24.072863 ( 3584) [INFO] [VCAMDS] Destroying WndMsg Listener Window
I2026-10-07 11:15:24.072863 ( 3584) [INFO] [VCAMDS] Destroyed window
I2026-10-07 11:15:24.073859 ( 3584) [INFO] [VCAMDS] Unregistered window class
I2026-10-07 11:15:24.073859 ( 3584) [INFO] [VCAMDS] NvMxnCltShmConsumer Skip removing app tracker DLL loaded status. Parent source filter is not initialized
I2026-10-07 11:15:26.078683 ( 3584) [INFO] [VCAMDS] Creating WndMsg Listener Window
I2026-10-07 11:15:26.091277 ( 3584) [INFO] [VCAMDS] Destroying parent object
I2026-10-07 11:15:26.091277 ( 3584) [INFO] [VCAMDS] Destroying WndMsg Listener Window
I2026-10-07 11:15:26.091784 ( 3584) [INFO] [VCAMDS] Destroyed window
I2026-10-07 11:15:26.091784 ( 3584) [INFO] [VCAMDS] Unregistered window class
I2026-10-07 11:15:26.091784 ( 3584) [INFO] [VCAMDS] NvMxnCltShmConsumer Skip removing app tracker DLL loaded status. Parent source filter is not initialized
I2026-10-07 11:15:28.097569 ( 3584) [INFO] [VCAMDS] Creating WndMsg Listener Window
I2026-10-07 11:15:28.106678 ( 3584) [INFO] [VCAMDS] Destroying parent object
I2026-10-07 11:15:28.106678 ( 3584) [INFO] [VCAMDS] Destroying WndMsg Listener Window
I2026-10-07 11:15:28.107677 ( 3584) [INFO] [VCAMDS] Destroyed window
I2026-10-07 11:15:28.107677 ( 3584) [INFO] [VCAMDS] Unregistered window class
I2026-10-07 11:15:28.107677 ( 3584) [INFO] [VCAMDS] NvMxnCltShmConsumer Skip removing app tracker DLL loaded status. Parent source filter is not initialized
I2026-10-07 11:15:30.112840 ( 3584) [INFO] [VCAMDS] Creating WndMsg Listener Window
I2026-10-07 11:15:30.116894 ( 3584) [INFO] [VCAMDS] Destroying parent object
I2026-10-07 11:15:30.116894 ( 3584) [INFO] [VCAMDS] Destroying WndMsg Listener Window
I2026-10-07 11:15:30.117904 ( 3584) [INFO] [VCAMDS] Destroyed window
I2026-10-07 11:15:30.117904 ( 3584) [INFO] [VCAMDS] Unregistered window class
I2026-10-07 11:15:30.118903 ( 3584) [INFO] [VCAMDS] NvMxnCltShmConsumer Skip removing app tracker DLL loaded status. Parent source filter is not initialized
I2026-10-07 11:15:32.124094 ( 3584) [INFO] [VCAMDS] Creating WndMsg Listener Window
I2026-10-07 11:15:32.126621 ( 3584) [INFO] [VCAMDS] Destroying parent object
I2026-10-07 11:15:32.126621 ( 3584) [INFO] [VCAMDS] Destroying WndMsg Listener Window
I2026-10-07 11:15:32.127621 ( 3584) [INFO] [VCAMDS] Destroyed window
I2026-10-07 11:15:32.127621 ( 3584) [INFO] [VCAMDS] Unregistered window class
I2026-10-07 11:15:32.127621 ( 3584) [INFO] [VCAMDS] NvMxnCltShmConsumer Skip removing app tracker DLL loaded status. Parent source filter is not initialized
I2026-10-07 11:15:34.133983 ( 3584) [INFO] [VCAMDS] Creating WndMsg Listener Window
I2026-10-07 11:15:34.135488 ( 3584) [INFO] [VCAMDS] Destroying parent object
I2026-10-07 11:15:34.137012 ( 3584) [INFO] [VCAMDS] Destroying WndMsg Listener Window
I2026-10-07 11:15:34.138017 ( 3584) [INFO] [VCAMDS] Destroyed window
I2026-10-07 11:15:34.139017 ( 3584) [INFO] [VCAMDS] Unregistered window class
I2026-10-07 11:15:34.139017 ( 3584) [INFO] [VCAMDS] NvMxnCltShmConsumer Skip removing app tracker DLL loaded status. Parent source filter is not initialized
I2026-10-07 11:15:36.144670 ( 3584) [INFO] [VCAMDS] Creating WndMsg Listener Window
I2026-10-07 11:15:36.147768 ( 3584) [INFO] [VCAMDS] Destroying parent object
I2026-10-07 11:15:36.147768 ( 3584) [INFO] [VCAMDS] Destroying WndMsg Listener Window
I2026-10-07 11:15:36.148766 ( 3584) [INFO] [VCAMDS] Destroyed window
I2026-10-07 11:15:36.148766 ( 3584) [INFO] [VCAMDS] Unregistered window class
I2026-10-07 11:15:36.148766 ( 3584) [INFO] [VCAMDS] NvMxnCltShmConsumer Skip removing app tracker DLL loaded status. Parent source filter is not initialized
I2026-10-07 11:15:38.153996 ( 3584) [INFO] [VCAMDS] Creating WndMsg Listener Window
I2026-10-07 11:15:38.158051 ( 3584) [INFO] [VCAMDS] Destroying parent object
I2026-10-07 11:15:38.158051 ( 3584) [INFO] [VCAMDS] Destroying WndMsg Listener Window
I2026-10-07 11:15:38.159052 ( 3584) [INFO] [VCAMDS] Destroyed window
I2026-10-07 11:15:38.159052 ( 3584) [INFO] [VCAMDS] Unregistered window class
I2026-10-07 11:15:38.159052 ( 3584) [INFO] [VCAMDS] NvMxnCltShmConsumer Skip removing app tracker DLL loaded status. Parent source filter is not initialized
I2026-10-07 11:15:40.165212 ( 3584) [INFO] [VCAMDS] Creating WndMsg Listener Window
I2026-10-07 11:15:40.170038 ( 3584) [INFO] [VCAMDS] Destroying parent object
I2026-10-07 11:15:40.171552 ( 3584) [INFO] [VCAMDS] Destroying WndMsg Listener Window
I2026-10-07 11:15:40.172561 ( 3584) [INFO] [VCAMDS] Destroyed window
I2026-10-07 11:15:40.172561 ( 3584) [INFO] [VCAMDS] Unregistered window class
I2026-10-07 11:15:40.172561 ( 3584) [INFO] [VCAMDS] NvMxnCltShmConsumer Skip removing app tracker DLL loaded status. Parent source filter is not initialized
I2026-10-07 11:15:42.179909 ( 3584) [INFO] [VCAMDS] Creating WndMsg Listener Window
I2026-10-07 11:15:42.183430 ( 3584) [INFO] [VCAMDS] Destroying parent object
I2026-10-07 11:15:42.183430 ( 3584) [INFO] [VCAMDS] Destroying WndMsg Listener Window
I2026-10-07 11:15:42.184430 ( 3584) [INFO] [VCAMDS] Destroyed window
I2026-10-07 11:15:42.185431 ( 3584) [INFO] [VCAMDS] Unregistered window class
I2026-10-07 11:15:42.185431 ( 3584) [INFO] [VCAMDS] NvMxnCltShmConsumer Skip removing app tracker DLL loaded status. Parent source filter is not initialized
I2026-10-07 11:15:44.190429 ( 3584) [INFO] [VCAMDS] Creating WndMsg Listener Window
I2026-10-07 11:15:44.193431 ( 3584) [INFO] [VCAMDS] Destroying parent object
I2026-10-07 11:15:44.193431 ( 3584) [INFO] [VCAMDS] Destroying WndMsg Listener Window
I2026-10-07 11:15:44.194430 ( 3584) [INFO] [VCAMDS] Destroyed window
I2026-10-07 11:15:44.194430 ( 3584) [INFO] [VCAMDS] Unregistered window class
I2026-10-07 11:15:44.194430 ( 3584) [INFO] [VCAMDS] NvMxnCltShmConsumer Skip removing app tracker DLL loaded status. Parent source filter is not initialized
I2026-10-07 11:15:46.200330 ( 3584) [INFO] [VCAMDS] Creating WndMsg Listener Window
I2026-10-07 11:15:46.203837 ( 3584) [INFO] [VCAMDS] Destroying parent object
I2026-10-07 11:15:46.205456 ( 3584) [INFO] [VCAMDS] Destroying WndMsg Listener Window
I2026-10-07 11:15:46.206462 ( 3584) [INFO] [VCAMDS] Destroyed window
I2026-10-07 11:15:46.206462 ( 3584) [INFO] [VCAMDS] Unregistered window class
I2026-10-07 11:15:46.206462 ( 3584) [INFO] [VCAMDS] NvMxnCltShmConsumer Skip removing app tracker DLL loaded status. Parent source filter is not initialized
I2026-10-07 11:15:48.212625 ( 3584) [INFO] [VCAMDS] Creating WndMsg Listener Window
I2026-10-07 11:15:48.217587 ( 3584) [INFO] [VCAMDS] Destroying parent object
I2026-10-07 11:15:48.217587 ( 3584) [INFO] [VCAMDS] Destroying WndMsg Listener Window
I2026-10-07 11:15:48.220119 ( 3584) [INFO] [VCAMDS] Destroyed window
I2026-10-07 11:15:48.220119 ( 3584) [INFO] [VCAMDS] Unregistered window class
I2026-10-07 11:15:48.220119 ( 3584) [INFO] [VCAMDS] NvMxnCltShmConsumer Skip removing app tracker DLL loaded status. Parent source filter is not initialized
I2026-10-07 11:15:50.226060 ( 3584) [INFO] [VCAMDS] Creating WndMsg Listener Window
I2026-10-07 11:15:50.229080 ( 3584) [INFO] [VCAMDS] Destroying parent object
I2026-10-07 11:15:50.230079 ( 3584) [INFO] [VCAMDS] Destroying WndMsg Listener Window
I2026-10-07 11:15:50.232080 ( 3584) [INFO] [VCAMDS] Destroyed window
I2026-10-07 11:15:50.233079 ( 3584) [INFO] [VCAMDS] Unregistered window class
I2026-10-07 11:15:50.233079 ( 3584) [INFO] [VCAMDS] NvMxnCltShmConsumer Skip removing app tracker DLL loaded status. Parent source filter is not initialized
I2026-10-07 11:15:52.243584 ( 3584) [INFO] [VCAMDS] Creating WndMsg Listener Window
I2026-10-07 11:15:52.248086 ( 3584) [INFO] [VCAMDS] Destroying parent object
I2026-10-07 11:15:52.248086 ( 3584) [INFO] [VCAMDS] Destroying WndMsg Listener Window
I2026-10-07 11:15:52.248086 ( 3584) [INFO] [VCAMDS] Destroyed window
I2026-10-07 11:15:52.249591 ( 3584) [INFO] [VCAMDS] Unregistered window class
I2026-10-07 11:15:52.249591 ( 3584) [INFO] [VCAMDS] NvMxnCltShmConsumer Skip removing app tracker DLL loaded status. Parent source filter is not initialized
I2026-10-07 11:15:54.255614 ( 3584) [INFO] [VCAMDS] Creating WndMsg Listener Window
I2026-10-07 11:15:54.258229 ( 3584) [INFO] [VCAMDS] Destroying parent object
I2026-10-07 11:15:54.258733 ( 3584) [INFO] [VCAMDS] Destroying WndMsg Listener Window
I2026-10-07 11:15:54.259738 ( 3584) [INFO] [VCAMDS] Destroyed window
I2026-10-07 11:15:54.259738 ( 3584) [INFO] [VCAMDS] Unregistered window class
I2026-10-07 11:15:54.259738 ( 3584) [INFO] [VCAMDS] NvMxnCltShmConsumer Skip removing app tracker DLL loaded status. Parent source filter is not initialized
I2026-10-07 11:15:56.266435 ( 3584) [INFO] [VCAMDS] Creating WndMsg Listener Window
I2026-10-07 11:15:56.269440 ( 3584) [INFO] [VCAMDS] Destroying parent object
I2026-10-07 11:15:56.269440 ( 3584) [INFO] [VCAMDS] Destroying WndMsg Listener Window
I2026-10-07 11:15:56.270440 ( 3584) [INFO] [VCAMDS] Destroyed window
I2026-10-07 11:15:56.270440 ( 3584) [INFO] [VCAMDS] Unregistered window class
I2026-10-07 11:15:56.270440 ( 3584) [INFO] [VCAMDS] NvMxnCltShmConsumer Skip removing app tracker DLL loaded status. Parent source filter is not initialized
I2026-10-07 11:15:58.275463 ( 3584) [INFO] [VCAMDS] Creating WndMsg Listener Window
I2026-10-07 11:15:58.277595 ( 3584) [INFO] [VCAMDS] Destroying parent object
I2026-10-07 11:15:58.280597 ( 3584) [INFO] [VCAMDS] Destroying WndMsg Listener Window
I2026-10-07 11:15:58.281597 ( 3584) [INFO] [VCAMDS] Destroyed window
I2026-10-07 11:15:58.281597 ( 3584) [INFO] [VCAMDS] Unregistered window class
I2026-10-07 11:15:58.281597 ( 3584) [INFO] [VCAMDS] NvMxnCltShmConsumer Skip removing app tracker DLL loaded status. Parent source filter is not initialized
I2026-10-07 11:16:00.287317 ( 3584) [INFO] [VCAMDS] Creating WndMsg Listener Window
I2026-10-07 11:16:00.291567 ( 3584) [INFO] [VCAMDS] Destroying parent object
I2026-10-07 11:16:00.291567 ( 3584) [INFO] [VCAMDS] Destroying WndMsg Listener Window
I2026-10-07 11:16:00.292554 ( 3584) [INFO] [VCAMDS] Destroyed window
I2026-10-07 11:16:00.292554 ( 3584) [INFO] [VCAMDS] Unregistered window class
I2026-10-07 11:16:00.292554 ( 3584) [INFO] [VCAMDS] NvMxnCltShmConsumer Skip removing app tracker DLL loaded status. Parent source filter is not initialized
I2026-10-07 11:16:02.297426 ( 3584) [INFO] [VCAMDS] Creating WndMsg Listener Window
I2026-10-07 11:16:02.300426 ( 3584) [INFO] [VCAMDS] Destroying parent object
I2026-10-07 11:16:02.300426 ( 3584) [INFO] [VCAMDS] Destroying WndMsg Listener Window
I2026-10-07 11:16:02.301424 ( 3584) [INFO] [VCAMDS] Destroyed window
I2026-10-07 11:16:02.301424 ( 3584) [INFO] [VCAMDS] Unregistered window class
I2026-10-07 11:16:02.301424 ( 3584) [INFO] [VCAMDS] NvMxnCltShmConsumer Skip removing app tracker DLL loaded status. Parent source filter is not initialized
I2026-10-07 11:16:04.308210 ( 3584) [INFO] [VCAMDS] Creating WndMsg Listener Window
I2026-10-07 11:16:04.311901 ( 3584) [INFO] [VCAMDS] Destroying parent object
I2026-10-07 11:16:04.311901 ( 3584) [INFO] [VCAMDS] Destroying WndMsg Listener Window
I2026-10-07 11:16:04.312902 ( 3584) [INFO] [VCAMDS] Destroyed window
I2026-10-07 11:16:04.312902 ( 3584) [INFO] [VCAMDS] Unregistered window class
I2026-10-07 11:16:04.312902 ( 3584) [INFO] [VCAMDS] NvMxnCltShmConsumer Skip removing app tracker DLL loaded status. Parent source filter is not initialized
I2026-10-07 11:16:06.318168 ( 3584) [INFO] [VCAMDS] Creating WndMsg Listener Window
I2026-10-07 11:16:06.331516 ( 3584) [INFO] [VCAMDS] Destroying parent object
I2026-10-07 11:16:06.331516 ( 3584) [INFO] [VCAMDS] Destroying WndMsg Listener Window
I2026-10-07 11:16:06.332516 ( 3584) [INFO] [VCAMDS] Destroyed window
I2026-10-07 11:16:06.332516 ( 3584) [INFO] [VCAMDS] Unregistered window class
I2026-10-07 11:16:06.333518 ( 3584) [INFO] [VCAMDS] NvMxnCltShmConsumer Skip removing app tracker DLL loaded status. Parent source filter is not initialized
I2026-10-07 11:16:08.338735 ( 3584) [INFO] [VCAMDS] Creating WndMsg Listener Window
I2026-10-07 11:16:08.341737 ( 3584) [INFO] [VCAMDS] Destroying parent object
I2026-10-07 11:16:08.341737 ( 3584) [INFO] [VCAMDS] Destroying WndMsg Listener Window
I2026-10-07 11:16:08.342736 ( 3584) [INFO] [VCAMDS] Destroyed window
I2026-10-07 11:16:08.342736 ( 3584) [INFO] [VCAMDS] Unregistered window class
I2026-10-07 11:16:08.342736 ( 3584) [INFO] [VCAMDS] NvMxnCltShmConsumer Skip removing app tracker DLL loaded status. Parent source filter is not initialized
I2026-10-07 11:16:10.349380 ( 3584) [INFO] [VCAMDS] Creating WndMsg Listener Window
I2026-10-07 11:16:10.352378 ( 3584) [INFO] [VCAMDS] Destroying parent object
I2026-10-07 11:16:10.352378 ( 3584) [INFO] [VCAMDS] Destroying WndMsg Listener Window
I2026-10-07 11:16:10.353369 ( 3584) [INFO] [VCAMDS] Destroyed window
I2026-10-07 11:16:10.353369 ( 3584) [INFO] [VCAMDS] Unregistered window class
I2026-10-07 11:16:10.353369 ( 3584) [INFO] [VCAMDS] NvMxnCltShmConsumer Skip removing app tracker DLL loaded status. Parent source filter is not initialized
I2026-10-07 11:16:12.361671 ( 3584) [INFO] [VCAMDS] Creating WndMsg Listener Window
I2026-10-07 11:16:12.367579 ( 3584) [INFO] [VCAMDS] Destroying parent object
I2026-10-07 11:16:12.367579 ( 3584) [INFO] [VCAMDS] Destroying WndMsg Listener Window
I2026-10-07 11:16:12.371001 ( 3584) [INFO] [VCAMDS] Destroyed window
I2026-10-07 11:16:12.371001 ( 3584) [INFO] [VCAMDS] Unregistered window class
I2026-10-07 11:16:12.371001 ( 3584) [INFO] [VCAMDS] NvMxnCltShmConsumer Skip removing app tracker DLL loaded status. Parent source filter is not initialized
I2026-10-07 11:16:14.378424 ( 3584) [INFO] [VCAMDS] Creating WndMsg Listener Window
I2026-10-07 11:16:14.381433 ( 3584) [INFO] [VCAMDS] Destroying parent object
I2026-10-07 11:16:14.381433 ( 3584) [INFO] [VCAMDS] Destroying WndMsg Listener Window
I2026-10-07 11:16:14.382429 ( 3584) [INFO] [VCAMDS] Destroyed window
I2026-10-07 11:16:14.382429 ( 3584) [INFO] [VCAMDS] Unregistered window class
I2026-10-07 11:16:14.383423 ( 3584) [INFO] [VCAMDS] NvMxnCltShmConsumer Skip removing app tracker DLL loaded status. Parent source filter is not initialized
I2026-10-07 11:16:16.388703 ( 3584) [INFO] [VCAMDS] Creating WndMsg Listener Window
I2026-10-07 11:16:16.396296 ( 3584) [INFO] [VCAMDS] Destroying parent object
I2026-10-07 11:16:16.396296 ( 3584) [INFO] [VCAMDS] Destroying WndMsg Listener Window
I2026-10-07 11:16:16.397307 ( 3584) [INFO] [VCAMDS] Destroyed window
I2026-10-07 11:16:16.397307 ( 3584) [INFO] [VCAMDS] Unregistered window class
I2026-10-07 11:16:16.397307 ( 3584) [INFO] [VCAMDS] NvMxnCltShmConsumer Skip removing app tracker DLL loaded status. Parent source filter is not initialized
I2026-10-07 11:16:18.403486 ( 3584) [INFO] [VCAMDS] Creating WndMsg Listener Window
I2026-10-07 11:16:18.405997 ( 3584) [INFO] [VCAMDS] Destroying parent object
I2026-10-07 11:16:18.405997 ( 3584) [INFO] [VCAMDS] Destroying WndMsg Listener Window
I2026-10-07 11:16:18.407002 ( 3584) [INFO] [VCAMDS] Destroyed window
I2026-10-07 11:16:18.407002 ( 3584) [INFO] [VCAMDS] Unregistered window class
I2026-10-07 11:16:18.407002 ( 3584) [INFO] [VCAMDS] NvMxnCltShmConsumer Skip removing app tracker DLL loaded status. Parent source filter is not initialized
I2026-10-07 11:16:20.412428 ( 3584) [INFO] [VCAMDS] Creating WndMsg Listener Window
I2026-10-07 11:16:20.416446 ( 3584) [INFO] [VCAMDS] Destroying parent object
I2026-10-07 11:16:20.417443 ( 3584) [INFO] [VCAMDS] Destroying WndMsg Listener Window
I2026-10-07 11:16:20.417443 ( 3584) [INFO] [VCAMDS] Destroyed window
I2026-10-07 11:16:20.418449 ( 3584) [INFO] [VCAMDS] Unregistered window class
I2026-10-07 11:16:20.418449 ( 3584) [INFO] [VCAMDS] NvMxnCltShmConsumer Skip removing app tracker DLL loaded status. Parent source filter is not initialized
I2026-10-07 11:16:22.422950 ( 3584) [INFO] [VCAMDS] Creating WndMsg Listener Window
I2026-10-07 11:16:22.425460 ( 3584) [INFO] [VCAMDS] Destroying parent object
I2026-10-07 11:16:22.425460 ( 3584) [INFO] [VCAMDS] Destroying WndMsg Listener Window
I2026-10-07 11:16:22.426468 ( 3584) [INFO] [VCAMDS] Destroyed window
I2026-10-07 11:16:22.426468 ( 3584) [INFO] [VCAMDS] Unregistered window class
I2026-10-07 11:16:22.426468 ( 3584) [INFO] [VCAMDS] NvMxnCltShmConsumer Skip removing app tracker DLL loaded status. Parent source filter is not initialized
I2026-10-07 11:16:24.432029 ( 3584) [INFO] [VCAMDS] Creating WndMsg Listener Window
I2026-10-07 11:16:24.443325 ( 3584) [INFO] [VCAMDS] Destroying parent object
I2026-10-07 11:16:24.444322 ( 3584) [INFO] [VCAMDS] Destroying WndMsg Listener Window
I2026-10-07 11:16:24.445322 ( 3584) [INFO] [VCAMDS] Destroyed window
I2026-10-07 11:16:24.445828 ( 3584) [INFO] [VCAMDS] Unregistered window class
I2026-10-07 11:16:24.445828 ( 3584) [INFO] [VCAMDS] NvMxnCltShmConsumer Skip removing app tracker DLL loaded status. Parent source filter is not initialized
I2026-10-07 11:16:26.451627 ( 3584) [INFO] [VCAMDS] Creating WndMsg Listener Window
I2026-10-07 11:16:26.454627 ( 3584) [INFO] [VCAMDS] Destroying parent object
I2026-10-07 11:16:26.455626 ( 3584) [INFO] [VCAMDS] Destroying WndMsg Listener Window
I2026-10-07 11:16:26.456671 ( 3584) [INFO] [VCAMDS] Destroyed window
I2026-10-07 11:16:26.456671 ( 3584) [INFO] [VCAMDS] Unregistered window class
I2026-10-07 11:16:26.456671 ( 3584) [INFO] [VCAMDS] NvMxnCltShmConsumer Skip removing app tracker DLL loaded status. Parent source filter is not initialized
I2026-10-07 11:16:28.462491 ( 3584) [INFO] [VCAMDS] Creating WndMsg Listener Window
I2026-10-07 11:16:28.466495 ( 3584) [INFO] [VCAMDS] Destroying parent object
I2026-10-07 11:16:28.466495 ( 3584) [INFO] [VCAMDS] Destroying WndMsg Listener Window
I2026-10-07 11:16:28.467486 ( 3584) [INFO] [VCAMDS] Destroyed window
I2026-10-07 11:16:28.467486 ( 3584) [INFO] [VCAMDS] Unregistered window class
I2026-10-07 11:16:28.467486 ( 3584) [INFO] [VCAMDS] NvMxnCltShmConsumer Skip removing app tracker DLL loaded status. Parent source filter is not initialized
I2026-10-07 11:16:30.471905 ( 3584) [INFO] [VCAMDS] Creating WndMsg Listener Window
I2026-10-07 11:16:30.475589 ( 3584) [INFO] [VCAMDS] Destroying parent object
I2026-10-07 11:16:30.475589 ( 3584) [INFO] [VCAMDS] Destroying WndMsg Listener Window
I2026-10-07 11:16:30.477095 ( 3584) [INFO] [VCAMDS] Destroyed window
I2026-10-07 11:16:30.477095 ( 3584) [INFO] [VCAMDS] Unregistered window class
I2026-10-07 11:16:30.478322 ( 3584) [INFO] [VCAMDS] NvMxnCltShmConsumer Skip removing app tracker DLL loaded status. Parent source filter is not initialized
I2026-10-07 11:16:32.484238 ( 3584) [INFO] [VCAMDS] Creating WndMsg Listener Window
I2026-10-07 11:16:32.485769 ( 3584) [INFO] [VCAMDS] Destroying parent object
I2026-10-07 11:16:32.486766 ( 3584) [INFO] [VCAMDS] Destroying WndMsg Listener Window
I2026-10-07 11:16:32.486766 ( 3584) [INFO] [VCAMDS] Destroyed window
I2026-10-07 11:16:32.487766 ( 3584) [INFO] [VCAMDS] Unregistered window class
I2026-10-07 11:16:32.487766 ( 3584) [INFO] [VCAMDS] NvMxnCltShmConsumer Skip removing app tracker DLL loaded status. Parent source filter is not initialized
I2026-10-07 11:16:34.494138 ( 3584) [INFO] [VCAMDS] Creating WndMsg Listener Window
I2026-10-07 11:16:34.500190 ( 3584) [INFO] [VCAMDS] Destroying parent object
I2026-10-07 11:16:34.501184 ( 3584) [INFO] [VCAMDS] Destroying WndMsg Listener Window
I2026-10-07 11:16:34.502184 ( 3584) [INFO] [VCAMDS] Destroyed window
I2026-10-07 11:16:34.502184 ( 3584) [INFO] [VCAMDS] Unregistered window class
I2026-10-07 11:16:34.502184 ( 3584) [INFO] [VCAMDS] NvMxnCltShmConsumer Skip removing app tracker DLL loaded status. Parent source filter is not initialized
I2026-10-07 11:16:36.507926 ( 3584) [INFO] [VCAMDS] Creating WndMsg Listener Window
I2026-10-07 11:16:36.512933 ( 3584) [INFO] [VCAMDS] Destroying parent object
I2026-10-07 11:16:36.512933 ( 3584) [INFO] [VCAMDS] Destroying WndMsg Listener Window
I2026-10-07 11:16:36.514285 ( 3584) [INFO] [VCAMDS] Destroyed window
I2026-10-07 11:16:36.514285 ( 3584) [INFO] [VCAMDS] Unregistered window class
I2026-10-07 11:16:36.515290 ( 3584) [INFO] [VCAMDS] NvMxnCltShmConsumer Skip removing app tracker DLL loaded status. Parent source filter is not initialized
I2026-10-07 11:16:38.521486 ( 3584) [INFO] [VCAMDS] Creating WndMsg Listener Window
I2026-10-07 11:16:38.524483 ( 3584) [INFO] [VCAMDS] Destroying parent object
I2026-10-07 11:16:38.524483 ( 3584) [INFO] [VCAMDS] Destroying WndMsg Listener Window
I2026-10-07 11:16:38.525483 ( 3584) [INFO] [VCAMDS] Destroyed window
I2026-10-07 11:16:38.526515 ( 3584) [INFO] [VCAMDS] Unregistered window class
I2026-10-07 11:16:38.526515 ( 3584) [INFO] [VCAMDS] NvMxnCltShmConsumer Skip removing app tracker DLL loaded status. Parent source filter is not initialized
I2026-10-07 11:16:40.531718 ( 3584) [INFO] [VCAMDS] Creating WndMsg Listener Window
I2026-10-07 11:16:40.534299 ( 3584) [INFO] [VCAMDS] Destroying parent object
I2026-10-07 11:16:40.535311 ( 3584) [INFO] [VCAMDS] Destroying WndMsg Listener Window
I2026-10-07 11:16:40.535311 ( 3584) [INFO] [VCAMDS] Destroyed window
I2026-10-07 11:16:40.535311 ( 3584) [INFO] [VCAMDS] Unregistered window class
I2026-10-07 11:16:40.536402 ( 3584) [INFO] [VCAMDS] NvMxnCltShmConsumer Skip removing app tracker DLL loaded status. Parent source filter is not initialized
I2026-10-07 11:16:42.541405 ( 3584) [INFO] [VCAMDS] Creating WndMsg Listener Window
I2026-10-07 11:16:42.545584 ( 3584) [INFO] [VCAMDS] Destroying parent object
I2026-10-07 11:16:42.545584 ( 3584) [INFO] [VCAMDS] Destroying WndMsg Listener Window
I2026-10-07 11:16:42.546589 ( 3584) [INFO] [VCAMDS] Destroyed window
I2026-10-07 11:16:42.546589 ( 3584) [INFO] [VCAMDS] Unregistered window class
I2026-10-07 11:16:42.547588 ( 3584) [INFO] [VCAMDS] NvMxnCltShmConsumer Skip removing app tracker DLL loaded status. Parent source filter is not initialized
I2026-10-07 11:16:44.552706 ( 3584) [INFO] [VCAMDS] Creating WndMsg Listener Window
I2026-10-07 11:16:44.555214 ( 3584) [INFO] [VCAMDS] Destroying parent object
I2026-10-07 11:16:44.556450 ( 3584) [INFO] [VCAMDS] Destroying WndMsg Listener Window
I2026-10-07 11:16:44.557451 ( 3584) [INFO] [VCAMDS] Destroyed window
I2026-10-07 11:16:44.557451 ( 3584) [INFO] [VCAMDS] Unregistered window class
I2026-10-07 11:16:44.557451 ( 3584) [INFO] [VCAMDS] NvMxnCltShmConsumer Skip removing app tracker DLL loaded status. Parent source filter is not initialized
I2026-10-07 11:16:46.563016 ( 3584) [INFO] [VCAMDS] Creating WndMsg Listener Window
I2026-10-07 11:16:46.565531 ( 3584) [INFO] [VCAMDS] Destroying parent object
I2026-10-07 11:16:46.565531 ( 3584) [INFO] [VCAMDS] Destroying WndMsg Listener Window
I2026-10-07 11:16:46.566540 ( 3584) [INFO] [VCAMDS] Destroyed window
I2026-10-07 11:16:46.566540 ( 3584) [INFO] [VCAMDS] Unregistered window class
I2026-10-07 11:16:46.566540 ( 3584) [INFO] [VCAMDS] NvMxnCltShmConsumer Skip removing app tracker DLL loaded status. Parent source filter is not initialized
I2026-10-07 11:16:48.571591 ( 3584) [INFO] [VCAMDS] Creating WndMsg Listener Window
I2026-10-07 11:16:48.574589 ( 3584) [INFO] [VCAMDS] Destroying parent object
I2026-10-07 11:16:48.574589 ( 3584) [INFO] [VCAMDS] Destroying WndMsg Listener Window
I2026-10-07 11:16:48.575589 ( 3584) [INFO] [VCAMDS] Destroyed window
I2026-10-07 11:16:48.575589 ( 3584) [INFO] [VCAMDS] Unregistered window class
I2026-10-07 11:16:48.575589 ( 3584) [INFO] [VCAMDS] NvMxnCltShmConsumer Skip removing app tracker DLL loaded status. Parent source filter is not initialized
I2026-10-07 11:16:50.581413 ( 3584) [INFO] [VCAMDS] Creating WndMsg Listener Window
I2026-10-07 11:16:50.583411 ( 3584) [INFO] [VCAMDS] Destroying parent object
I2026-10-07 11:16:50.584411 ( 3584) [INFO] [VCAMDS] Destroying WndMsg Listener Window
I2026-10-07 11:16:50.586576 ( 3584) [INFO] [VCAMDS] Destroyed window
I2026-10-07 11:16:50.586576 ( 3584) [INFO] [VCAMDS] Unregistered window class
I2026-10-07 11:16:50.588579 ( 3584) [INFO] [VCAMDS] NvMxnCltShmConsumer Skip removing app tracker DLL loaded status. Parent source filter is not initialized
I2026-10-07 11:16:52.595403 ( 3584) [INFO] [VCAMDS] Creating WndMsg Listener Window
I2026-10-07 11:16:52.597477 ( 3584) [INFO] [VCAMDS] Destroying parent object
I2026-10-07 11:16:52.598479 ( 3584) [INFO] [VCAMDS] Destroying WndMsg Listener Window
I2026-10-07 11:16:52.598479 ( 3584) [INFO] [VCAMDS] Destroyed window
I2026-10-07 11:16:52.599478 ( 3584) [INFO] [VCAMDS] Unregistered window class
I2026-10-07 11:16:52.599478 ( 3584) [INFO] [VCAMDS] NvMxnCltShmConsumer Skip removing app tracker DLL loaded status. Parent source filter is not initialized
I2026-10-07 11:16:54.605314 ( 3584) [INFO] [VCAMDS] Creating WndMsg Listener Window
I2026-10-07 11:16:54.608839 ( 3584) [INFO] [VCAMDS] Destroying parent object
I2026-10-07 11:16:54.608839 ( 3584) [INFO] [VCAMDS] Destroying WndMsg Listener Window
I2026-10-07 11:16:54.610327 ( 3584) [INFO] [VCAMDS] Destroyed window
I2026-10-07 11:16:54.611332 ( 3584) [INFO] [VCAMDS] Unregistered window class
I2026-10-07 11:16:54.611332 ( 3584) [INFO] [VCAMDS] NvMxnCltShmConsumer Skip removing app tracker DLL loaded status. Parent source filter is not initialized
I2026-10-07 11:16:56.616552 ( 3584) [INFO] [VCAMDS] Creating WndMsg Listener Window
I2026-10-07 11:16:56.620863 ( 3584) [INFO] [VCAMDS] Destroying parent object
I2026-10-07 11:16:56.620863 ( 3584) [INFO] [VCAMDS] Destroying WndMsg Listener Window
I2026-10-07 11:16:56.622866 ( 3584) [INFO] [VCAMDS] Destroyed window
I2026-10-07 11:16:56.623863 ( 3584) [INFO] [VCAMDS] Unregistered window class
I2026-10-07 11:16:56.623863 ( 3584) [INFO] [VCAMDS] NvMxnCltShmConsumer Skip removing app tracker DLL loaded status. Parent source filter is not initialized
I2026-10-07 11:16:58.628517 ( 3584) [INFO] [VCAMDS] Creating WndMsg Listener Window
I2026-10-07 11:16:58.631525 ( 3584) [INFO] [VCAMDS] Destroying parent object
I2026-10-07 11:16:58.631525 ( 3584) [INFO] [VCAMDS] Destroying WndMsg Listener Window
I2026-10-07 11:16:58.632526 ( 3584) [INFO] [VCAMDS] Destroyed window
I2026-10-07 11:16:58.632526 ( 3584) [INFO] [VCAMDS] Unregistered window class
I2026-10-07 11:16:58.632526 ( 3584) [INFO] [VCAMDS] NvMxnCltShmConsumer Skip removing app tracker DLL loaded status. Parent source filter is not initialized
I2026-10-07 11:17:00.638407 ( 3584) [INFO] [VCAMDS] Creating WndMsg Listener Window
I2026-10-07 11:17:00.641405 ( 3584) [INFO] [VCAMDS] Destroying parent object
I2026-10-07 11:17:00.641405 ( 3584) [INFO] [VCAMDS] Destroying WndMsg Listener Window
I2026-10-07 11:17:00.642405 ( 3584) [INFO] [VCAMDS] Destroyed window
I2026-10-07 11:17:00.642405 ( 3584) [INFO] [VCAMDS] Unregistered window class
I2026-10-07 11:17:00.642405 ( 3584) [INFO] [VCAMDS] NvMxnCltShmConsumer Skip removing app tracker DLL loaded status. Parent source filter is not initialized
I2026-10-07 11:17:02.649459 ( 3584) [INFO] [VCAMDS] Creating WndMsg Listener Window
I2026-10-07 11:17:02.652459 ( 3584) [INFO] [VCAMDS] Destroying parent object
I2026-10-07 11:17:02.652459 ( 3584) [INFO] [VCAMDS] Destroying WndMsg Listener Window
I2026-10-07 11:17:02.653460 ( 3584) [INFO] [VCAMDS] Destroyed window
I2026-10-07 11:17:02.653460 ( 3584) [INFO] [VCAMDS] Unregistered window class
I2026-10-07 11:17:02.653460 ( 3584) [INFO] [VCAMDS] NvMxnCltShmConsumer Skip removing app tracker DLL loaded status. Parent source filter is not initialized
I2026-10-07 11:17:04.659940 ( 3584) [INFO] [VCAMDS] Creating WndMsg Listener Window
I2026-10-07 11:17:04.664455 ( 3584) [INFO] [VCAMDS] Destroying parent object
I2026-10-07 11:17:04.665454 ( 3584) [INFO] [VCAMDS] Destroying WndMsg Listener Window
I2026-10-07 11:17:04.665454 ( 3584) [INFO] [VCAMDS] Destroyed window
I2026-10-07 11:17:04.666867 ( 3584) [INFO] [VCAMDS] Unregistered window class
I2026-10-07 11:17:04.666867 ( 3584) [INFO] [VCAMDS] NvMxnCltShmConsumer Skip removing app tracker DLL loaded status. Parent source filter is not initialized
I2026-10-07 11:17:06.672721 ( 3584) [INFO] [VCAMDS] Creating WndMsg Listener Window
I2026-10-07 11:17:06.676823 ( 3584) [INFO] [VCAMDS] Destroying parent object
I2026-10-07 11:17:06.676823 ( 3584) [INFO] [VCAMDS] Destroying WndMsg Listener Window
I2026-10-07 11:17:06.677821 ( 3584) [INFO] [VCAMDS] Destroyed window
I2026-10-07 11:17:06.677821 ( 3584) [INFO] [VCAMDS] Unregistered window class
I2026-10-07 11:17:06.677821 ( 3584) [INFO] [VCAMDS] NvMxnCltShmConsumer Skip removing app tracker DLL loaded status. Parent source filter is not initialized
I2026-10-07 11:17:08.682875 ( 3584) [INFO] [VCAMDS] Creating WndMsg Listener Window
I2026-10-07 11:17:08.696429 ( 3584) [INFO] [VCAMDS] Destroying parent object
I2026-10-07 11:17:08.696429 ( 3584) [INFO] [VCAMDS] Destroying WndMsg Listener Window
I2026-10-07 11:17:08.698436 ( 3584) [INFO] [VCAMDS] Destroyed window
I2026-10-07 11:17:08.698436 ( 3584) [INFO] [VCAMDS] Unregistered window class
I2026-10-07 11:17:08.698436 ( 3584) [INFO] [VCAMDS] NvMxnCltShmConsumer Skip removing app tracker DLL loaded status. Parent source filter is not initialized
I2026-10-07 11:17:10.704583 ( 3584) [INFO] [VCAMDS] Creating WndMsg Listener Window
I2026-10-07 11:17:11.764735 ( 3584) [INFO] [VCAMDS] Destroying parent object
I2026-10-07 11:17:11.764735 ( 3584) [INFO] [VCAMDS] Destroying WndMsg Listener Window
I2026-10-07 11:17:11.767524 ( 3584) [INFO] [VCAMDS] Destroyed window
I2026-10-07 11:17:11.768741 ( 3584) [INFO] [VCAMDS] Unregistered window class
I2026-10-07 11:17:11.768741 ( 3584) [INFO] [VCAMDS] NvMxnCltShmConsumer Skip removing app tracker DLL loaded status. Parent source filter is not initialized
I2026-10-07 11:17:13.775907 ( 3584) [INFO] [VCAMDS] Creating WndMsg Listener Window
I2026-10-07 11:17:13.786767 ( 3584) [INFO] [VCAMDS] Destroying parent object
I2026-10-07 11:17:13.786767 ( 3584) [INFO] [VCAMDS] Destroying WndMsg Listener Window
I2026-10-07 11:17:13.788766 ( 3584) [INFO] [VCAMDS] Destroyed window
I2026-10-07 11:17:13.788766 ( 3584) [INFO] [VCAMDS] Unregistered window class
I2026-10-07 11:17:13.788766 ( 3584) [INFO] [VCAMDS] NvMxnCltShmConsumer Skip removing app tracker DLL loaded status. Parent source filter is not initialized
I2026-10-07 11:17:15.795552 ( 3584) [INFO] [VCAMDS] Creating WndMsg Listener Window
I2026-10-07 11:17:15.798557 ( 3584) [INFO] [VCAMDS] Destroying parent object
I2026-10-07 11:17:15.799557 ( 3584) [INFO] [VCAMDS] Destroying WndMsg Listener Window
I2026-10-07 11:17:15.800556 ( 3584) [INFO] [VCAMDS] Destroyed window
I2026-10-07 11:17:15.800556 ( 3584) [INFO] [VCAMDS] Unregistered window class
I2026-10-07 11:17:15.800556 ( 3584) [INFO] [VCAMDS] NvMxnCltShmConsumer Skip removing app tracker DLL loaded status. Parent source filter is not initialized
I2026-10-07 11:17:17.807179 ( 3584) [INFO] [VCAMDS] Creating WndMsg Listener Window
I2026-10-07 11:17:17.809683 ( 3584) [INFO] [VCAMDS] Destroying parent object
I2026-10-07 11:17:17.815688 ( 3584) [INFO] [VCAMDS] Destroying WndMsg Listener Window
I2026-10-07 11:17:17.816776 ( 3584) [INFO] [VCAMDS] Destroyed window
I2026-10-07 11:17:17.816776 ( 3584) [INFO] [VCAMDS] Unregistered window class
I2026-10-07 11:17:17.816776 ( 3584) [INFO] [VCAMDS] NvMxnCltShmConsumer Skip removing app tracker DLL loaded status. Parent source filter is not initialized
I2026-10-07 11:17:19.821662 ( 3584) [INFO] [VCAMDS] Creating WndMsg Listener Window
I2026-10-07 11:17:19.824666 ( 3584) [INFO] [VCAMDS] Destroying parent object
I2026-10-07 11:17:19.825666 ( 3584) [INFO] [VCAMDS] Destroying WndMsg Listener Window
I2026-10-07 11:17:19.826174 ( 3584) [INFO] [VCAMDS] Destroyed window
I2026-10-07 11:17:19.826174 ( 3584) [INFO] [VCAMDS] Unregistered window class
I2026-10-07 11:17:19.826174 ( 3584) [INFO] [VCAMDS] NvMxnCltShmConsumer Skip removing app tracker DLL loaded status. Parent source filter is not initialized
I2026-10-07 11:17:21.834162 ( 3584) [INFO] [VCAMDS] Creating WndMsg Listener Window
I2026-10-07 11:17:21.836690 ( 3584) [INFO] [VCAMDS] Destroying parent object
I2026-10-07 11:17:21.836690 ( 3584) [INFO] [VCAMDS] Destroying WndMsg Listener Window
I2026-10-07 11:17:21.837690 ( 3584) [INFO] [VCAMDS] Destroyed window
I2026-10-07 11:17:21.837690 ( 3584) [INFO] [VCAMDS] Unregistered window class
I2026-10-07 11:17:21.837690 ( 3584) [INFO] [VCAMDS] NvMxnCltShmConsumer Skip removing app tracker DLL loaded status. Parent source filter is not initialized
I2026-10-07 11:17:23.843351 ( 3584) [INFO] [VCAMDS] Creating WndMsg Listener Window
I2026-10-07 11:17:23.846761 ( 3584) [INFO] [VCAMDS] Destroying parent object
I2026-10-07 11:17:23.846761 ( 3584) [INFO] [VCAMDS] Destroying WndMsg Listener Window
I2026-10-07 11:17:23.847764 ( 3584) [INFO] [VCAMDS] Destroyed window
I2026-10-07 11:17:23.848762 ( 3584) [INFO] [VCAMDS] Unregistered window class
I2026-10-07 11:17:23.848762 ( 3584) [INFO] [VCAMDS] NvMxnCltShmConsumer Skip removing app tracker DLL loaded status. Parent source filter is not initialized
I2026-10-07 11:17:25.854274 ( 3584) [INFO] [VCAMDS] Creating WndMsg Listener Window
I2026-10-07 11:17:25.856886 ( 3584) [INFO] [VCAMDS] Destroying parent object
I2026-10-07 11:17:25.856886 ( 3584) [INFO] [VCAMDS] Destroying WndMsg Listener Window
I2026-10-07 11:17:25.857925 ( 3584) [INFO] [VCAMDS] Destroyed window
I2026-10-07 11:17:25.857925 ( 3584) [INFO] [VCAMDS] Unregistered window class
I2026-10-07 11:17:25.857925 ( 3584) [INFO] [VCAMDS] NvMxnCltShmConsumer Skip removing app tracker DLL loaded status. Parent source filter is not initialized
I2026-10-07 11:17:27.862768 ( 3584) [INFO] [VCAMDS] Creating WndMsg Listener Window
I2026-10-07 11:17:27.869288 ( 3584) [INFO] [VCAMDS] Destroying parent object
I2026-10-07 11:17:27.869288 ( 3584) [INFO] [VCAMDS] Destroying WndMsg Listener Window
I2026-10-07 11:17:27.870436 ( 3584) [INFO] [VCAMDS] Destroyed window
I2026-10-07 11:17:27.870436 ( 3584) [INFO] [VCAMDS] Unregistered window class
I2026-10-07 11:17:27.870436 ( 3584) [INFO] [VCAMDS] NvMxnCltShmConsumer Skip removing app tracker DLL loaded status. Parent source filter is not initialized
I2026-10-07 11:17:29.877583 ( 3584) [INFO] [VCAMDS] Creating WndMsg Listener Window
I2026-10-07 11:17:29.882248 ( 3584) [INFO] [VCAMDS] Destroying parent object
I2026-10-07 11:17:29.883255 ( 3584) [INFO] [VCAMDS] Destroying WndMsg Listener Window
I2026-10-07 11:17:29.883255 ( 3584) [INFO] [VCAMDS] Destroyed window
I2026-10-07 11:17:29.884254 ( 3584) [INFO] [VCAMDS] Unregistered window class
I2026-10-07 11:17:29.884254 ( 3584) [INFO] [VCAMDS] NvMxnCltShmConsumer Skip removing app tracker DLL loaded status. Parent source filter is not initialized
I2026-10-07 11:17:31.889338 ( 3584) [INFO] [VCAMDS] Creating WndMsg Listener Window
I2026-10-07 11:17:31.895352 ( 3584) [INFO] [VCAMDS] Destroying parent object
I2026-10-07 11:17:31.895352 ( 3584) [INFO] [VCAMDS] Destroying WndMsg Listener Window
I2026-10-07 11:17:31.896363 ( 3584) [INFO] [VCAMDS] Destroyed window
I2026-10-07 11:17:31.896363 ( 3584) [INFO] [VCAMDS] Unregistered window class
I2026-10-07 11:17:31.896363 ( 3584) [INFO] [VCAMDS] NvMxnCltShmConsumer Skip removing app tracker DLL loaded status. Parent source filter is not initialized
I2026-10-07 11:17:33.901968 ( 3584) [INFO] [VCAMDS] Creating WndMsg Listener Window
I2026-10-07 11:17:33.907485 ( 3584) [INFO] [VCAMDS] Destroying parent object
I2026-10-07 11:17:33.907485 ( 3584) [INFO] [VCAMDS] Destroying WndMsg Listener Window
I2026-10-07 11:17:33.908484 ( 3584) [INFO] [VCAMDS] Destroyed window
I2026-10-07 11:17:33.909483 ( 3584) [INFO] [VCAMDS] Unregistered window class
I2026-10-07 11:17:33.909483 ( 3584) [INFO] [VCAMDS] NvMxnCltShmConsumer Skip removing app tracker DLL loaded status. Parent source filter is not initialized
I2026-10-07 11:17:35.915755 ( 3584) [INFO] [VCAMDS] Creating WndMsg Listener Window
I2026-10-07 11:17:35.917766 ( 3584) [INFO] [VCAMDS] Destroying parent object
I2026-10-07 11:17:35.920773 ( 3584) [INFO] [VCAMDS] Destroying WndMsg Listener Window
I2026-10-07 11:17:35.921765 ( 3584) [INFO] [VCAMDS] Destroyed window
I2026-10-07 11:17:35.921765 ( 3584) [INFO] [VCAMDS] Unregistered window class
I2026-10-07 11:17:35.921765 ( 3584) [INFO] [VCAMDS] NvMxnCltShmConsumer Skip removing app tracker DLL loaded status. Parent source filter is not initialized
I2026-10-07 11:17:37.928316 ( 3584) [INFO] [VCAMDS] Creating WndMsg Listener Window
I2026-10-07 11:17:37.940342 ( 3584) [INFO] [VCAMDS] Destroying parent object
I2026-10-07 11:17:37.941342 ( 3584) [INFO] [VCAMDS] Destroying WndMsg Listener Window
I2026-10-07 11:17:37.942345 ( 3584) [INFO] [VCAMDS] Destroyed window
I2026-10-07 11:17:37.943341 ( 3584) [INFO] [VCAMDS] Unregistered window class
I2026-10-07 11:17:37.943341 ( 3584) [INFO] [VCAMDS] NvMxnCltShmConsumer Skip removing app tracker DLL loaded status. Parent source filter is not initialized
I2026-10-07 11:17:39.948793 ( 3584) [INFO] [VCAMDS] Creating WndMsg Listener Window
I2026-10-07 11:17:39.950793 ( 3584) [INFO] [VCAMDS] Destroying parent object
I2026-10-07 11:17:39.951792 ( 3584) [INFO] [VCAMDS] Destroying WndMsg Listener Window
I2026-10-07 11:17:39.951792 ( 3584) [INFO] [VCAMDS] Destroyed window
I2026-10-07 11:17:39.952792 ( 3584) [INFO] [VCAMDS] Unregistered window class
I2026-10-07 11:17:39.952792 ( 3584) [INFO] [VCAMDS] NvMxnCltShmConsumer Skip removing app tracker DLL loaded status. Parent source filter is not initialized
I2026-10-07 11:17:41.958209 ( 3584) [INFO] [VCAMDS] Creating WndMsg Listener Window
I2026-10-07 11:17:41.976759 ( 3584) [INFO] [VCAMDS] Destroying parent object
I2026-10-07 11:17:41.976759 ( 3584) [INFO] [VCAMDS] Destroying WndMsg Listener Window
I2026-10-07 11:17:41.978262 ( 3584) [INFO] [VCAMDS] Destroyed window
I2026-10-07 11:17:41.978785 ( 3584) [INFO] [VCAMDS] Unregistered window class
I2026-10-07 11:17:41.978785 ( 3584) [INFO] [VCAMDS] NvMxnCltShmConsumer Skip removing app tracker DLL loaded status. Parent source filter is not initialized
I2026-10-07 11:17:43.983646 ( 3584) [INFO] [VCAMDS] Creating WndMsg Listener Window
I2026-10-07 11:17:43.986157 ( 3584) [INFO] [VCAMDS] Destroying parent object
I2026-10-07 11:17:43.986157 ( 3584) [INFO] [VCAMDS] Destroying WndMsg Listener Window
I2026-10-07 11:17:43.987700 ( 3584) [INFO] [VCAMDS] Destroyed window
I2026-10-07 11:17:43.987700 ( 3584) [INFO] [VCAMDS] Unregistered window class
I2026-10-07 11:17:43.987700 ( 3584) [INFO] [VCAMDS] NvMxnCltShmConsumer Skip removing app tracker DLL loaded status. Parent source filter is not initialized
I2026-10-07 11:17:45.994184 ( 3584) [INFO] [VCAMDS] Creating WndMsg Listener Window
I2026-10-07 11:17:45.995703 ( 3584) [INFO] [VCAMDS] Destroying parent object
I2026-10-07 11:17:45.996724 ( 3584) [INFO] [VCAMDS] Destroying WndMsg Listener Window
I2026-10-07 11:17:45.996724 ( 3584) [INFO] [VCAMDS] Destroyed window
I2026-10-07 11:17:46.000710 ( 3584) [INFO] [VCAMDS] Unregistered window class
I2026-10-07 11:17:46.000710 ( 3584) [INFO] [VCAMDS] NvMxnCltShmConsumer Skip removing app tracker DLL loaded status. Parent source filter is not initialized
I2026-10-07 11:17:48.006650 ( 3584) [INFO] [VCAMDS] Creating WndMsg Listener Window
I2026-10-07 11:17:48.013576 ( 3584) [INFO] [VCAMDS] Destroying parent object
I2026-10-07 11:17:48.014577 ( 3584) [INFO] [VCAMDS] Destroying WndMsg Listener Window
I2026-10-07 11:17:48.014577 ( 3584) [INFO] [VCAMDS] Destroyed window
I2026-10-07 11:17:48.015576 ( 3584) [INFO] [VCAMDS] Unregistered window class
I2026-10-07 11:17:48.015576 ( 3584) [INFO] [VCAMDS] NvMxnCltShmConsumer Skip removing app tracker DLL loaded status. Parent source filter is not initialized
I2026-10-07 11:17:50.020149 ( 3584) [INFO] [VCAMDS] Creating WndMsg Listener Window
I2026-10-07 11:17:50.023617 ( 3584) [INFO] [VCAMDS] Destroying parent object
I2026-10-07 11:17:50.023617 ( 3584) [INFO] [VCAMDS] Destroying WndMsg Listener Window
I2026-10-07 11:17:50.024617 ( 3584) [INFO] [VCAMDS] Destroyed window
I2026-10-07 11:17:50.024617 ( 3584) [INFO] [VCAMDS] Unregistered window class
I2026-10-07 11:17:50.025704 ( 3584) [INFO] [VCAMDS] NvMxnCltShmConsumer Skip removing app tracker DLL loaded status. Parent source filter is not initialized
I2026-10-07 11:17:52.032721 ( 3584) [INFO] [VCAMDS] Creating WndMsg Listener Window
I2026-10-07 11:17:52.034731 ( 3584) [INFO] [VCAMDS] Destroying parent object
I2026-10-07 11:17:52.035720 ( 3584) [INFO] [VCAMDS] Destroying WndMsg Listener Window
I2026-10-07 11:17:52.035720 ( 3584) [INFO] [VCAMDS] Destroyed window
I2026-10-07 11:17:52.035720 ( 3584) [INFO] [VCAMDS] Unregistered window class
I2026-10-07 11:17:52.035720 ( 3584) [INFO] [VCAMDS] NvMxnCltShmConsumer Skip removing app tracker DLL loaded status. Parent source filter is not initialized
I2026-10-07 11:17:54.041688 ( 3584) [INFO] [VCAMDS] Creating WndMsg Listener Window
I2026-10-07 11:17:54.045689 ( 3584) [INFO] [VCAMDS] Destroying parent object
I2026-10-07 11:17:54.046808 ( 3584) [INFO] [VCAMDS] Destroying WndMsg Listener Window
I2026-10-07 11:17:54.047809 ( 3584) [INFO] [VCAMDS] Destroyed window
I2026-10-07 11:17:54.047809 ( 3584) [INFO] [VCAMDS] Unregistered window class
I2026-10-07 11:17:54.047809 ( 3584) [INFO] [VCAMDS] NvMxnCltShmConsumer Skip removing app tracker DLL loaded status. Parent source filter is not initialized
I2026-10-07 11:17:56.053745 ( 3584) [INFO] [VCAMDS] Creating WndMsg Listener Window
I2026-10-07 11:17:56.056260 ( 3584) [INFO] [VCAMDS] Destroying parent object
I2026-10-07 11:17:56.056260 ( 3584) [INFO] [VCAMDS] Destroying WndMsg Listener Window
I2026-10-07 11:17:56.057266 ( 3584) [INFO] [VCAMDS] Destroyed window
I2026-10-07 11:17:56.057266 ( 3584) [INFO] [VCAMDS] Unregistered window class
I2026-10-07 11:17:56.057266 ( 3584) [INFO] [VCAMDS] NvMxnCltShmConsumer Skip removing app tracker DLL loaded status. Parent source filter is not initialized
I2026-10-07 11:17:58.062613 ( 3584) [INFO] [VCAMDS] Creating WndMsg Listener Window
I2026-10-07 11:17:58.065614 ( 3584) [INFO] [VCAMDS] Destroying parent object
I2026-10-07 11:17:58.065614 ( 3584) [INFO] [VCAMDS] Destroying WndMsg Listener Window
I2026-10-07 11:17:58.066661 ( 3584) [INFO] [VCAMDS] Destroyed window
I2026-10-07 11:17:58.066661 ( 3584) [INFO] [VCAMDS] Unregistered window class
I2026-10-07 11:17:58.066661 ( 3584) [INFO] [VCAMDS] NvMxnCltShmConsumer Skip removing app tracker DLL loaded status. Parent source filter is not initialized
I2026-10-07 11:18:00.072566 ( 3584) [INFO] [VCAMDS] Creating WndMsg Listener Window
I2026-10-07 11:18:00.076622 ( 3584) [INFO] [VCAMDS] Destroying parent object
I2026-10-07 11:18:00.077636 ( 3584) [INFO] [VCAMDS] Destroying WndMsg Listener Window
I2026-10-07 11:18:00.077636 ( 3584) [INFO] [VCAMDS] Destroyed window
I2026-10-07 11:18:00.078625 ( 3584) [INFO] [VCAMDS] Unregistered window class
I2026-10-07 11:18:00.078625 ( 3584) [INFO] [VCAMDS] NvMxnCltShmConsumer Skip removing app tracker DLL loaded status. Parent source filter is not initialized
I2026-10-07 11:18:02.085902 ( 3584) [INFO] [VCAMDS] Creating WndMsg Listener Window
I2026-10-07 11:18:02.087910 ( 3584) [INFO] [VCAMDS] Destroying parent object
I2026-10-07 11:18:02.093900 ( 3584) [INFO] [VCAMDS] Destroying WndMsg Listener Window
I2026-10-07 11:18:02.093900 ( 3584) [INFO] [VCAMDS] Destroyed window
I2026-10-07 11:18:02.093900 ( 3584) [INFO] [VCAMDS] Unregistered window class
I2026-10-07 11:18:02.093900 ( 3584) [INFO] [VCAMDS] NvMxnCltShmConsumer Skip removing app tracker DLL loaded status. Parent source filter is not initialized
I2026-10-07 11:18:04.099908 ( 3584) [INFO] [VCAMDS] Creating WndMsg Listener Window
I2026-10-07 11:18:04.102914 ( 3584) [INFO] [VCAMDS] Destroying parent object
I2026-10-07 11:18:04.106421 ( 3584) [INFO] [VCAMDS] Destroying WndMsg Listener Window
I2026-10-07 11:18:04.107420 ( 3584) [INFO] [VCAMDS] Destroyed window
I2026-10-07 11:18:04.107420 ( 3584) [INFO] [VCAMDS] Unregistered window class
I2026-10-07 11:18:04.107420 ( 3584) [INFO] [VCAMDS] NvMxnCltShmConsumer Skip removing app tracker DLL loaded status. Parent source filter is not initialized
I2026-10-07 11:18:06.113225 ( 3584) [INFO] [VCAMDS] Creating WndMsg Listener Window
I2026-10-07 11:18:06.116308 ( 3584) [INFO] [VCAMDS] Destroying parent object
I2026-10-07 11:18:06.116308 ( 3584) [INFO] [VCAMDS] Destroying WndMsg Listener Window
I2026-10-07 11:18:06.117303 ( 3584) [INFO] [VCAMDS] Destroyed window
I2026-10-07 11:18:06.117303 ( 3584) [INFO] [VCAMDS] Unregistered window class
I2026-10-07 11:18:06.117303 ( 3584) [INFO] [VCAMDS] NvMxnCltShmConsumer Skip removing app tracker DLL loaded status. Parent source filter is not initialized
I2026-10-07 11:18:08.122881 ( 3584) [INFO] [VCAMDS] Creating WndMsg Listener Window
I2026-10-07 11:18:08.125406 ( 3584) [INFO] [VCAMDS] Destroying parent object
I2026-10-07 11:18:08.131422 ( 3584) [INFO] [VCAMDS] Destroying WndMsg Listener Window
I2026-10-07 11:18:08.132417 ( 3584) [INFO] [VCAMDS] Destroyed window
I2026-10-07 11:18:08.132417 ( 3584) [INFO] [VCAMDS] Unregistered window class
I2026-10-07 11:18:08.132417 ( 3584) [INFO] [VCAMDS] NvMxnCltShmConsumer Skip removing app tracker DLL loaded status. Parent source filter is not initialized
I2026-10-07 11:18:10.137609 ( 3584) [INFO] [VCAMDS] Creating WndMsg Listener Window
I2026-10-07 11:18:10.140614 ( 3584) [INFO] [VCAMDS] Destroying parent object
I2026-10-07 11:18:10.140614 ( 3584) [INFO] [VCAMDS] Destroying WndMsg Listener Window
I2026-10-07 11:18:10.141616 ( 3584) [INFO] [VCAMDS] Destroyed window
I2026-10-07 11:18:10.141616 ( 3584) [INFO] [VCAMDS] Unregistered window class
I2026-10-07 11:18:10.141616 ( 3584) [INFO] [VCAMDS] NvMxnCltShmConsumer Skip removing app tracker DLL loaded status. Parent source filter is not initialized
I2026-10-07 11:18:12.147483 ( 3584) [INFO] [VCAMDS] Creating WndMsg Listener Window
I2026-10-07 11:18:12.151772 ( 3584) [INFO] [VCAMDS] Destroying parent object
I2026-10-07 11:18:12.151772 ( 3584) [INFO] [VCAMDS] Destroying WndMsg Listener Window
I2026-10-07 11:18:12.152786 ( 3584) [INFO] [VCAMDS] Destroyed window
I2026-10-07 11:18:12.153779 ( 3584) [INFO] [VCAMDS] Unregistered window class
I2026-10-07 11:18:12.153779 ( 3584) [INFO] [VCAMDS] NvMxnCltShmConsumer Skip removing app tracker DLL loaded status. Parent source filter is not initialized
I2026-10-07 11:18:14.158851 ( 3584) [INFO] [VCAMDS] Creating WndMsg Listener Window
I2026-10-07 11:18:14.161850 ( 3584) [INFO] [VCAMDS] Destroying parent object
I2026-10-07 11:18:14.163856 ( 3584) [INFO] [VCAMDS] Destroying WndMsg Listener Window
I2026-10-07 11:18:14.165361 ( 3584) [INFO] [VCAMDS] Destroyed window
I2026-10-07 11:18:14.165361 ( 3584) [INFO] [VCAMDS] Unregistered window class
I2026-10-07 11:18:14.166366 ( 3584) [INFO] [VCAMDS] NvMxnCltShmConsumer Skip removing app tracker DLL loaded status. Parent source filter is not initialized
I2026-10-07 11:18:16.170764 ( 3584) [INFO] [VCAMDS] Creating WndMsg Listener Window
I2026-10-07 11:18:16.179876 ( 3584) [INFO] [VCAMDS] Destroying parent object
I2026-10-07 11:18:16.180877 ( 3584) [INFO] [VCAMDS] Destroying WndMsg Listener Window
I2026-10-07 11:18:16.181877 ( 3584) [INFO] [VCAMDS] Destroyed window
I2026-10-07 11:18:16.181877 ( 3584) [INFO] [VCAMDS] Unregistered window class
I2026-10-07 11:18:16.181877 ( 3584) [INFO] [VCAMDS] NvMxnCltShmConsumer Skip removing app tracker DLL loaded status. Parent source filter is not initialized
I2026-10-07 11:18:18.186666 ( 3584) [INFO] [VCAMDS] Creating WndMsg Listener Window
I2026-10-07 11:18:18.188666 ( 3584) [INFO] [VCAMDS] Destroying parent object
I2026-10-07 11:18:18.189667 ( 3584) [INFO] [VCAMDS] Destroying WndMsg Listener Window
I2026-10-07 11:18:18.190665 ( 3584) [INFO] [VCAMDS] Destroyed window
I2026-10-07 11:18:18.190665 ( 3584) [INFO] [VCAMDS] Unregistered window class
I2026-10-07 11:18:18.190665 ( 3584) [INFO] [VCAMDS] NvMxnCltShmConsumer Skip removing app tracker DLL loaded status. Parent source filter is not initialized
I2026-10-07 11:18:20.196704 ( 3584) [INFO] [VCAMDS] Creating WndMsg Listener Window
I2026-10-07 11:18:20.209867 ( 3584) [INFO] [VCAMDS] Destroying parent object
I2026-10-07 11:18:20.209867 ( 3584) [INFO] [VCAMDS] Destroying WndMsg Listener Window
I2026-10-07 11:18:20.210871 ( 3584) [INFO] [VCAMDS] Destroyed window
I2026-10-07 11:18:20.210871 ( 3584) [INFO] [VCAMDS] Unregistered window class
I2026-10-07 11:18:20.210871 ( 3584) [INFO] [VCAMDS] NvMxnCltShmConsumer Skip removing app tracker DLL loaded status. Parent source filter is not initialized
I2026-10-07 11:18:22.216531 ( 3584) [INFO] [VCAMDS] Creating WndMsg Listener Window
I2026-10-07 11:18:22.223546 ( 3584) [INFO] [VCAMDS] Destroying parent object
I2026-10-07 11:18:22.223546 ( 3584) [INFO] [VCAMDS] Destroying WndMsg Listener Window
I2026-10-07 11:18:22.224550 ( 3584) [INFO] [VCAMDS] Destroyed window
I2026-10-07 11:18:22.225550 ( 3584) [INFO] [VCAMDS] Unregistered window class
I2026-10-07 11:18:22.226054 ( 3584) [INFO] [VCAMDS] NvMxnCltShmConsumer Skip removing app tracker DLL loaded status. Parent source filter is not initialized
I2026-10-07 11:18:24.231737 ( 3584) [INFO] [VCAMDS] Creating WndMsg Listener Window
I2026-10-07 11:18:24.234738 ( 3584) [INFO] [VCAMDS] Destroying parent object
I2026-10-07 11:18:24.234738 ( 3584) [INFO] [VCAMDS] Destroying WndMsg Listener Window
I2026-10-07 11:18:24.236243 ( 3584) [INFO] [VCAMDS] Destroyed window
I2026-10-07 11:18:24.236243 ( 3584) [INFO] [VCAMDS] Unregistered window class
I2026-10-07 11:18:24.236243 ( 3584) [INFO] [VCAMDS] NvMxnCltShmConsumer Skip removing app tracker DLL loaded status. Parent source filter is not initialized
I2026-10-07 11:18:26.242457 ( 3584) [INFO] [VCAMDS] Creating WndMsg Listener Window
I2026-10-07 11:18:26.253974 ( 3584) [INFO] [VCAMDS] Destroying parent object
I2026-10-07 11:18:26.257483 ( 3584) [INFO] [VCAMDS] Destroying WndMsg Listener Window
I2026-10-07 11:18:26.259482 ( 3584) [INFO] [VCAMDS] Destroyed window
I2026-10-07 11:18:26.259482 ( 3584) [INFO] [VCAMDS] Unregistered window class
I2026-10-07 11:18:26.259482 ( 3584) [INFO] [VCAMDS] NvMxnCltShmConsumer Skip removing app tracker DLL loaded status. Parent source filter is not initialized
I2026-10-07 11:18:28.265764 ( 3584) [INFO] [VCAMDS] Creating WndMsg Listener Window
I2026-10-07 11:18:28.270447 ( 3584) [INFO] [VCAMDS] Destroying parent object
I2026-10-07 11:18:28.270447 ( 3584) [INFO] [VCAMDS] Destroying WndMsg Listener Window
I2026-10-07 11:18:28.271450 ( 3584) [INFO] [VCAMDS] Destroyed window
I2026-10-07 11:18:28.271450 ( 3584) [INFO] [VCAMDS] Unregistered window class
I2026-10-07 11:18:28.271450 ( 3584) [INFO] [VCAMDS] NvMxnCltShmConsumer Skip removing app tracker DLL loaded status. Parent source filter is not initialized
I2026-10-07 11:18:30.276597 ( 3584) [INFO] [VCAMDS] Creating WndMsg Listener Window
I2026-10-07 11:18:30.279606 ( 3584) [INFO] [VCAMDS] Destroying parent object
I2026-10-07 11:18:30.279606 ( 3584) [INFO] [VCAMDS] Destroying WndMsg Listener Window
I2026-10-07 11:18:30.281602 ( 3584) [INFO] [VCAMDS] Destroyed window
I2026-10-07 11:18:30.281602 ( 3584) [INFO] [VCAMDS] Unregistered window class
I2026-10-07 11:18:30.281602 ( 3584) [INFO] [VCAMDS] NvMxnCltShmConsumer Skip removing app tracker DLL loaded status. Parent source filter is not initialized
I2026-10-07 11:18:32.288529 ( 3584) [INFO] [VCAMDS] Creating WndMsg Listener Window
I2026-10-07 11:18:32.292033 ( 3584) [INFO] [VCAMDS] Destroying parent object
I2026-10-07 11:18:32.292033 ( 3584) [INFO] [VCAMDS] Destroying WndMsg Listener Window
I2026-10-07 11:18:32.293046 ( 3584) [INFO] [VCAMDS] Destroyed window
I2026-10-07 11:18:32.294035 ( 3584) [INFO] [VCAMDS] Unregistered window class
I2026-10-07 11:18:32.294035 ( 3584) [INFO] [VCAMDS] NvMxnCltShmConsumer Skip removing app tracker DLL loaded status. Parent source filter is not initialized
I2026-10-07 11:18:34.299811 ( 3584) [INFO] [VCAMDS] Creating WndMsg Listener Window
I2026-10-07 11:18:34.302810 ( 3584) [INFO] [VCAMDS] Destroying parent object
I2026-10-07 11:18:34.302810 ( 3584) [INFO] [VCAMDS] Destroying WndMsg Listener Window
I2026-10-07 11:18:34.303812 ( 3584) [INFO] [VCAMDS] Destroyed window
I2026-10-07 11:18:34.303812 ( 3584) [INFO] [VCAMDS] Unregistered window class
I2026-10-07 11:18:34.303812 ( 3584) [INFO] [VCAMDS] NvMxnCltShmConsumer Skip removing app tracker DLL loaded status. Parent source filter is not initialized
I2026-10-07 11:18:36.310675 ( 3584) [INFO] [VCAMDS] Creating WndMsg Listener Window
I2026-10-07 11:18:36.314672 ( 3584) [INFO] [VCAMDS] Destroying parent object
I2026-10-07 11:18:36.314672 ( 3584) [INFO] [VCAMDS] Destroying WndMsg Listener Window
I2026-10-07 11:18:36.314672 ( 3584) [INFO] [VCAMDS] Destroyed window
I2026-10-07 11:18:36.315682 ( 3584) [INFO] [VCAMDS] Unregistered window class
I2026-10-07 11:18:36.315682 ( 3584) [INFO] [VCAMDS] NvMxnCltShmConsumer Skip removing app tracker DLL loaded status. Parent source filter is not initialized
I2026-10-07 11:18:38.320536 ( 3584) [INFO] [VCAMDS] Creating WndMsg Listener Window
I2026-10-07 11:18:38.327059 ( 3584) [INFO] [VCAMDS] Destroying parent object
I2026-10-07 11:18:38.328068 ( 3584) [INFO] [VCAMDS] Destroying WndMsg Listener Window
I2026-10-07 11:18:38.328068 ( 3584) [INFO] [VCAMDS] Destroyed window
I2026-10-07 11:18:38.329058 ( 3584) [INFO] [VCAMDS] Unregistered window class
I2026-10-07 11:18:38.329058 ( 3584) [INFO] [VCAMDS] NvMxnCltShmConsumer Skip removing app tracker DLL loaded status. Parent source filter is not initialized
I2026-10-07 11:18:40.336969 ( 3584) [INFO] [VCAMDS] Creating WndMsg Listener Window
I2026-10-07 11:18:40.347590 ( 3584) [INFO] [VCAMDS] Destroying parent object
I2026-10-07 11:18:40.347590 ( 3584) [INFO] [VCAMDS] Destroying WndMsg Listener Window
I2026-10-07 11:18:40.348589 ( 3584) [INFO] [VCAMDS] Destroyed window
I2026-10-07 11:18:40.348589 ( 3584) [INFO] [VCAMDS] Unregistered window class
I2026-10-07 11:18:40.348589 ( 3584) [INFO] [VCAMDS] NvMxnCltShmConsumer Skip removing app tracker DLL loaded status. Parent source filter is not initialized
I2026-10-07 11:18:42.353823 ( 3584) [INFO] [VCAMDS] Creating WndMsg Listener Window
I2026-10-07 11:18:42.366380 ( 3584) [INFO] [VCAMDS] Destroying parent object
I2026-10-07 11:18:42.366380 ( 3584) [INFO] [VCAMDS] Destroying WndMsg Listener Window
I2026-10-07 11:18:42.367370 ( 3584) [INFO] [VCAMDS] Destroyed window
I2026-10-07 11:18:42.367370 ( 3584) [INFO] [VCAMDS] Unregistered window class
I2026-10-07 11:18:42.368371 ( 3584) [INFO] [VCAMDS] NvMxnCltShmConsumer Skip removing app tracker DLL loaded status. Parent source filter is not initialized
I2026-10-07 11:18:44.377828 ( 3584) [INFO] [VCAMDS] Creating WndMsg Listener Window
I2026-10-07 11:18:44.390764 ( 3584) [INFO] [VCAMDS] Destroying parent object
I2026-10-07 11:18:44.390764 ( 3584) [INFO] [VCAMDS] Destroying WndMsg Listener Window
I2026-10-07 11:18:44.391764 ( 3584) [INFO] [VCAMDS] Destroyed window
I2026-10-07 11:18:44.391764 ( 3584) [INFO] [VCAMDS] Unregistered window class
I2026-10-07 11:18:44.391764 ( 3584) [INFO] [VCAMDS] NvMxnCltShmConsumer Skip removing app tracker DLL loaded status. Parent source filter is not initialized
I2026-10-07 11:18:46.398514 ( 3584) [INFO] [VCAMDS] Creating WndMsg Listener Window
I2026-10-07 11:18:46.402505 ( 3584) [INFO] [VCAMDS] Destroying parent object
I2026-10-07 11:18:46.402505 ( 3584) [INFO] [VCAMDS] Destroying WndMsg Listener Window
I2026-10-07 11:18:46.403497 ( 3584) [INFO] [VCAMDS] Destroyed window
I2026-10-07 11:18:46.403497 ( 3584) [INFO] [VCAMDS] Unregistered window class
I2026-10-07 11:18:46.403497 ( 3584) [INFO] [VCAMDS] NvMxnCltShmConsumer Skip removing app tracker DLL loaded status. Parent source filter is not initialized
I2026-10-07 11:18:48.409648 ( 3584) [INFO] [VCAMDS] Creating WndMsg Listener Window
I2026-10-07 11:18:48.412649 ( 3584) [INFO] [VCAMDS] Destroying parent object
I2026-10-07 11:18:48.412649 ( 3584) [INFO] [VCAMDS] Destroying WndMsg Listener Window
I2026-10-07 11:18:48.412649 ( 3584) [INFO] [VCAMDS] Destroyed window
I2026-10-07 11:18:48.414155 ( 3584) [INFO] [VCAMDS] Unregistered window class
I2026-10-07 11:18:48.414155 ( 3584) [INFO] [VCAMDS] NvMxnCltShmConsumer Skip removing app tracker DLL loaded status. Parent source filter is not initialized
I2026-10-07 11:18:50.419317 ( 3584) [INFO] [VCAMDS] Creating WndMsg Listener Window
I2026-10-07 11:18:50.421838 ( 3584) [INFO] [VCAMDS] Destroying parent object
I2026-10-07 11:18:50.422828 ( 3584) [INFO] [VCAMDS] Destroying WndMsg Listener Window
I2026-10-07 11:18:50.423826 ( 3584) [INFO] [VCAMDS] Destroyed window
I2026-10-07 11:18:50.423826 ( 3584) [INFO] [VCAMDS] Unregistered window class
I2026-10-07 11:18:50.423826 ( 3584) [INFO] [VCAMDS] NvMxnCltShmConsumer Skip removing app tracker DLL loaded status. Parent source filter is not initialized
I2026-10-07 11:18:52.431214 ( 3584) [INFO] [VCAMDS] Creating WndMsg Listener Window
I2026-10-07 11:18:52.433722 ( 3584) [INFO] [VCAMDS] Destroying parent object
I2026-10-07 11:18:52.433722 ( 3584) [INFO] [VCAMDS] Destroying WndMsg Listener Window
I2026-10-07 11:18:52.434248 ( 3584) [INFO] [VCAMDS] Destroyed window
I2026-10-07 11:18:52.434248 ( 3584) [INFO] [VCAMDS] Unregistered window class
I2026-10-07 11:18:52.434248 ( 3584) [INFO] [VCAMDS] NvMxnCltShmConsumer Skip removing app tracker DLL loaded status. Parent source filter is not initialized
I2026-10-07 11:18:54.439545 ( 3584) [INFO] [VCAMDS] Creating WndMsg Listener Window
I2026-10-07 11:18:54.443060 ( 3584) [INFO] [VCAMDS] Destroying parent object
I2026-10-07 11:18:54.443060 ( 3584) [INFO] [VCAMDS] Destroying WndMsg Listener Window
I2026-10-07 11:18:54.444061 ( 3584) [INFO] [VCAMDS] Destroyed window
I2026-10-07 11:18:54.445699 ( 3584) [INFO] [VCAMDS] Unregistered window class
I2026-10-07 11:18:54.445699 ( 3584) [INFO] [VCAMDS] NvMxnCltShmConsumer Skip removing app tracker DLL loaded status. Parent source filter is not initialized
I2026-10-07 11:18:56.451763 ( 3584) [INFO] [VCAMDS] Creating WndMsg Listener Window
I2026-10-07 11:18:56.464497 ( 3584) [INFO] [VCAMDS] Destroying parent object
I2026-10-07 11:18:56.464497 ( 3584) [INFO] [VCAMDS] Destroying WndMsg Listener Window
I2026-10-07 11:18:56.465497 ( 3584) [INFO] [VCAMDS] Destroyed window
I2026-10-07 11:18:56.466003 ( 3584) [INFO] [VCAMDS] Unregistered window class
I2026-10-07 11:18:56.466003 ( 3584) [INFO] [VCAMDS] NvMxnCltShmConsumer Skip removing app tracker DLL loaded status. Parent source filter is not initialized
I2026-10-07 11:18:58.471789 ( 3584) [INFO] [VCAMDS] Creating WndMsg Listener Window
I2026-10-07 11:18:58.475342 ( 3584) [INFO] [VCAMDS] Destroying parent object
I2026-10-07 11:18:58.476423 ( 3584) [INFO] [VCAMDS] Destroying WndMsg Listener Window
I2026-10-07 11:18:58.477421 ( 3584) [INFO] [VCAMDS] Destroyed window
I2026-10-07 11:18:58.477421 ( 3584) [INFO] [VCAMDS] Unregistered window class
I2026-10-07 11:18:58.477421 ( 3584) [INFO] [VCAMDS] NvMxnCltShmConsumer Skip removing app tracker DLL loaded status. Parent source filter is not initialized
I2026-10-07 11:19:00.484740 ( 3584) [INFO] [VCAMDS] Creating WndMsg Listener Window
I2026-10-07 11:19:00.487258 ( 3584) [INFO] [VCAMDS] Destroying parent object
I2026-10-07 11:19:00.487258 ( 3584) [INFO] [VCAMDS] Destroying WndMsg Listener Window
I2026-10-07 11:19:00.488257 ( 3584) [INFO] [VCAMDS] Destroyed window
I2026-10-07 11:19:00.488257 ( 3584) [INFO] [VCAMDS] Unregistered window class
I2026-10-07 11:19:00.488257 ( 3584) [INFO] [VCAMDS] NvMxnCltShmConsumer Skip removing app tracker DLL loaded status. Parent source filter is not initialized
I2026-10-07 11:19:02.494256 ( 3584) [INFO] [VCAMDS] Creating WndMsg Listener Window
I2026-10-07 11:19:02.497783 ( 3584) [INFO] [VCAMDS] Destroying parent object
I2026-10-07 11:19:02.498888 ( 3584) [INFO] [VCAMDS] Destroying WndMsg Listener Window
I2026-10-07 11:19:02.498888 ( 3584) [INFO] [VCAMDS] Destroyed window
I2026-10-07 11:19:02.498888 ( 3584) [INFO] [VCAMDS] Unregistered window class
I2026-10-07 11:19:02.498888 ( 3584) [INFO] [VCAMDS] NvMxnCltShmConsumer Skip removing app tracker DLL loaded status. Parent source filter is not initialized
I2026-10-07 11:19:04.504760 ( 3584) [INFO] [VCAMDS] Creating WndMsg Listener Window
I2026-10-07 11:19:04.516417 ( 3584) [INFO] [VCAMDS] Destroying parent object
I2026-10-07 11:19:04.517426 ( 3584) [INFO] [VCAMDS] Destroying WndMsg Listener Window
I2026-10-07 11:19:04.517426 ( 3584) [INFO] [VCAMDS] Destroyed window
I2026-10-07 11:19:04.518412 ( 3584) [INFO] [VCAMDS] Unregistered window class
I2026-10-07 11:19:04.518412 ( 3584) [INFO] [VCAMDS] NvMxnCltShmConsumer Skip removing app tracker DLL loaded status. Parent source filter is not initialized
I2026-10-07 11:19:06.523020 ( 3584) [INFO] [VCAMDS] Creating WndMsg Listener Window
I2026-10-07 11:19:06.526530 ( 3584) [INFO] [VCAMDS] Destroying parent object
I2026-10-07 11:19:06.526530 ( 3584) [INFO] [VCAMDS] Destroying WndMsg Listener Window
I2026-10-07 11:19:06.527529 ( 3584) [INFO] [VCAMDS] Destroyed window
I2026-10-07 11:19:06.527529 ( 3584) [INFO] [VCAMDS] Unregistered window class
I2026-10-07 11:19:06.527529 ( 3584) [INFO] [VCAMDS] NvMxnCltShmConsumer Skip removing app tracker DLL loaded status. Parent source filter is not initialized
I2026-10-07 11:19:08.532833 ( 3584) [INFO] [VCAMDS] Creating WndMsg Listener Window
I2026-10-07 11:19:08.535347 ( 3584) [INFO] [VCAMDS] Destroying parent object
I2026-10-07 11:19:08.535347 ( 3584) [INFO] [VCAMDS] Destroying WndMsg Listener Window
I2026-10-07 11:19:08.536357 ( 3584) [INFO] [VCAMDS] Destroyed window
I2026-10-07 11:19:08.537360 ( 3584) [INFO] [VCAMDS] Unregistered window class
I2026-10-07 11:19:08.537360 ( 3584) [INFO] [VCAMDS] NvMxnCltShmConsumer Skip removing app tracker DLL loaded status. Parent source filter is not initialized
I2026-10-07 11:19:10.542430 ( 3584) [INFO] [VCAMDS] Creating WndMsg Listener Window
I2026-10-07 11:19:10.544430 ( 3584) [INFO] [VCAMDS] Destroying parent object
I2026-10-07 11:19:10.545430 ( 3584) [INFO] [VCAMDS] Destroying WndMsg Listener Window
I2026-10-07 11:19:10.547001 ( 3584) [INFO] [VCAMDS] Destroyed window
I2026-10-07 11:19:10.547001 ( 3584) [INFO] [VCAMDS] Unregistered window class
I2026-10-07 11:19:10.547001 ( 3584) [INFO] [VCAMDS] NvMxnCltShmConsumer Skip removing app tracker DLL loaded status. Parent source filter is not initialized
I2026-10-07 11:19:12.553467 ( 3584) [INFO] [VCAMDS] Creating WndMsg Listener Window
I2026-10-07 11:19:12.557746 ( 3584) [INFO] [VCAMDS] Destroying parent object
I2026-10-07 11:19:12.558748 ( 3584) [INFO] [VCAMDS] Destroying WndMsg Listener Window
I2026-10-07 11:19:12.559754 ( 3584) [INFO] [VCAMDS] Destroyed window
I2026-10-07 11:19:12.559754 ( 3584) [INFO] [VCAMDS] Unregistered window class
I2026-10-07 11:19:12.560755 ( 3584) [INFO] [VCAMDS] NvMxnCltShmConsumer Skip removing app tracker DLL loaded status. Parent source filter is not initialized
I2026-10-07 11:19:14.571187 ( 3584) [INFO] [VCAMDS] Creating WndMsg Listener Window
I2026-10-07 11:19:14.574180 ( 3584) [INFO] [VCAMDS] Destroying parent object
I2026-10-07 11:19:14.575683 ( 3584) [INFO] [VCAMDS] Destroying WndMsg Listener Window
I2026-10-07 11:19:14.576689 ( 3584) [INFO] [VCAMDS] Destroyed window
I2026-10-07 11:19:14.577695 ( 3584) [INFO] [VCAMDS] Unregistered window class
I2026-10-07 11:19:14.577695 ( 3584) [INFO] [VCAMDS] NvMxnCltShmConsumer Skip removing app tracker DLL loaded status. Parent source filter is not initialized
I2026-10-07 11:19:16.586840 ( 3584) [INFO] [VCAMDS] Creating WndMsg Listener Window
I2026-10-07 11:19:16.589840 ( 3584) [INFO] [VCAMDS] Destroying parent object
I2026-10-07 11:19:16.589840 ( 3584) [INFO] [VCAMDS] Destroying WndMsg Listener Window
I2026-10-07 11:19:16.590844 ( 3584) [INFO] [VCAMDS] Destroyed window
I2026-10-07 11:19:16.590844 ( 3584) [INFO] [VCAMDS] Unregistered window class
I2026-10-07 11:19:16.590844 ( 3584) [INFO] [VCAMDS] NvMxnCltShmConsumer Skip removing app tracker DLL loaded status. Parent source filter is not initialized
I2026-10-07 11:19:18.596647 ( 3584) [INFO] [VCAMDS] Creating WndMsg Listener Window
I2026-10-07 11:19:18.600656 ( 3584) [INFO] [VCAMDS] Destroying parent object
I2026-10-07 11:19:18.600656 ( 3584) [INFO] [VCAMDS] Destroying WndMsg Listener Window
I2026-10-07 11:19:18.601646 ( 3584) [INFO] [VCAMDS] Destroyed window
I2026-10-07 11:19:18.602645 ( 3584) [INFO] [VCAMDS] Unregistered window class
I2026-10-07 11:19:18.602645 ( 3584) [INFO] [VCAMDS] NvMxnCltShmConsumer Skip removing app tracker DLL loaded status. Parent source filter is not initialized
I2026-10-07 11:19:20.610507 ( 3584) [INFO] [VCAMDS] Creating WndMsg Listener Window
I2026-10-07 11:19:20.613783 ( 3584) [INFO] [VCAMDS] Destroying parent object
I2026-10-07 11:19:20.613783 ( 3584) [INFO] [VCAMDS] Destroying WndMsg Listener Window
I2026-10-07 11:19:20.614782 ( 3584) [INFO] [VCAMDS] Destroyed window
I2026-10-07 11:19:20.615787 ( 3584) [INFO] [VCAMDS] Unregistered window class
I2026-10-07 11:19:20.616305 ( 3584) [INFO] [VCAMDS] NvMxnCltShmConsumer Skip removing app tracker DLL loaded status. Parent source filter is not initialized
I2026-10-07 11:19:22.623842 ( 3584) [INFO] [VCAMDS] Creating WndMsg Listener Window
I2026-10-07 11:19:22.626665 ( 3584) [INFO] [VCAMDS] Destroying parent object
I2026-10-07 11:19:22.626665 ( 3584) [INFO] [VCAMDS] Destroying WndMsg Listener Window
I2026-10-07 11:19:22.627671 ( 3584) [INFO] [VCAMDS] Destroyed window
I2026-10-07 11:19:22.628669 ( 3584) [INFO] [VCAMDS] Unregistered window class
I2026-10-07 11:19:22.628669 ( 3584) [INFO] [VCAMDS] NvMxnCltShmConsumer Skip removing app tracker DLL loaded status. Parent source filter is not initialized
I2026-10-07 11:19:24.634253 ( 3584) [INFO] [VCAMDS] Creating WndMsg Listener Window
I2026-10-07 11:19:24.639763 ( 3584) [INFO] [VCAMDS] Destroying parent object
I2026-10-07 11:19:24.639763 ( 3584) [INFO] [VCAMDS] Destroying WndMsg Listener Window
I2026-10-07 11:19:24.641577 ( 3584) [INFO] [VCAMDS] Destroyed window
I2026-10-07 11:19:24.641577 ( 3584) [INFO] [VCAMDS] Unregistered window class
I2026-10-07 11:19:24.641577 ( 3584) [INFO] [VCAMDS] NvMxnCltShmConsumer Skip removing app tracker DLL loaded status. Parent source filter is not initialized
I2026-10-07 11:19:26.648506 ( 3584) [INFO] [VCAMDS] Creating WndMsg Listener Window
I2026-10-07 11:19:26.652022 ( 3584) [INFO] [VCAMDS] Destroying parent object
I2026-10-07 11:19:26.652022 ( 3584) [INFO] [VCAMDS] Destroying WndMsg Listener Window
I2026-10-07 11:19:26.653527 ( 3584) [INFO] [VCAMDS] Destroyed window
I2026-10-07 11:19:26.653527 ( 3584) [INFO] [VCAMDS] Unregistered window class
I2026-10-07 11:19:26.653527 ( 3584) [INFO] [VCAMDS] NvMxnCltShmConsumer Skip removing app tracker DLL loaded status. Parent source filter is not initialized
I2026-10-07 11:19:28.659166 ( 3584) [INFO] [VCAMDS] Creating WndMsg Listener Window
I2026-10-07 11:19:28.681632 ( 3584) [INFO] [VCAMDS] Destroying parent object
I2026-10-07 11:19:28.681632 ( 3584) [INFO] [VCAMDS] Destroying WndMsg Listener Window
I2026-10-07 11:19:28.682631 ( 3584) [INFO] [VCAMDS] Destroyed window
I2026-10-07 11:19:28.683630 ( 3584) [INFO] [VCAMDS] Unregistered window class
I2026-10-07 11:19:28.683630 ( 3584) [INFO] [VCAMDS] NvMxnCltShmConsumer Skip removing app tracker DLL loaded status. Parent source filter is not initialized
I2026-10-07 11:19:30.689345 ( 3584) [INFO] [VCAMDS] Creating WndMsg Listener Window
I2026-10-07 11:19:30.691345 ( 3584) [INFO] [VCAMDS] Destroying parent object
I2026-10-07 11:19:30.692345 ( 3584) [INFO] [VCAMDS] Destroying WndMsg Listener Window
I2026-10-07 11:19:30.693354 ( 3584) [INFO] [VCAMDS] Destroyed window
I2026-10-07 11:19:30.693354 ( 3584) [INFO] [VCAMDS] Unregistered window class
I2026-10-07 11:19:30.693354 ( 3584) [INFO] [VCAMDS] NvMxnCltShmConsumer Skip removing app tracker DLL loaded status. Parent source filter is not initialized
I2026-10-07 11:19:32.700378 ( 3584) [INFO] [VCAMDS] Creating WndMsg Listener Window
I2026-10-07 11:19:32.705338 ( 3584) [INFO] [VCAMDS] Destroying parent object
I2026-10-07 11:19:32.706344 ( 3584) [INFO] [VCAMDS] Destroying WndMsg Listener Window
I2026-10-07 11:19:32.708508 ( 3584) [INFO] [VCAMDS] Destroyed window
I2026-10-07 11:19:32.708508 ( 3584) [INFO] [VCAMDS] Unregistered window class
I2026-10-07 11:19:32.708508 ( 3584) [INFO] [VCAMDS] NvMxnCltShmConsumer Skip removing app tracker DLL loaded status. Parent source filter is not initialized
I2026-10-07 11:19:34.720839 ( 3584) [INFO] [VCAMDS] Creating WndMsg Listener Window
I2026-10-07 11:19:34.723848 ( 3584) [INFO] [VCAMDS] Destroying parent object
I2026-10-07 11:19:34.723848 ( 3584) [INFO] [VCAMDS] Destroying WndMsg Listener Window
I2026-10-07 11:19:34.725353 ( 3584) [INFO] [VCAMDS] Destroyed window
I2026-10-07 11:19:34.726364 ( 3584) [INFO] [VCAMDS] Unregistered window class
I2026-10-07 11:19:34.726364 ( 3584) [INFO] [VCAMDS] NvMxnCltShmConsumer Skip removing app tracker DLL loaded status. Parent source filter is not initialized
I2026-10-07 11:19:36.734849 ( 3584) [INFO] [VCAMDS] Creating WndMsg Listener Window
I2026-10-07 11:19:36.739954 ( 3584) [INFO] [VCAMDS] Destroying parent object
I2026-10-07 11:19:36.739954 ( 3584) [INFO] [VCAMDS] Destroying WndMsg Listener Window
I2026-10-07 11:19:36.740942 ( 3584) [INFO] [VCAMDS] Destroyed window
I2026-10-07 11:19:36.740942 ( 3584) [INFO] [VCAMDS] Unregistered window class
I2026-10-07 11:19:36.740942 ( 3584) [INFO] [VCAMDS] NvMxnCltShmConsumer Skip removing app tracker DLL loaded status. Parent source filter is not initialized
I2026-10-07 11:19:38.746721 ( 3584) [INFO] [VCAMDS] Creating WndMsg Listener Window
I2026-10-07 11:19:38.814585 ( 3584) [INFO] [VCAMDS] Destroying parent object
I2026-10-07 11:19:38.814585 ( 3584) [INFO] [VCAMDS] Destroying WndMsg Listener Window
I2026-10-07 11:19:38.815584 ( 3584) [INFO] [VCAMDS] Destroyed window
I2026-10-07 11:19:38.815584 ( 3584) [INFO] [VCAMDS] Unregistered window class
I2026-10-07 11:19:38.815584 ( 3584) [INFO] [VCAMDS] NvMxnCltShmConsumer Skip removing app tracker DLL loaded status. Parent source filter is not initialized
I2026-10-07 11:19:40.821497 ( 3584) [INFO] [VCAMDS] Creating WndMsg Listener Window
I2026-10-07 11:19:40.838480 ( 3584) [INFO] [VCAMDS] Destroying parent object
I2026-10-07 11:19:40.839479 ( 3584) [INFO] [VCAMDS] Destroying WndMsg Listener Window
I2026-10-07 11:19:40.840480 ( 3584) [INFO] [VCAMDS] Destroyed window
I2026-10-07 11:19:40.840480 ( 3584) [INFO] [VCAMDS] Unregistered window class
I2026-10-07 11:19:40.840480 ( 3584) [INFO] [VCAMDS] NvMxnCltShmConsumer Skip removing app tracker DLL loaded status. Parent source filter is not initialized
I2026-10-07 11:19:42.846814 ( 3584) [INFO] [VCAMDS] Creating WndMsg Listener Window
I2026-10-07 11:19:42.857085 ( 3584) [INFO] [VCAMDS] Destroying parent object
I2026-10-07 11:19:42.860450 ( 3584) [INFO] [VCAMDS] Destroying WndMsg Listener Window
I2026-10-07 11:19:42.861891 ( 3584) [INFO] [VCAMDS] Destroyed window
I2026-10-07 11:19:42.862895 ( 3584) [INFO] [VCAMDS] Unregistered window class
I2026-10-07 11:19:42.862895 ( 3584) [INFO] [VCAMDS] NvMxnCltShmConsumer Skip removing app tracker DLL loaded status. Parent source filter is not initialized
I2026-10-07 11:19:44.872669 ( 3584) [INFO] [VCAMDS] Creating WndMsg Listener Window
I2026-10-07 11:19:44.876969 ( 3584) [INFO] [VCAMDS] Destroying parent object
I2026-10-07 11:19:44.876969 ( 3584) [INFO] [VCAMDS] Destroying WndMsg Listener Window
I2026-10-07 11:19:44.878427 ( 3584) [INFO] [VCAMDS] Destroyed window
I2026-10-07 11:19:44.878427 ( 3584) [INFO] [VCAMDS] Unregistered window class
I2026-10-07 11:19:44.878427 ( 3584) [INFO] [VCAMDS] NvMxnCltShmConsumer Skip removing app tracker DLL loaded status. Parent source filter is not initialized
I2026-10-07 11:19:46.884505 ( 3584) [INFO] [VCAMDS] Creating WndMsg Listener Window
I2026-10-07 11:19:46.889109 ( 3584) [INFO] [VCAMDS] Destroying parent object
I2026-10-07 11:19:46.889109 ( 3584) [INFO] [VCAMDS] Destroying WndMsg Listener Window
I2026-10-07 11:19:46.889624 ( 3584) [INFO] [VCAMDS] Destroyed window
I2026-10-07 11:19:46.889624 ( 3584) [INFO] [VCAMDS] Unregistered window class
I2026-10-07 11:19:46.889624 ( 3584) [INFO] [VCAMDS] NvMxnCltShmConsumer Skip removing app tracker DLL loaded status. Parent source filter is not initialized
I2026-10-07 11:19:48.894747 ( 3584) [INFO] [VCAMDS] Creating WndMsg Listener Window
I2026-10-07 11:19:48.898857 ( 3584) [INFO] [VCAMDS] Destroying parent object
I2026-10-07 11:19:48.898857 ( 3584) [INFO] [VCAMDS] Destroying WndMsg Listener Window
I2026-10-07 11:19:48.899852 ( 3584) [INFO] [VCAMDS] Destroyed window
I2026-10-07 11:19:48.899852 ( 3584) [INFO] [VCAMDS] Unregistered window class
I2026-10-07 11:19:48.899852 ( 3584) [INFO] [VCAMDS] NvMxnCltShmConsumer Skip removing app tracker DLL loaded status. Parent source filter is not initialized
I2026-10-07 11:19:50.904822 ( 3584) [INFO] [VCAMDS] Creating WndMsg Listener Window
I2026-10-07 11:19:50.942826 ( 3584) [INFO] [VCAMDS] Destroying parent object
I2026-10-07 11:19:50.942826 ( 3584) [INFO] [VCAMDS] Destroying WndMsg Listener Window
I2026-10-07 11:19:50.943815 ( 3584) [INFO] [VCAMDS] Destroyed window
I2026-10-07 11:19:50.943815 ( 3584) [INFO] [VCAMDS] Unregistered window class
I2026-10-07 11:19:50.943815 ( 3584) [INFO] [VCAMDS] NvMxnCltShmConsumer Skip removing app tracker DLL loaded status. Parent source filter is not initialized
I2026-10-07 11:19:52.949254 ( 3584) [INFO] [VCAMDS] Creating WndMsg Listener Window
I2026-10-07 11:19:52.953253 ( 3584) [INFO] [VCAMDS] Destroying parent object
I2026-10-07 11:19:52.953253 ( 3584) [INFO] [VCAMDS] Destroying WndMsg Listener Window
I2026-10-07 11:19:52.955288 ( 3584) [INFO] [VCAMDS] Destroyed window
I2026-10-07 11:19:52.955803 ( 3584) [INFO] [VCAMDS] Unregistered window class
I2026-10-07 11:19:52.955803 ( 3584) [INFO] [VCAMDS] NvMxnCltShmConsumer Skip removing app tracker DLL loaded status. Parent source filter is not initialized
I2026-10-07 11:19:54.961519 ( 3584) [INFO] [VCAMDS] Creating WndMsg Listener Window
I2026-10-07 11:19:54.965533 ( 3584) [INFO] [VCAMDS] Destroying parent object
I2026-10-07 11:19:54.965533 ( 3584) [INFO] [VCAMDS] Destroying WndMsg Listener Window
I2026-10-07 11:19:54.967700 ( 3584) [INFO] [VCAMDS] Destroyed window
I2026-10-07 11:19:54.967700 ( 3584) [INFO] [VCAMDS] Unregistered window class
I2026-10-07 11:19:54.967700 ( 3584) [INFO] [VCAMDS] NvMxnCltShmConsumer Skip removing app tracker DLL loaded status. Parent source filter is not initialized
I2026-10-07 11:19:56.973134 ( 3584) [INFO] [VCAMDS] Creating WndMsg Listener Window
I2026-10-07 11:19:56.976652 ( 3584) [INFO] [VCAMDS] Destroying parent object
I2026-10-07 11:19:56.976652 ( 3584) [INFO] [VCAMDS] Destroying WndMsg Listener Window
I2026-10-07 11:19:56.977664 ( 3584) [INFO] [VCAMDS] Destroyed window
I2026-10-07 11:19:56.977664 ( 3584) [INFO] [VCAMDS] Unregistered window class
I2026-10-07 11:19:56.977664 ( 3584) [INFO] [VCAMDS] NvMxnCltShmConsumer Skip removing app tracker DLL loaded status. Parent source filter is not initialized
I2026-10-07 11:19:58.983191 ( 3584) [INFO] [VCAMDS] Creating WndMsg Listener Window
I2026-10-07 11:19:58.986709 ( 3584) [INFO] [VCAMDS] Destroying parent object
I2026-10-07 11:19:58.986709 ( 3584) [INFO] [VCAMDS] Destroying WndMsg Listener Window
I2026-10-07 11:19:58.988718 ( 3584) [INFO] [VCAMDS] Destroyed window
I2026-10-07 11:19:58.988718 ( 3584) [INFO] [VCAMDS] Unregistered window class
I2026-10-07 11:19:58.988718 ( 3584) [INFO] [VCAMDS] NvMxnCltShmConsumer Skip removing app tracker DLL loaded status. Parent source filter is not initialized
I2026-10-07 11:20:00.993846 ( 3584) [INFO] [VCAMDS] Creating WndMsg Listener Window
I2026-10-07 11:20:01.016206 ( 3584) [INFO] [VCAMDS] Destroying parent object
I2026-10-07 11:20:01.017213 ( 3584) [INFO] [VCAMDS] Destroying WndMsg Listener Window
I2026-10-07 11:20:01.017213 ( 3584) [INFO] [VCAMDS] Destroyed window
I2026-10-07 11:20:01.018203 ( 3584) [INFO] [VCAMDS] Unregistered window class
I2026-10-07 11:20:01.018203 ( 3584) [INFO] [VCAMDS] NvMxnCltShmConsumer Skip removing app tracker DLL loaded status. Parent source filter is not initialized
I2026-10-07 11:20:03.022753 ( 3584) [INFO] [VCAMDS] Creating WndMsg Listener Window
I2026-10-07 11:20:03.029277 ( 3584) [INFO] [VCAMDS] Destroying parent object
I2026-10-07 11:20:03.031273 ( 3584) [INFO] [VCAMDS] Destroying WndMsg Listener Window
I2026-10-07 11:20:03.032266 ( 3584) [INFO] [VCAMDS] Destroyed window
I2026-10-07 11:20:03.032266 ( 3584) [INFO] [VCAMDS] Unregistered window class
I2026-10-07 11:20:03.032266 ( 3584) [INFO] [VCAMDS] NvMxnCltShmConsumer Skip removing app tracker DLL loaded status. Parent source filter is not initialized
I2026-10-07 11:20:05.039634 ( 3584) [INFO] [VCAMDS] Creating WndMsg Listener Window
I2026-10-07 11:20:05.043815 ( 3584) [INFO] [VCAMDS] Destroying parent object
I2026-10-07 11:20:05.053335 ( 3584) [INFO] [VCAMDS] Destroying WndMsg Listener Window
I2026-10-07 11:20:05.054330 ( 3584) [INFO] [VCAMDS] Destroyed window
I2026-10-07 11:20:05.054330 ( 3584) [INFO] [VCAMDS] Unregistered window class
I2026-10-07 11:20:05.061848 ( 3584) [INFO] [VCAMDS] NvMxnCltShmConsumer Skip removing app tracker DLL loaded status. Parent source filter is not initialized
I2026-10-07 11:20:07.067504 ( 3584) [INFO] [VCAMDS] Creating WndMsg Listener Window
I2026-10-07 11:20:07.073446 ( 3584) [INFO] [VCAMDS] Destroying parent object
I2026-10-07 11:20:07.078994 ( 3584) [INFO] [VCAMDS] Destroying WndMsg Listener Window
I2026-10-07 11:20:07.079994 ( 3584) [INFO] [VCAMDS] Destroyed window
I2026-10-07 11:20:07.080996 ( 3584) [INFO] [VCAMDS] Unregistered window class
I2026-10-07 11:20:07.080996 ( 3584) [INFO] [VCAMDS] NvMxnCltShmConsumer Skip removing app tracker DLL loaded status. Parent source filter is not initialized
I2026-10-07 11:20:09.087742 ( 3584) [INFO] [VCAMDS] Creating WndMsg Listener Window
I2026-10-07 11:20:09.099665 ( 3584) [INFO] [VCAMDS] Destroying parent object
I2026-10-07 11:20:09.099665 ( 3584) [INFO] [VCAMDS] Destroying WndMsg Listener Window
I2026-10-07 11:20:09.100665 ( 3584) [INFO] [VCAMDS] Destroyed window
I2026-10-07 11:20:09.100665 ( 3584) [INFO] [VCAMDS] Unregistered window class
I2026-10-07 11:20:09.100665 ( 3584) [INFO] [VCAMDS] NvMxnCltShmConsumer Skip removing app tracker DLL loaded status. Parent source filter is not initialized
I2026-10-07 11:20:11.107880 ( 3584) [INFO] [VCAMDS] Creating WndMsg Listener Window
I2026-10-07 11:20:11.110879 ( 3584) [INFO] [VCAMDS] Destroying parent object
I2026-10-07 11:20:11.111879 ( 3584) [INFO] [VCAMDS] Destroying WndMsg Listener Window
I2026-10-07 11:20:11.113044 ( 3584) [INFO] [VCAMDS] Destroyed window
I2026-10-07 11:20:11.113044 ( 3584) [INFO] [VCAMDS] Unregistered window class
I2026-10-07 11:20:11.114051 ( 3584) [INFO] [VCAMDS] NvMxnCltShmConsumer Skip removing app tracker DLL loaded status. Parent source filter is not initialized
I2026-10-07 11:20:13.121498 ( 3584) [INFO] [VCAMDS] Creating WndMsg Listener Window
I2026-10-07 11:20:14.429679 ( 3584) [INFO] [VCAMDS] Destroying parent object
I2026-10-07 11:20:14.429679 ( 3584) [INFO] [VCAMDS] Destroying WndMsg Listener Window
I2026-10-07 11:20:14.432190 ( 3584) [INFO] [VCAMDS] Destroyed window
I2026-10-07 11:20:14.432190 ( 3584) [INFO] [VCAMDS] Unregistered window class
I2026-10-07 11:20:14.432190 ( 3584) [INFO] [VCAMDS] NvMxnCltShmConsumer Skip removing app tracker DLL loaded status. Parent source filter is not initialized
I2026-10-07 11:20:16.439543 ( 3584) [INFO] [VCAMDS] Creating WndMsg Listener Window
I2026-10-07 11:20:16.444451 ( 3584) [INFO] [VCAMDS] Destroying parent object
I2026-10-07 11:20:16.444451 ( 3584) [INFO] [VCAMDS] Destroying WndMsg Listener Window
I2026-10-07 11:20:16.445449 ( 3584) [INFO] [VCAMDS] Destroyed window
I2026-10-07 11:20:16.445449 ( 3584) [INFO] [VCAMDS] Unregistered window class
I2026-10-07 11:20:16.445449 ( 3584) [INFO] [VCAMDS] NvMxnCltShmConsumer Skip removing app tracker DLL loaded status. Parent source filter is not initialized
I2026-10-07 11:20:18.450656 ( 3584) [INFO] [VCAMDS] Creating WndMsg Listener Window
I2026-10-07 11:20:18.457162 ( 3584) [INFO] [VCAMDS] Destroying parent object
I2026-10-07 11:20:18.457162 ( 3584) [INFO] [VCAMDS] Destroying WndMsg Listener Window
I2026-10-07 11:20:18.458163 ( 3584) [INFO] [VCAMDS] Destroyed window
I2026-10-07 11:20:18.458163 ( 3584) [INFO] [VCAMDS] Unregistered window class
I2026-10-07 11:20:18.458163 ( 3584) [INFO] [VCAMDS] NvMxnCltShmConsumer Skip removing app tracker DLL loaded status. Parent source filter is not initialized
I2026-10-07 11:20:20.464071 ( 3584) [INFO] [VCAMDS] Creating WndMsg Listener Window
I2026-10-07 11:20:20.469144 ( 3584) [INFO] [VCAMDS] Destroying parent object
I2026-10-07 11:20:20.470144 ( 3584) [INFO] [VCAMDS] Destroying WndMsg Listener Window
I2026-10-07 11:20:20.471144 ( 3584) [INFO] [VCAMDS] Destroyed window
I2026-10-07 11:20:20.471144 ( 3584) [INFO] [VCAMDS] Unregistered window class
I2026-10-07 11:20:20.471144 ( 3584) [INFO] [VCAMDS] NvMxnCltShmConsumer Skip removing app tracker DLL loaded status. Parent source filter is not initialized
I2026-10-07 11:20:22.478722 ( 3584) [INFO] [VCAMDS] Creating WndMsg Listener Window
I2026-10-07 11:20:22.480729 ( 3584) [INFO] [VCAMDS] Destroying parent object
I2026-10-07 11:20:22.481722 ( 3584) [INFO] [VCAMDS] Destroying WndMsg Listener Window
I2026-10-07 11:20:22.482722 ( 3584) [INFO] [VCAMDS] Destroyed window
I2026-10-07 11:20:22.482722 ( 3584) [INFO] [VCAMDS] Unregistered window class
I2026-10-07 11:20:22.482722 ( 3584) [INFO] [VCAMDS] NvMxnCltShmConsumer Skip removing app tracker DLL loaded status. Parent source filter is not initialized
I2026-10-07 11:20:24.487577 ( 3584) [INFO] [VCAMDS] Creating WndMsg Listener Window
I2026-10-07 11:20:24.490577 ( 3584) [INFO] [VCAMDS] Destroying parent object
I2026-10-07 11:20:24.492586 ( 3584) [INFO] [VCAMDS] Destroying WndMsg Listener Window
I2026-10-07 11:20:24.493577 ( 3584) [INFO] [VCAMDS] Destroyed window
I2026-10-07 11:20:24.494585 ( 3584) [INFO] [VCAMDS] Unregistered window class
I2026-10-07 11:20:24.494585 ( 3584) [INFO] [VCAMDS] NvMxnCltShmConsumer Skip removing app tracker DLL loaded status. Parent source filter is not initialized
I2026-10-07 11:20:26.499980 ( 3584) [INFO] [VCAMDS] Creating WndMsg Listener Window
I2026-10-07 11:20:26.502983 ( 3584) [INFO] [VCAMDS] Destroying parent object
I2026-10-07 11:20:26.503980 ( 3584) [INFO] [VCAMDS] Destroying WndMsg Listener Window
I2026-10-07 11:20:26.503980 ( 3584) [INFO] [VCAMDS] Destroyed window
I2026-10-07 11:20:26.503980 ( 3584) [INFO] [VCAMDS] Unregistered window class
I2026-10-07 11:20:26.503980 ( 3584) [INFO] [VCAMDS] NvMxnCltShmConsumer Skip removing app tracker DLL loaded status. Parent source filter is not initialized
I2026-10-07 11:20:28.509001 ( 3584) [INFO] [VCAMDS] Creating WndMsg Listener Window
I2026-10-07 11:20:28.511350 ( 3584) [INFO] [VCAMDS] Destroying parent object
I2026-10-07 11:20:28.511350 ( 3584) [INFO] [VCAMDS] Destroying WndMsg Listener Window
I2026-10-07 11:20:28.512912 ( 3584) [INFO] [VCAMDS] Destroyed window
I2026-10-07 11:20:28.512912 ( 3584) [INFO] [VCAMDS] Unregistered window class
I2026-10-07 11:20:28.512912 ( 3584) [INFO] [VCAMDS] NvMxnCltShmConsumer Skip removing app tracker DLL loaded status. Parent source filter is not initialized
I2026-10-07 11:20:30.518781 ( 3584) [INFO] [VCAMDS] Creating WndMsg Listener Window
I2026-10-07 11:20:30.522290 ( 3584) [INFO] [VCAMDS] Destroying parent object
I2026-10-07 11:20:30.522290 ( 3584) [INFO] [VCAMDS] Destroying WndMsg Listener Window
I2026-10-07 11:20:30.523300 ( 3584) [INFO] [VCAMDS] Destroyed window
I2026-10-07 11:20:30.523300 ( 3584) [INFO] [VCAMDS] Unregistered window class
I2026-10-07 11:20:30.523300 ( 3584) [INFO] [VCAMDS] NvMxnCltShmConsumer Skip removing app tracker DLL loaded status. Parent source filter is not initialized
I2026-10-07 11:20:32.529032 ( 3584) [INFO] [VCAMDS] Creating WndMsg Listener Window
I2026-10-07 11:20:32.531538 ( 3584) [INFO] [VCAMDS] Destroying parent object
I2026-10-07 11:20:32.531538 ( 3584) [INFO] [VCAMDS] Destroying WndMsg Listener Window
I2026-10-07 11:20:32.532545 ( 3584) [INFO] [VCAMDS] Destroyed window
I2026-10-07 11:20:32.532545 ( 3584) [INFO] [VCAMDS] Unregistered window class
I2026-10-07 11:20:32.532545 ( 3584) [INFO] [VCAMDS] NvMxnCltShmConsumer Skip removing app tracker DLL loaded status. Parent source filter is not initialized
I2026-10-07 11:20:34.537797 ( 3584) [INFO] [VCAMDS] Creating WndMsg Listener Window
I2026-10-07 11:20:34.539798 ( 3584) [INFO] [VCAMDS] Destroying parent object
I2026-10-07 11:20:34.540797 ( 3584) [INFO] [VCAMDS] Destroying WndMsg Listener Window
I2026-10-07 11:20:34.540797 ( 3584) [INFO] [VCAMDS] Destroyed window
I2026-10-07 11:20:34.541796 ( 3584) [INFO] [VCAMDS] Unregistered window class
I2026-10-07 11:20:34.541796 ( 3584) [INFO] [VCAMDS] NvMxnCltShmConsumer Skip removing app tracker DLL loaded status. Parent source filter is not initialized
I2026-10-07 11:20:36.548964 ( 3584) [INFO] [VCAMDS] Creating WndMsg Listener Window
I2026-10-07 11:20:36.554857 ( 3584) [INFO] [VCAMDS] Destroying parent object
I2026-10-07 11:20:36.555361 ( 3584) [INFO] [VCAMDS] Destroying WndMsg Listener Window
I2026-10-07 11:20:36.556363 ( 3584) [INFO] [VCAMDS] Destroyed window
I2026-10-07 11:20:36.557365 ( 3584) [INFO] [VCAMDS] Unregistered window class
I2026-10-07 11:20:36.557365 ( 3584) [INFO] [VCAMDS] NvMxnCltShmConsumer Skip removing app tracker DLL loaded status. Parent source filter is not initialized
I2026-10-07 11:20:38.564396 ( 3584) [INFO] [VCAMDS] Creating WndMsg Listener Window
I2026-10-07 11:20:38.573581 ( 3584) [INFO] [VCAMDS] Destroying parent object
I2026-10-07 11:20:38.574571 ( 3584) [INFO] [VCAMDS] Destroying WndMsg Listener Window
I2026-10-07 11:20:38.574571 ( 3584) [INFO] [VCAMDS] Destroyed window
I2026-10-07 11:20:38.575569 ( 3584) [INFO] [VCAMDS] Unregistered window class
I2026-10-07 11:20:38.575569 ( 3584) [INFO] [VCAMDS] NvMxnCltShmConsumer Skip removing app tracker DLL loaded status. Parent source filter is not initialized
I2026-10-07 11:20:40.581373 ( 3584) [INFO] [VCAMDS] Creating WndMsg Listener Window
I2026-10-07 11:20:40.587883 ( 3584) [INFO] [VCAMDS] Destroying parent object
I2026-10-07 11:20:40.587883 ( 3584) [INFO] [VCAMDS] Destroying WndMsg Listener Window
I2026-10-07 11:20:40.588883 ( 3584) [INFO] [VCAMDS] Destroyed window
I2026-10-07 11:20:40.589885 ( 3584) [INFO] [VCAMDS] Unregistered window class
I2026-10-07 11:20:40.589885 ( 3584) [INFO] [VCAMDS] NvMxnCltShmConsumer Skip removing app tracker DLL loaded status. Parent source filter is not initialized
I2026-10-07 11:20:42.594197 ( 3584) [INFO] [VCAMDS] Creating WndMsg Listener Window
I2026-10-07 11:20:42.596704 ( 3584) [INFO] [VCAMDS] Destroying parent object
I2026-10-07 11:20:42.596704 ( 3584) [INFO] [VCAMDS] Destroying WndMsg Listener Window
I2026-10-07 11:20:42.597707 ( 3584) [INFO] [VCAMDS] Destroyed window
I2026-10-07 11:20:42.598706 ( 3584) [INFO] [VCAMDS] Unregistered window class
I2026-10-07 11:20:42.598706 ( 3584) [INFO] [VCAMDS] NvMxnCltShmConsumer Skip removing app tracker DLL loaded status. Parent source filter is not initialized
I2026-10-07 11:20:44.605435 ( 3584) [INFO] [VCAMDS] Creating WndMsg Listener Window
I2026-10-07 11:20:44.613729 ( 3584) [INFO] [VCAMDS] Destroying parent object
I2026-10-07 11:20:44.614728 ( 3584) [INFO] [VCAMDS] Destroying WndMsg Listener Window
I2026-10-07 11:20:44.616230 ( 3584) [INFO] [VCAMDS] Destroyed window
I2026-10-07 11:20:44.616230 ( 3584) [INFO] [VCAMDS] Unregistered window class
I2026-10-07 11:20:44.616230 ( 3584) [INFO] [VCAMDS] NvMxnCltShmConsumer Skip removing app tracker DLL loaded status. Parent source filter is not initialized
I2026-10-07 11:20:46.621466 ( 3584) [INFO] [VCAMDS] Creating WndMsg Listener Window
I2026-10-07 11:20:46.628120 ( 3584) [INFO] [VCAMDS] Destroying parent object
I2026-10-07 11:20:46.628120 ( 3584) [INFO] [VCAMDS] Destroying WndMsg Listener Window
I2026-10-07 11:20:46.629123 ( 3584) [INFO] [VCAMDS] Destroyed window
I2026-10-07 11:20:46.629123 ( 3584) [INFO] [VCAMDS] Unregistered window class
I2026-10-07 11:20:46.629123 ( 3584) [INFO] [VCAMDS] NvMxnCltShmConsumer Skip removing app tracker DLL loaded status. Parent source filter is not initialized
I2026-10-07 11:20:48.634341 ( 3584) [INFO] [VCAMDS] Creating WndMsg Listener Window
I2026-10-07 11:20:48.639204 ( 3584) [INFO] [VCAMDS] Destroying parent object
I2026-10-07 11:20:48.639204 ( 3584) [INFO] [VCAMDS] Destroying WndMsg Listener Window
I2026-10-07 11:20:48.640201 ( 3584) [INFO] [VCAMDS] Destroyed window
I2026-10-07 11:20:48.640201 ( 3584) [INFO] [VCAMDS] Unregistered window class
I2026-10-07 11:20:48.640201 ( 3584) [INFO] [VCAMDS] NvMxnCltShmConsumer Skip removing app tracker DLL loaded status. Parent source filter is not initialized
I2026-10-07 11:20:50.646718 ( 3584) [INFO] [VCAMDS] Creating WndMsg Listener Window
I2026-10-07 11:20:50.650722 ( 3584) [INFO] [VCAMDS] Destroying parent object
I2026-10-07 11:20:50.650722 ( 3584) [INFO] [VCAMDS] Destroying WndMsg Listener Window
I2026-10-07 11:20:50.651722 ( 3584) [INFO] [VCAMDS] Destroyed window
I2026-10-07 11:20:50.651722 ( 3584) [INFO] [VCAMDS] Unregistered window class
I2026-10-07 11:20:50.652722 ( 3584) [INFO] [VCAMDS] NvMxnCltShmConsumer Skip removing app tracker DLL loaded status. Parent source filter is not initialized
I2026-10-07 11:20:52.658006 ( 3584) [INFO] [VCAMDS] Creating WndMsg Listener Window
I2026-10-07 11:20:52.660414 ( 3584) [INFO] [VCAMDS] Destroying parent object
I2026-10-07 11:20:52.661458 ( 3584) [INFO] [VCAMDS] Destroying WndMsg Listener Window
I2026-10-07 11:20:52.661458 ( 3584) [INFO] [VCAMDS] Destroyed window
I2026-10-07 11:20:52.661458 ( 3584) [INFO] [VCAMDS] Unregistered window class
I2026-10-07 11:20:52.662458 ( 3584) [INFO] [VCAMDS] NvMxnCltShmConsumer Skip removing app tracker DLL loaded status. Parent source filter is not initialized
I2026-10-07 11:20:54.667263 ( 3584) [INFO] [VCAMDS] Creating WndMsg Listener Window
I2026-10-07 11:20:54.669261 ( 3584) [INFO] [VCAMDS] Destroying parent object
I2026-10-07 11:20:54.669261 ( 3584) [INFO] [VCAMDS] Destroying WndMsg Listener Window
I2026-10-07 11:20:54.670261 ( 3584) [INFO] [VCAMDS] Destroyed window
I2026-10-07 11:20:54.670261 ( 3584) [INFO] [VCAMDS] Unregistered window class
I2026-10-07 11:20:54.670261 ( 3584) [INFO] [VCAMDS] NvMxnCltShmConsumer Skip removing app tracker DLL loaded status. Parent source filter is not initialized
I2026-10-07 11:20:56.675714 ( 3584) [INFO] [VCAMDS] Creating WndMsg Listener Window
I2026-10-07 11:20:56.678745 ( 3584) [INFO] [VCAMDS] Destroying parent object
I2026-10-07 11:20:56.678745 ( 3584) [INFO] [VCAMDS] Destroying WndMsg Listener Window
I2026-10-07 11:20:56.679744 ( 3584) [INFO] [VCAMDS] Destroyed window
I2026-10-07 11:20:56.679744 ( 3584) [INFO] [VCAMDS] Unregistered window class
I2026-10-07 11:20:56.679744 ( 3584) [INFO] [VCAMDS] NvMxnCltShmConsumer Skip removing app tracker DLL loaded status. Parent source filter is not initialized
I2026-10-07 11:20:58.685386 ( 3584) [INFO] [VCAMDS] Creating WndMsg Listener Window
I2026-10-07 11:20:58.689577 ( 3584) [INFO] [VCAMDS] Destroying parent object
I2026-10-07 11:20:58.689577 ( 3584) [INFO] [VCAMDS] Destroying WndMsg Listener Window
I2026-10-07 11:20:58.690721 ( 3584) [INFO] [VCAMDS] Destroyed window
I2026-10-07 11:20:58.690721 ( 3584) [INFO] [VCAMDS] Unregistered window class
I2026-10-07 11:20:58.690721 ( 3584) [INFO] [VCAMDS] NvMxnCltShmConsumer Skip removing app tracker DLL loaded status. Parent source filter is not initialized
I2026-10-07 11:21:00.697103 ( 3584) [INFO] [VCAMDS] Creating WndMsg Listener Window
I2026-10-07 11:21:00.699115 ( 3584) [INFO] [VCAMDS] Destroying parent object
I2026-10-07 11:21:00.700106 ( 3584) [INFO] [VCAMDS] Destroying WndMsg Listener Window
I2026-10-07 11:21:00.700106 ( 3584) [INFO] [VCAMDS] Destroyed window
I2026-10-07 11:21:00.700106 ( 3584) [INFO] [VCAMDS] Unregistered window class
I2026-10-07 11:21:00.701107 ( 3584) [INFO] [VCAMDS] NvMxnCltShmConsumer Skip removing app tracker DLL loaded status. Parent source filter is not initialized
I2026-10-07 11:21:02.708981 ( 3584) [INFO] [VCAMDS] Creating WndMsg Listener Window
I2026-10-07 11:21:02.712985 ( 3584) [INFO] [VCAMDS] Destroying parent object
I2026-10-07 11:21:02.712985 ( 3584) [INFO] [VCAMDS] Destroying WndMsg Listener Window
I2026-10-07 11:21:02.713987 ( 3584) [INFO] [VCAMDS] Destroyed window
I2026-10-07 11:21:02.715493 ( 3584) [INFO] [VCAMDS] Unregistered window class
I2026-10-07 11:21:02.715493 ( 3584) [INFO] [VCAMDS] NvMxnCltShmConsumer Skip removing app tracker DLL loaded status. Parent source filter is not initialized
I2026-10-07 11:21:04.722147 ( 3584) [INFO] [VCAMDS] Creating WndMsg Listener Window
I2026-10-07 11:21:04.725661 ( 3584) [INFO] [VCAMDS] Destroying parent object
I2026-10-07 11:21:04.725661 ( 3584) [INFO] [VCAMDS] Destroying WndMsg Listener Window
I2026-10-07 11:21:04.726667 ( 3584) [INFO] [VCAMDS] Destroyed window
I2026-10-07 11:21:04.727667 ( 3584) [INFO] [VCAMDS] Unregistered window class
I2026-10-07 11:21:04.728173 ( 3584) [INFO] [VCAMDS] NvMxnCltShmConsumer Skip removing app tracker DLL loaded status. Parent source filter is not initialized
I2026-10-07 11:21:06.732226 ( 3584) [INFO] [VCAMDS] Creating WndMsg Listener Window
I2026-10-07 11:21:06.735741 ( 3584) [INFO] [VCAMDS] Destroying parent object
I2026-10-07 11:21:06.735741 ( 3584) [INFO] [VCAMDS] Destroying WndMsg Listener Window
I2026-10-07 11:21:06.736992 ( 3584) [INFO] [VCAMDS] Destroyed window
I2026-10-07 11:21:06.737995 ( 3584) [INFO] [VCAMDS] Unregistered window class
I2026-10-07 11:21:06.737995 ( 3584) [INFO] [VCAMDS] NvMxnCltShmConsumer Skip removing app tracker DLL loaded status. Parent source filter is not initialized
I2026-10-07 11:21:08.744083 ( 3584) [INFO] [VCAMDS] Creating WndMsg Listener Window
I2026-10-07 11:21:08.751637 ( 3584) [INFO] [VCAMDS] Destroying parent object
I2026-10-07 11:21:08.751637 ( 3584) [INFO] [VCAMDS] Destroying WndMsg Listener Window
I2026-10-07 11:21:08.752627 ( 3584) [INFO] [VCAMDS] Destroyed window
I2026-10-07 11:21:08.752627 ( 3584) [INFO] [VCAMDS] Unregistered window class
I2026-10-07 11:21:08.752627 ( 3584) [INFO] [VCAMDS] NvMxnCltShmConsumer Skip removing app tracker DLL loaded status. Parent source filter is not initialized
I2026-10-07 11:21:10.757947 ( 3584) [INFO] [VCAMDS] Creating WndMsg Listener Window
I2026-10-07 11:21:10.762952 ( 3584) [INFO] [VCAMDS] Destroying parent object
I2026-10-07 11:21:10.763953 ( 3584) [INFO] [VCAMDS] Destroying WndMsg Listener Window
I2026-10-07 11:21:10.765456 ( 3584) [INFO] [VCAMDS] Destroyed window
I2026-10-07 11:21:10.766459 ( 3584) [INFO] [VCAMDS] Unregistered window class
I2026-10-07 11:21:10.766459 ( 3584) [INFO] [VCAMDS] NvMxnCltShmConsumer Skip removing app tracker DLL loaded status. Parent source filter is not initialized
I2026-10-07 11:21:12.772693 ( 3584) [INFO] [VCAMDS] Creating WndMsg Listener Window
I2026-10-07 11:21:12.791754 ( 3584) [INFO] [VCAMDS] Destroying parent object
I2026-10-07 11:21:12.792754 ( 3584) [INFO] [VCAMDS] Destroying WndMsg Listener Window
I2026-10-07 11:21:12.793897 ( 3584) [INFO] [VCAMDS] Destroyed window
I2026-10-07 11:21:12.793897 ( 3584) [INFO] [VCAMDS] Unregistered window class
I2026-10-07 11:21:12.793897 ( 3584) [INFO] [VCAMDS] NvMxnCltShmConsumer Skip removing app tracker DLL loaded status. Parent source filter is not initialized
I2026-10-07 11:21:14.800184 ( 3584) [INFO] [VCAMDS] Creating WndMsg Listener Window
I2026-10-07 11:21:14.859189 ( 3584) [INFO] [VCAMDS] Destroying parent object
I2026-10-07 11:21:14.860194 ( 3584) [INFO] [VCAMDS] Destroying WndMsg Listener Window
I2026-10-07 11:21:14.861194 ( 3584) [INFO] [VCAMDS] Destroyed window
I2026-10-07 11:21:14.861194 ( 3584) [INFO] [VCAMDS] Unregistered window class
I2026-10-07 11:21:14.861194 ( 3584) [INFO] [VCAMDS] NvMxnCltShmConsumer Skip removing app tracker DLL loaded status. Parent source filter is not initialized
I2026-10-07 11:21:16.869544 ( 3584) [INFO] [VCAMDS] Creating WndMsg Listener Window
I2026-10-07 11:21:16.874022 ( 3584) [INFO] [VCAMDS] Destroying parent object
I2026-10-07 11:21:16.874022 ( 3584) [INFO] [VCAMDS] Destroying WndMsg Listener Window
I2026-10-07 11:21:16.876107 ( 3584) [INFO] [VCAMDS] Destroyed window
I2026-10-07 11:21:16.877187 ( 3584) [INFO] [VCAMDS] Unregistered window class
I2026-10-07 11:21:16.877187 ( 3584) [INFO] [VCAMDS] NvMxnCltShmConsumer Skip removing app tracker DLL loaded status. Parent source filter is not initialized
I2026-10-07 11:21:18.884009 ( 3584) [INFO] [VCAMDS] Creating WndMsg Listener Window
I2026-10-07 11:21:18.890570 ( 3584) [INFO] [VCAMDS] Destroying parent object
I2026-10-07 11:21:18.890570 ( 3584) [INFO] [VCAMDS] Destroying WndMsg Listener Window
I2026-10-07 11:21:18.891570 ( 3584) [INFO] [VCAMDS] Destroyed window
I2026-10-07 11:21:18.891570 ( 3584) [INFO] [VCAMDS] Unregistered window class
I2026-10-07 11:21:18.891570 ( 3584) [INFO] [VCAMDS] NvMxnCltShmConsumer Skip removing app tracker DLL loaded status. Parent source filter is not initialized
I2026-10-07 11:21:20.896469 ( 3584) [INFO] [VCAMDS] Creating WndMsg Listener Window
I2026-10-07 11:21:22.395977 ( 3584) [INFO] [VCAMDS] Destroying parent object
I2026-10-07 11:21:22.395977 ( 3584) [INFO] [VCAMDS] Destroying WndMsg Listener Window
I2026-10-07 11:21:22.397473 ( 3584) [INFO] [VCAMDS] Destroyed window
I2026-10-07 11:21:22.398576 ( 3584) [INFO] [VCAMDS] Unregistered window class
I2026-10-07 11:21:22.398576 ( 3584) [INFO] [VCAMDS] NvMxnCltShmConsumer Skip removing app tracker DLL loaded status. Parent source filter is not initialized
I2026-10-07 11:21:24.407671 ( 3584) [INFO] [VCAMDS] Creating WndMsg Listener Window
I2026-10-07 11:21:24.410671 ( 3584) [INFO] [VCAMDS] Destroying parent object
I2026-10-07 11:21:24.411672 ( 3584) [INFO] [VCAMDS] Destroying WndMsg Listener Window
I2026-10-07 11:21:24.412670 ( 3584) [INFO] [VCAMDS] Destroyed window
I2026-10-07 11:21:24.412670 ( 3584) [INFO] [VCAMDS] Unregistered window class
I2026-10-07 11:21:24.412670 ( 3584) [INFO] [VCAMDS] NvMxnCltShmConsumer Skip removing app tracker DLL loaded status. Parent source filter is not initialized
I2026-10-07 11:21:26.419564 ( 3584) [INFO] [VCAMDS] Creating WndMsg Listener Window
I2026-10-07 11:21:26.425555 ( 3584) [INFO] [VCAMDS] Destroying parent object
I2026-10-07 11:21:26.431840 ( 3584) [INFO] [VCAMDS] Destroying WndMsg Listener Window
I2026-10-07 11:21:26.432830 ( 3584) [INFO] [VCAMDS] Destroyed window
I2026-10-07 11:21:26.432830 ( 3584) [INFO] [VCAMDS] Unregistered window class
I2026-10-07 11:21:26.439903 ( 3584) [INFO] [VCAMDS] NvMxnCltShmConsumer Skip removing app tracker DLL loaded status. Parent source filter is not initialized
I2026-10-07 11:21:28.447636 ( 3584) [INFO] [VCAMDS] Creating WndMsg Listener Window
I2026-10-07 11:21:28.462443 ( 3584) [INFO] [VCAMDS] Destroying parent object
I2026-10-07 11:21:28.462443 ( 3584) [INFO] [VCAMDS] Destroying WndMsg Listener Window
I2026-10-07 11:21:28.463436 ( 3584) [INFO] [VCAMDS] Destroyed window
I2026-10-07 11:21:28.463436 ( 3584) [INFO] [VCAMDS] Unregistered window class
I2026-10-07 11:21:28.463436 ( 3584) [INFO] [VCAMDS] NvMxnCltShmConsumer Skip removing app tracker DLL loaded status. Parent source filter is not initialized
I2026-10-07 11:21:30.468976 ( 3584) [INFO] [VCAMDS] Creating WndMsg Listener Window
I2026-10-07 11:21:30.481613 ( 3584) [INFO] [VCAMDS] Destroying parent object
I2026-10-07 11:21:30.481613 ( 3584) [INFO] [VCAMDS] Destroying WndMsg Listener Window
I2026-10-07 11:21:30.483613 ( 3584) [INFO] [VCAMDS] Destroyed window
I2026-10-07 11:21:30.483613 ( 3584) [INFO] [VCAMDS] Unregistered window class
I2026-10-07 11:21:30.484608 ( 3584) [INFO] [VCAMDS] NvMxnCltShmConsumer Skip removing app tracker DLL loaded status. Parent source filter is not initialized
I2026-10-07 11:21:32.489924 ( 3584) [INFO] [VCAMDS] Creating WndMsg Listener Window
I2026-10-07 11:21:32.493156 ( 3584) [INFO] [VCAMDS] Destroying parent object
I2026-10-07 11:21:32.493156 ( 3584) [INFO] [VCAMDS] Destroying WndMsg Listener Window
I2026-10-07 11:21:32.494163 ( 3584) [INFO] [VCAMDS] Destroyed window
I2026-10-07 11:21:32.494163 ( 3584) [INFO] [VCAMDS] Unregistered window class
I2026-10-07 11:21:32.494163 ( 3584) [INFO] [VCAMDS] NvMxnCltShmConsumer Skip removing app tracker DLL loaded status. Parent source filter is not initialized
I2026-10-07 11:21:34.500743 ( 3584) [INFO] [VCAMDS] Creating WndMsg Listener Window
I2026-10-07 11:21:34.502744 ( 3584) [INFO] [VCAMDS] Destroying parent object
I2026-10-07 11:21:34.502744 ( 3584) [INFO] [VCAMDS] Destroying WndMsg Listener Window
I2026-10-07 11:21:34.503742 ( 3584) [INFO] [VCAMDS] Destroyed window
I2026-10-07 11:21:34.503742 ( 3584) [INFO] [VCAMDS] Unregistered window class
I2026-10-07 11:21:34.503742 ( 3584) [INFO] [VCAMDS] NvMxnCltShmConsumer Skip removing app tracker DLL loaded status. Parent source filter is not initialized
I2026-10-07 11:21:36.509653 ( 3584) [INFO] [VCAMDS] Creating WndMsg Listener Window
I2026-10-07 11:21:36.514178 ( 3584) [INFO] [VCAMDS] Destroying parent object
I2026-10-07 11:21:36.514178 ( 3584) [INFO] [VCAMDS] Destroying WndMsg Listener Window
I2026-10-07 11:21:36.514178 ( 3584) [INFO] [VCAMDS] Destroyed window
I2026-10-07 11:21:36.515686 ( 3584) [INFO] [VCAMDS] Unregistered window class
I2026-10-07 11:21:36.515686 ( 3584) [INFO] [VCAMDS] NvMxnCltShmConsumer Skip removing app tracker DLL loaded status. Parent source filter is not initialized
I2026-10-07 11:21:38.522614 ( 3584) [INFO] [VCAMDS] Creating WndMsg Listener Window
I2026-10-07 11:21:38.535836 ( 3584) [INFO] [VCAMDS] Destroying parent object
I2026-10-07 11:21:38.536842 ( 3584) [INFO] [VCAMDS] Destroying WndMsg Listener Window
I2026-10-07 11:21:38.536842 ( 3584) [INFO] [VCAMDS] Destroyed window
I2026-10-07 11:21:38.537842 ( 3584) [INFO] [VCAMDS] Unregistered window class
I2026-10-07 11:21:38.537842 ( 3584) [INFO] [VCAMDS] NvMxnCltShmConsumer Skip removing app tracker DLL loaded status. Parent source filter is not initialized
I2026-10-07 11:21:40.543833 ( 3584) [INFO] [VCAMDS] Creating WndMsg Listener Window
I2026-10-07 11:21:40.548344 ( 3584) [INFO] [VCAMDS] Destroying parent object
I2026-10-07 11:21:40.548344 ( 3584) [INFO] [VCAMDS] Destroying WndMsg Listener Window
I2026-10-07 11:21:40.549849 ( 3584) [INFO] [VCAMDS] Destroyed window
I2026-10-07 11:21:40.549849 ( 3584) [INFO] [VCAMDS] Unregistered window class
I2026-10-07 11:21:40.550855 ( 3584) [INFO] [VCAMDS] NvMxnCltShmConsumer Skip removing app tracker DLL loaded status. Parent source filter is not initialized
I2026-10-07 11:21:42.556732 ( 3584) [INFO] [VCAMDS] Creating WndMsg Listener Window
I2026-10-07 11:21:42.564148 ( 3584) [INFO] [VCAMDS] Destroying parent object
I2026-10-07 11:21:42.564148 ( 3584) [INFO] [VCAMDS] Destroying WndMsg Listener Window
I2026-10-07 11:21:42.565652 ( 3584) [INFO] [VCAMDS] Destroyed window
I2026-10-07 11:21:42.565652 ( 3584) [INFO] [VCAMDS] Unregistered window class
I2026-10-07 11:21:42.565652 ( 3584) [INFO] [VCAMDS] NvMxnCltShmConsumer Skip removing app tracker DLL loaded status. Parent source filter is not initialized
I2026-10-07 11:21:44.571754 ( 3584) [INFO] [VCAMDS] Creating WndMsg Listener Window
I2026-10-07 11:21:44.580276 ( 3584) [INFO] [VCAMDS] Destroying parent object
I2026-10-07 11:21:44.581274 ( 3584) [INFO] [VCAMDS] Destroying WndMsg Listener Window
I2026-10-07 11:21:44.581274 ( 3584) [INFO] [VCAMDS] Destroyed window
I2026-10-07 11:21:44.581274 ( 3584) [INFO] [VCAMDS] Unregistered window class
I2026-10-07 11:21:44.582283 ( 3584) [INFO] [VCAMDS] NvMxnCltShmConsumer Skip removing app tracker DLL loaded status. Parent source filter is not initialized
I2026-10-07 11:21:46.587370 ( 3584) [INFO] [VCAMDS] Creating WndMsg Listener Window
I2026-10-07 11:21:46.593538 ( 3584) [INFO] [VCAMDS] Destroying parent object
I2026-10-07 11:21:46.611748 ( 3584) [INFO] [VCAMDS] Destroying WndMsg Listener Window
I2026-10-07 11:21:46.612744 ( 3584) [INFO] [VCAMDS] Destroyed window
I2026-10-07 11:21:46.612744 ( 3584) [INFO] [VCAMDS] Unregistered window class
I2026-10-07 11:21:46.612744 ( 3584) [INFO] [VCAMDS] NvMxnCltShmConsumer Skip removing app tracker DLL loaded status. Parent source filter is not initialized
I2026-10-07 11:21:48.618038 ( 3584) [INFO] [VCAMDS] Creating WndMsg Listener Window
I2026-10-07 11:21:48.623028 ( 3584) [INFO] [VCAMDS] Destroying parent object
I2026-10-07 11:21:48.623028 ( 3584) [INFO] [VCAMDS] Destroying WndMsg Listener Window
I2026-10-07 11:21:48.624694 ( 3584) [INFO] [VCAMDS] Destroyed window
I2026-10-07 11:21:48.624694 ( 3584) [INFO] [VCAMDS] Unregistered window class
I2026-10-07 11:21:48.624694 ( 3584) [INFO] [VCAMDS] NvMxnCltShmConsumer Skip removing app tracker DLL loaded status. Parent source filter is not initialized
I2026-10-07 11:21:50.629444 ( 3584) [INFO] [VCAMDS] Creating WndMsg Listener Window
I2026-10-07 11:21:50.632442 ( 3584) [INFO] [VCAMDS] Destroying parent object
I2026-10-07 11:21:50.632442 ( 3584) [INFO] [VCAMDS] Destroying WndMsg Listener Window
I2026-10-07 11:21:50.633442 ( 3584) [INFO] [VCAMDS] Destroyed window
I2026-10-07 11:21:50.633442 ( 3584) [INFO] [VCAMDS] Unregistered window class
I2026-10-07 11:21:50.634443 ( 3584) [INFO] [VCAMDS] NvMxnCltShmConsumer Skip removing app tracker DLL loaded status. Parent source filter is not initialized
I2026-10-07 11:21:52.638903 ( 3584) [INFO] [VCAMDS] Creating WndMsg Listener Window
I2026-10-07 11:21:52.642794 ( 3584) [INFO] [VCAMDS] Destroying parent object
I2026-10-07 11:21:52.642794 ( 3584) [INFO] [VCAMDS] Destroying WndMsg Listener Window
I2026-10-07 11:21:52.643787 ( 3584) [INFO] [VCAMDS] Destroyed window
I2026-10-07 11:21:52.643787 ( 3584) [INFO] [VCAMDS] Unregistered window class
I2026-10-07 11:21:52.643787 ( 3584) [INFO] [VCAMDS] NvMxnCltShmConsumer Skip removing app tracker DLL loaded status. Parent source filter is not initialized
I2026-10-07 11:21:54.649861 ( 3584) [INFO] [VCAMDS] Creating WndMsg Listener Window
I2026-10-07 11:21:54.653862 ( 3584) [INFO] [VCAMDS] Destroying parent object
I2026-10-07 11:21:54.654861 ( 3584) [INFO] [VCAMDS] Destroying WndMsg Listener Window
I2026-10-07 11:21:54.655860 ( 3584) [INFO] [VCAMDS] Destroyed window
I2026-10-07 11:21:54.655860 ( 3584) [INFO] [VCAMDS] Unregistered window class
I2026-10-07 11:21:54.655860 ( 3584) [INFO] [VCAMDS] NvMxnCltShmConsumer Skip removing app tracker DLL loaded status. Parent source filter is not initialized
I2026-10-07 11:21:56.660969 ( 3584) [INFO] [VCAMDS] Creating WndMsg Listener Window
I2026-10-07 11:21:56.668516 ( 3584) [INFO] [VCAMDS] Destroying parent object
I2026-10-07 11:21:56.668516 ( 3584) [INFO] [VCAMDS] Destroying WndMsg Listener Window
I2026-10-07 11:21:56.669509 ( 3584) [INFO] [VCAMDS] Destroyed window
I2026-10-07 11:21:56.669509 ( 3584) [INFO] [VCAMDS] Unregistered window class
I2026-10-07 11:21:56.669509 ( 3584) [INFO] [VCAMDS] NvMxnCltShmConsumer Skip removing app tracker DLL loaded status. Parent source filter is not initialized
I2026-10-07 11:21:58.674860 ( 3584) [INFO] [VCAMDS] Creating WndMsg Listener Window
I2026-10-07 11:21:58.678378 ( 3584) [INFO] [VCAMDS] Destroying parent object
I2026-10-07 11:21:58.678378 ( 3584) [INFO] [VCAMDS] Destroying WndMsg Listener Window
I2026-10-07 11:21:58.678378 ( 3584) [INFO] [VCAMDS] Destroyed window
I2026-10-07 11:21:58.679373 ( 3584) [INFO] [VCAMDS] Unregistered window class
I2026-10-07 11:21:58.679373 ( 3584) [INFO] [VCAMDS] NvMxnCltShmConsumer Skip removing app tracker DLL loaded status. Parent source filter is not initialized
I2026-10-07 11:22:00.684075 ( 3584) [INFO] [VCAMDS] Creating WndMsg Listener Window
I2026-10-07 11:22:00.687606 ( 3584) [INFO] [VCAMDS] Destroying parent object
I2026-10-07 11:22:00.694614 ( 3584) [INFO] [VCAMDS] Destroying WndMsg Listener Window
I2026-10-07 11:22:00.695606 ( 3584) [INFO] [VCAMDS] Destroyed window
I2026-10-07 11:22:00.695606 ( 3584) [INFO] [VCAMDS] Unregistered window class
I2026-10-07 11:22:00.695606 ( 3584) [INFO] [VCAMDS] NvMxnCltShmConsumer Skip removing app tracker DLL loaded status. Parent source filter is not initialized
I2026-10-07 11:22:02.701642 ( 3584) [INFO] [VCAMDS] Creating WndMsg Listener Window
I2026-10-07 11:22:02.705674 ( 3584) [INFO] [VCAMDS] Destroying parent object
I2026-10-07 11:22:02.706679 ( 3584) [INFO] [VCAMDS] Destroying WndMsg Listener Window
I2026-10-07 11:22:02.707679 ( 3584) [INFO] [VCAMDS] Destroyed window
I2026-10-07 11:22:02.707679 ( 3584) [INFO] [VCAMDS] Unregistered window class
I2026-10-07 11:22:02.707679 ( 3584) [INFO] [VCAMDS] NvMxnCltShmConsumer Skip removing app tracker DLL loaded status. Parent source filter is not initialized
I2026-10-07 11:22:04.712848 ( 3584) [INFO] [VCAMDS] Creating WndMsg Listener Window
I2026-10-07 11:22:04.715837 ( 3584) [INFO] [VCAMDS] Destroying parent object
I2026-10-07 11:22:04.715837 ( 3584) [INFO] [VCAMDS] Destroying WndMsg Listener Window
I2026-10-07 11:22:04.715837 ( 3584) [INFO] [VCAMDS] Destroyed window
I2026-10-07 11:22:04.715837 ( 3584) [INFO] [VCAMDS] Unregistered window class
I2026-10-07 11:22:04.717028 ( 3584) [INFO] [VCAMDS] NvMxnCltShmConsumer Skip removing app tracker DLL loaded status. Parent source filter is not initialized
I2026-10-07 11:22:06.721215 ( 3584) [INFO] [VCAMDS] Creating WndMsg Listener Window
I2026-10-07 11:22:06.724215 ( 3584) [INFO] [VCAMDS] Destroying parent object
I2026-10-07 11:22:06.724215 ( 3584) [INFO] [VCAMDS] Destroying WndMsg Listener Window
I2026-10-07 11:22:06.725718 ( 3584) [INFO] [VCAMDS] Destroyed window
I2026-10-07 11:22:06.725718 ( 3584) [INFO] [VCAMDS] Unregistered window class
I2026-10-07 11:22:06.725718 ( 3584) [INFO] [VCAMDS] NvMxnCltShmConsumer Skip removing app tracker DLL loaded status. Parent source filter is not initialized
I2026-10-07 11:22:08.731089 ( 3584) [INFO] [VCAMDS] Creating WndMsg Listener Window
I2026-10-07 11:22:08.734079 ( 3584) [INFO] [VCAMDS] Destroying parent object
I2026-10-07 11:22:08.734079 ( 3584) [INFO] [VCAMDS] Destroying WndMsg Listener Window
I2026-10-07 11:22:08.734079 ( 3584) [INFO] [VCAMDS] Destroyed window
I2026-10-07 11:22:08.734079 ( 3584) [INFO] [VCAMDS] Unregistered window class
I2026-10-07 11:22:08.734079 ( 3584) [INFO] [VCAMDS] NvMxnCltShmConsumer Skip removing app tracker DLL loaded status. Parent source filter is not initialized
I2026-10-07 11:22:10.740521 ( 3584) [INFO] [VCAMDS] Creating WndMsg Listener Window
I2026-10-07 11:22:10.742527 ( 3584) [INFO] [VCAMDS] Destroying parent object
I2026-10-07 11:22:10.743521 ( 3584) [INFO] [VCAMDS] Destroying WndMsg Listener Window
I2026-10-07 11:22:10.745522 ( 3584) [INFO] [VCAMDS] Destroyed window
I2026-10-07 11:22:10.745522 ( 3584) [INFO] [VCAMDS] Unregistered window class
I2026-10-07 11:22:10.745522 ( 3584) [INFO] [VCAMDS] NvMxnCltShmConsumer Skip removing app tracker DLL loaded status. Parent source filter is not initialized
I2026-10-07 11:22:12.750912 ( 3584) [INFO] [VCAMDS] Creating WndMsg Listener Window
I2026-10-07 11:22:12.763473 ( 3584) [INFO] [VCAMDS] Destroying parent object
I2026-10-07 11:22:12.763473 ( 3584) [INFO] [VCAMDS] Destroying WndMsg Listener Window
I2026-10-07 11:22:12.764473 ( 3584) [INFO] [VCAMDS] Destroyed window
I2026-10-07 11:22:12.764473 ( 3584) [INFO] [VCAMDS] Unregistered window class
I2026-10-07 11:22:12.764473 ( 3584) [INFO] [VCAMDS] NvMxnCltShmConsumer Skip removing app tracker DLL loaded status. Parent source filter is not initialized
I2026-10-07 11:22:14.770294 ( 3584) [INFO] [VCAMDS] Creating WndMsg Listener Window
I2026-10-07 11:22:14.782132 ( 3584) [INFO] [VCAMDS] Destroying parent object
I2026-10-07 11:22:14.782132 ( 3584) [INFO] [VCAMDS] Destroying WndMsg Listener Window
I2026-10-07 11:22:14.783133 ( 3584) [INFO] [VCAMDS] Destroyed window
I2026-10-07 11:22:14.783133 ( 3584) [INFO] [VCAMDS] Unregistered window class
I2026-10-07 11:22:14.783133 ( 3584) [INFO] [VCAMDS] NvMxnCltShmConsumer Skip removing app tracker DLL loaded status. Parent source filter is not initialized
I2026-10-07 11:22:16.789494 ( 3584) [INFO] [VCAMDS] Creating WndMsg Listener Window
I2026-10-07 11:22:16.801923 ( 3584) [INFO] [VCAMDS] Destroying parent object
I2026-10-07 11:22:16.802918 ( 3584) [INFO] [VCAMDS] Destroying WndMsg Listener Window
I2026-10-07 11:22:16.802918 ( 3584) [INFO] [VCAMDS] Destroyed window
I2026-10-07 11:22:16.803918 ( 3584) [INFO] [VCAMDS] Unregistered window class
I2026-10-07 11:22:16.803918 ( 3584) [INFO] [VCAMDS] NvMxnCltShmConsumer Skip removing app tracker DLL loaded status. Parent source filter is not initialized
I2026-10-07 11:22:18.810611 ( 3584) [INFO] [VCAMDS] Creating WndMsg Listener Window
I2026-10-07 11:22:18.812942 ( 3584) [INFO] [VCAMDS] Destroying parent object
I2026-10-07 11:22:18.812942 ( 3584) [INFO] [VCAMDS] Destroying WndMsg Listener Window
I2026-10-07 11:22:18.813939 ( 3584) [INFO] [VCAMDS] Destroyed window
I2026-10-07 11:22:18.813939 ( 3584) [INFO] [VCAMDS] Unregistered window class
I2026-10-07 11:22:18.813939 ( 3584) [INFO] [VCAMDS] NvMxnCltShmConsumer Skip removing app tracker DLL loaded status. Parent source filter is not initialized
I2026-10-07 11:22:20.822705 ( 3584) [INFO] [VCAMDS] Creating WndMsg Listener Window
I2026-10-07 11:22:20.834302 ( 3584) [INFO] [VCAMDS] Destroying parent object
I2026-10-07 11:22:20.834302 ( 3584) [INFO] [VCAMDS] Destroying WndMsg Listener Window
I2026-10-07 11:22:20.835805 ( 3584) [INFO] [VCAMDS] Destroyed window
I2026-10-07 11:22:20.835805 ( 3584) [INFO] [VCAMDS] Unregistered window class
I2026-10-07 11:22:20.835805 ( 3584) [INFO] [VCAMDS] NvMxnCltShmConsumer Skip removing app tracker DLL loaded status. Parent source filter is not initialized
I2026-10-07 11:22:22.843080 ( 3584) [INFO] [VCAMDS] Creating WndMsg Listener Window
I2026-10-07 11:22:22.846122 ( 3584) [INFO] [VCAMDS] Destroying parent object
I2026-10-07 11:22:22.846122 ( 3584) [INFO] [VCAMDS] Destroying WndMsg Listener Window
I2026-10-07 11:22:22.847127 ( 3584) [INFO] [VCAMDS] Destroyed window
I2026-10-07 11:22:22.847127 ( 3584) [INFO] [VCAMDS] Unregistered window class
I2026-10-07 11:22:22.847127 ( 3584) [INFO] [VCAMDS] NvMxnCltShmConsumer Skip removing app tracker DLL loaded status. Parent source filter is not initialized
I2026-10-07 11:22:24.854125 ( 3584) [INFO] [VCAMDS] Creating WndMsg Listener Window
I2026-10-07 11:22:24.857666 ( 3584) [INFO] [VCAMDS] Destroying parent object
I2026-10-07 11:22:24.858664 ( 3584) [INFO] [VCAMDS] Destroying WndMsg Listener Window
I2026-10-07 11:22:24.859664 ( 3584) [INFO] [VCAMDS] Destroyed window
I2026-10-07 11:22:24.859664 ( 3584) [INFO] [VCAMDS] Unregistered window class
I2026-10-07 11:22:24.859664 ( 3584) [INFO] [VCAMDS] NvMxnCltShmConsumer Skip removing app tracker DLL loaded status. Parent source filter is not initialized
I2026-10-07 11:22:26.866377 ( 3584) [INFO] [VCAMDS] Creating WndMsg Listener Window
I2026-10-07 11:22:26.878551 ( 3584) [INFO] [VCAMDS] Destroying parent object
I2026-10-07 11:22:26.878551 ( 3584) [INFO] [VCAMDS] Destroying WndMsg Listener Window
I2026-10-07 11:22:26.879550 ( 3584) [INFO] [VCAMDS] Destroyed window
I2026-10-07 11:22:26.879550 ( 3584) [INFO] [VCAMDS] Unregistered window class
I2026-10-07 11:22:26.879550 ( 3584) [INFO] [VCAMDS] NvMxnCltShmConsumer Skip removing app tracker DLL loaded status. Parent source filter is not initialized
I2026-10-07 11:22:28.884505 ( 3584) [INFO] [VCAMDS] Creating WndMsg Listener Window
I2026-10-07 11:22:28.897920 ( 3584) [INFO] [VCAMDS] Destroying parent object
I2026-10-07 11:22:28.897920 ( 3584) [INFO] [VCAMDS] Destroying WndMsg Listener Window
I2026-10-07 11:22:28.900074 ( 3584) [INFO] [VCAMDS] Destroyed window
I2026-10-07 11:22:28.900074 ( 3584) [INFO] [VCAMDS] Unregistered window class
I2026-10-07 11:22:28.900074 ( 3584) [INFO] [VCAMDS] NvMxnCltShmConsumer Skip removing app tracker DLL loaded status. Parent source filter is not initialized
I2026-10-07 11:22:30.906383 ( 3584) [INFO] [VCAMDS] Creating WndMsg Listener Window
I2026-10-07 11:22:30.909380 ( 3584) [INFO] [VCAMDS] Destroying parent object
I2026-10-07 11:22:30.912393 ( 3584) [INFO] [VCAMDS] Destroying WndMsg Listener Window
I2026-10-07 11:22:30.913380 ( 3584) [INFO] [VCAMDS] Destroyed window
I2026-10-07 11:22:30.913380 ( 3584) [INFO] [VCAMDS] Unregistered window class
I2026-10-07 11:22:30.914379 ( 3584) [INFO] [VCAMDS] NvMxnCltShmConsumer Skip removing app tracker DLL loaded status. Parent source filter is not initialized
I2026-10-07 11:22:32.921193 ( 3584) [INFO] [VCAMDS] Creating WndMsg Listener Window
I2026-10-07 11:22:32.929263 ( 3584) [INFO] [VCAMDS] Destroying parent object
I2026-10-07 11:22:32.930265 ( 3584) [INFO] [VCAMDS] Destroying WndMsg Listener Window
I2026-10-07 11:22:32.931268 ( 3584) [INFO] [VCAMDS] Destroyed window
I2026-10-07 11:22:32.932265 ( 3584) [INFO] [VCAMDS] Unregistered window class
I2026-10-07 11:22:32.932265 ( 3584) [INFO] [VCAMDS] NvMxnCltShmConsumer Skip removing app tracker DLL loaded status. Parent source filter is not initialized
I2026-10-07 11:22:34.941543 ( 3584) [INFO] [VCAMDS] Creating WndMsg Listener Window
I2026-10-07 11:22:34.952699 ( 3584) [INFO] [VCAMDS] Destroying parent object
I2026-10-07 11:22:34.952699 ( 3584) [INFO] [VCAMDS] Destroying WndMsg Listener Window
I2026-10-07 11:22:34.954720 ( 3584) [INFO] [VCAMDS] Destroyed window
I2026-10-07 11:22:34.954720 ( 3584) [INFO] [VCAMDS] Unregistered window class
I2026-10-07 11:22:34.954720 ( 3584) [INFO] [VCAMDS] NvMxnCltShmConsumer Skip removing app tracker DLL loaded status. Parent source filter is not initialized
I2026-10-07 11:22:36.960031 ( 3584) [INFO] [VCAMDS] Creating WndMsg Listener Window
I2026-10-07 11:22:36.973766 ( 3584) [INFO] [VCAMDS] Destroying parent object
I2026-10-07 11:22:36.973766 ( 3584) [INFO] [VCAMDS] Destroying WndMsg Listener Window
I2026-10-07 11:22:36.975767 ( 3584) [INFO] [VCAMDS] Destroyed window
I2026-10-07 11:22:36.975767 ( 3584) [INFO] [VCAMDS] Unregistered window class
I2026-10-07 11:22:36.975767 ( 3584) [INFO] [VCAMDS] NvMxnCltShmConsumer Skip removing app tracker DLL loaded status. Parent source filter is not initialized
I2026-10-07 11:22:38.982645 ( 3584) [INFO] [VCAMDS] Creating WndMsg Listener Window
I2026-10-07 11:22:38.994303 ( 3584) [INFO] [VCAMDS] Destroying parent object
I2026-10-07 11:22:38.994303 ( 3584) [INFO] [VCAMDS] Destroying WndMsg Listener Window
I2026-10-07 11:22:38.995806 ( 3584) [INFO] [VCAMDS] Destroyed window
I2026-10-07 11:22:38.995806 ( 3584) [INFO] [VCAMDS] Unregistered window class
I2026-10-07 11:22:38.995806 ( 3584) [INFO] [VCAMDS] NvMxnCltShmConsumer Skip removing app tracker DLL loaded status. Parent source filter is not initialized
I2026-10-07 11:22:41.001825 ( 3584) [INFO] [VCAMDS] Creating WndMsg Listener Window
I2026-10-07 11:22:41.013489 ( 3584) [INFO] [VCAMDS] Destroying parent object
I2026-10-07 11:22:41.014484 ( 3584) [INFO] [VCAMDS] Destroying WndMsg Listener Window
I2026-10-07 11:22:41.015484 ( 3584) [INFO] [VCAMDS] Destroyed window
I2026-10-07 11:22:41.015484 ( 3584) [INFO] [VCAMDS] Unregistered window class
I2026-10-07 11:22:41.015484 ( 3584) [INFO] [VCAMDS] NvMxnCltShmConsumer Skip removing app tracker DLL loaded status. Parent source filter is not initialized
I2026-10-07 11:22:43.021759 ( 3584) [INFO] [VCAMDS] Creating WndMsg Listener Window
I2026-10-07 11:22:43.034873 ( 3584) [INFO] [VCAMDS] Destroying parent object
I2026-10-07 11:22:43.035862 ( 3584) [INFO] [VCAMDS] Destroying WndMsg Listener Window
I2026-10-07 11:22:43.037379 ( 3584) [INFO] [VCAMDS] Destroyed window
I2026-10-07 11:22:43.037379 ( 3584) [INFO] [VCAMDS] Unregistered window class
I2026-10-07 11:22:43.037379 ( 3584) [INFO] [VCAMDS] NvMxnCltShmConsumer Skip removing app tracker DLL loaded status. Parent source filter is not initialized
I2026-10-07 11:22:45.044862 ( 3584) [INFO] [VCAMDS] Creating WndMsg Listener Window
I2026-10-07 11:22:45.056984 ( 3584) [INFO] [VCAMDS] Destroying parent object
I2026-10-07 11:22:45.057988 ( 3584) [INFO] [VCAMDS] Destroying WndMsg Listener Window
I2026-10-07 11:22:45.058990 ( 3584) [INFO] [VCAMDS] Destroyed window
I2026-10-07 11:22:45.058990 ( 3584) [INFO] [VCAMDS] Unregistered window class
I2026-10-07 11:22:45.058990 ( 3584) [INFO] [VCAMDS] NvMxnCltShmConsumer Skip removing app tracker DLL loaded status. Parent source filter is not initialized
I2026-10-07 11:22:47.064148 ( 3584) [INFO] [VCAMDS] Creating WndMsg Listener Window
I2026-10-07 11:22:47.067672 ( 3584) [INFO] [VCAMDS] Destroying parent object
I2026-10-07 11:22:47.068666 ( 3584) [INFO] [VCAMDS] Destroying WndMsg Listener Window
I2026-10-07 11:22:47.069665 ( 3584) [INFO] [VCAMDS] Destroyed window
I2026-10-07 11:22:47.069665 ( 3584) [INFO] [VCAMDS] Unregistered window class
I2026-10-07 11:22:47.069665 ( 3584) [INFO] [VCAMDS] NvMxnCltShmConsumer Skip removing app tracker DLL loaded status. Parent source filter is not initialized
I2026-10-07 11:22:49.075641 ( 3584) [INFO] [VCAMDS] Creating WndMsg Listener Window
I2026-10-07 11:22:49.087868 ( 3584) [INFO] [VCAMDS] Destroying parent object
I2026-10-07 11:22:49.088869 ( 3584) [INFO] [VCAMDS] Destroying WndMsg Listener Window
I2026-10-07 11:22:49.089867 ( 3584) [INFO] [VCAMDS] Destroyed window
I2026-10-07 11:22:49.089867 ( 3584) [INFO] [VCAMDS] Unregistered window class
I2026-10-07 11:22:49.089867 ( 3584) [INFO] [VCAMDS] NvMxnCltShmConsumer Skip removing app tracker DLL loaded status. Parent source filter is not initialized
I2026-10-07 11:22:51.096964 ( 3584) [INFO] [VCAMDS] Creating WndMsg Listener Window
I2026-10-07 11:22:51.099970 ( 3584) [INFO] [VCAMDS] Destroying parent object
I2026-10-07 11:22:51.099970 ( 3584) [INFO] [VCAMDS] Destroying WndMsg Listener Window
I2026-10-07 11:22:51.100970 ( 3584) [INFO] [VCAMDS] Destroyed window
I2026-10-07 11:22:51.101977 ( 3584) [INFO] [VCAMDS] Unregistered window class
I2026-10-07 11:22:51.101977 ( 3584) [INFO] [VCAMDS] NvMxnCltShmConsumer Skip removing app tracker DLL loaded status. Parent source filter is not initialized
I2026-10-07 11:22:53.110160 ( 3584) [INFO] [VCAMDS] Creating WndMsg Listener Window
I2026-10-07 11:22:53.113437 ( 3584) [INFO] [VCAMDS] Destroying parent object
I2026-10-07 11:22:53.113437 ( 3584) [INFO] [VCAMDS] Destroying WndMsg Listener Window
I2026-10-07 11:22:53.113437 ( 3584) [INFO] [VCAMDS] Destroyed window
I2026-10-07 11:22:53.114637 ( 3584) [INFO] [VCAMDS] Unregistered window class
I2026-10-07 11:22:53.114637 ( 3584) [INFO] [VCAMDS] NvMxnCltShmConsumer Skip removing app tracker DLL loaded status. Parent source filter is not initialized
I2026-10-07 11:22:55.121800 ( 3584) [INFO] [VCAMDS] Creating WndMsg Listener Window
I2026-10-07 11:22:55.125432 ( 3584) [INFO] [VCAMDS] Destroying parent object
I2026-10-07 11:22:55.125432 ( 3584) [INFO] [VCAMDS] Destroying WndMsg Listener Window
I2026-10-07 11:22:55.126436 ( 3584) [INFO] [VCAMDS] Destroyed window
I2026-10-07 11:22:55.126436 ( 3584) [INFO] [VCAMDS] Unregistered window class
I2026-10-07 11:22:55.127439 ( 3584) [INFO] [VCAMDS] NvMxnCltShmConsumer Skip removing app tracker DLL loaded status. Parent source filter is not initialized
I2026-10-07 11:22:57.135429 ( 3584) [INFO] [VCAMDS] Creating WndMsg Listener Window
I2026-10-07 11:22:57.143759 ( 3584) [INFO] [VCAMDS] Destroying parent object
I2026-10-07 11:22:57.144758 ( 3584) [INFO] [VCAMDS] Destroying WndMsg Listener Window
I2026-10-07 11:22:57.144758 ( 3584) [INFO] [VCAMDS] Destroyed window
I2026-10-07 11:22:57.145759 ( 3584) [INFO] [VCAMDS] Unregistered window class
I2026-10-07 11:22:57.145759 ( 3584) [INFO] [VCAMDS] NvMxnCltShmConsumer Skip removing app tracker DLL loaded status. Parent source filter is not initialized
I2026-10-07 11:22:59.155431 ( 3584) [INFO] [VCAMDS] Creating WndMsg Listener Window
I2026-10-07 11:22:59.158435 ( 3584) [INFO] [VCAMDS] Destroying parent object
I2026-10-07 11:22:59.158435 ( 3584) [INFO] [VCAMDS] Destroying WndMsg Listener Window
I2026-10-07 11:22:59.159436 ( 3584) [INFO] [VCAMDS] Destroyed window
I2026-10-07 11:22:59.159436 ( 3584) [INFO] [VCAMDS] Unregistered window class
I2026-10-07 11:22:59.159436 ( 3584) [INFO] [VCAMDS] NvMxnCltShmConsumer Skip removing app tracker DLL loaded status. Parent source filter is not initialized
I2026-10-07 11:23:01.165402 ( 3584) [INFO] [VCAMDS] Creating WndMsg Listener Window
I2026-10-07 11:23:01.167407 ( 3584) [INFO] [VCAMDS] Destroying parent object
I2026-10-07 11:23:01.167407 ( 3584) [INFO] [VCAMDS] Destroying WndMsg Listener Window
I2026-10-07 11:23:01.168407 ( 3584) [INFO] [VCAMDS] Destroyed window
I2026-10-07 11:23:01.168407 ( 3584) [INFO] [VCAMDS] Unregistered window class
I2026-10-07 11:23:01.168407 ( 3584) [INFO] [VCAMDS] NvMxnCltShmConsumer Skip removing app tracker DLL loaded status. Parent source filter is not initialized
I2026-10-07 11:23:03.175763 ( 3584) [INFO] [VCAMDS] Creating WndMsg Listener Window
I2026-10-07 11:23:03.178280 ( 3584) [INFO] [VCAMDS] Destroying parent object
I2026-10-07 11:23:03.179280 ( 3584) [INFO] [VCAMDS] Destroying WndMsg Listener Window
I2026-10-07 11:23:03.180279 ( 3584) [INFO] [VCAMDS] Destroyed window
I2026-10-07 11:23:03.180279 ( 3584) [INFO] [VCAMDS] Unregistered window class
I2026-10-07 11:23:03.180279 ( 3584) [INFO] [VCAMDS] NvMxnCltShmConsumer Skip removing app tracker DLL loaded status. Parent source filter is not initialized
I2026-10-07 11:23:05.186955 ( 3584) [INFO] [VCAMDS] Creating WndMsg Listener Window
I2026-10-07 11:23:05.199196 ( 3584) [INFO] [VCAMDS] Destroying parent object
I2026-10-07 11:23:05.199196 ( 3584) [INFO] [VCAMDS] Destroying WndMsg Listener Window
I2026-10-07 11:23:05.200186 ( 3584) [INFO] [VCAMDS] Destroyed window
I2026-10-07 11:23:05.200186 ( 3584) [INFO] [VCAMDS] Unregistered window class
I2026-10-07 11:23:05.200186 ( 3584) [INFO] [VCAMDS] NvMxnCltShmConsumer Skip removing app tracker DLL loaded status. Parent source filter is not initialized
I2026-10-07 11:23:07.205765 ( 3584) [INFO] [VCAMDS] Creating WndMsg Listener Window
I2026-10-07 11:23:07.210040 ( 3584) [INFO] [VCAMDS] Destroying parent object
I2026-10-07 11:23:07.211048 ( 3584) [INFO] [VCAMDS] Destroying WndMsg Listener Window
I2026-10-07 11:23:07.212049 ( 3584) [INFO] [VCAMDS] Destroyed window
I2026-10-07 11:23:07.214048 ( 3584) [INFO] [VCAMDS] Unregistered window class
I2026-10-07 11:23:07.214048 ( 3584) [INFO] [VCAMDS] NvMxnCltShmConsumer Skip removing app tracker DLL loaded status. Parent source filter is not initialized
I2026-10-07 11:23:09.223006 ( 3584) [INFO] [VCAMDS] Creating WndMsg Listener Window
I2026-10-07 11:23:09.235617 ( 3584) [INFO] [VCAMDS] Destroying parent object
I2026-10-07 11:23:09.235617 ( 3584) [INFO] [VCAMDS] Destroying WndMsg Listener Window
I2026-10-07 11:23:09.238075 ( 3584) [INFO] [VCAMDS] Destroyed window
I2026-10-07 11:23:09.238075 ( 3584) [INFO] [VCAMDS] Unregistered window class
I2026-10-07 11:23:09.238075 ( 3584) [INFO] [VCAMDS] NvMxnCltShmConsumer Skip removing app tracker DLL loaded status. Parent source filter is not initialized
I2026-10-07 11:23:11.244626 ( 3584) [INFO] [VCAMDS] Creating WndMsg Listener Window
I2026-10-07 11:23:11.257898 ( 3584) [INFO] [VCAMDS] Destroying parent object
I2026-10-07 11:23:11.257898 ( 3584) [INFO] [VCAMDS] Destroying WndMsg Listener Window
I2026-10-07 11:23:11.258898 ( 3584) [INFO] [VCAMDS] Destroyed window
I2026-10-07 11:23:11.258898 ( 3584) [INFO] [VCAMDS] Unregistered window class
I2026-10-07 11:23:11.258898 ( 3584) [INFO] [VCAMDS] NvMxnCltShmConsumer Skip removing app tracker DLL loaded status. Parent source filter is not initialized
I2026-10-07 11:23:13.264720 ( 3584) [INFO] [VCAMDS] Creating WndMsg Listener Window
I2026-10-07 11:23:13.267230 ( 3584) [INFO] [VCAMDS] Destroying parent object
I2026-10-07 11:23:13.267230 ( 3584) [INFO] [VCAMDS] Destroying WndMsg Listener Window
I2026-10-07 11:23:13.268230 ( 3584) [INFO] [VCAMDS] Destroyed window
I2026-10-07 11:23:13.268230 ( 3584) [INFO] [VCAMDS] Unregistered window class
I2026-10-07 11:23:13.268230 ( 3584) [INFO] [VCAMDS] NvMxnCltShmConsumer Skip removing app tracker DLL loaded status. Parent source filter is not initialized
I2026-10-07 11:23:15.274020 ( 3584) [INFO] [VCAMDS] Creating WndMsg Listener Window
I2026-10-07 11:23:15.277551 ( 3584) [INFO] [VCAMDS] Destroying parent object
I2026-10-07 11:23:15.277551 ( 3584) [INFO] [VCAMDS] Destroying WndMsg Listener Window
I2026-10-07 11:23:15.278563 ( 3584) [INFO] [VCAMDS] Destroyed window
I2026-10-07 11:23:15.278563 ( 3584) [INFO] [VCAMDS] Unregistered window class
I2026-10-07 11:23:15.278563 ( 3584) [INFO] [VCAMDS] NvMxnCltShmConsumer Skip removing app tracker DLL loaded status. Parent source filter is not initialized
I2026-10-07 11:23:17.284744 ( 3584) [INFO] [VCAMDS] Creating WndMsg Listener Window
I2026-10-07 11:23:17.288255 ( 3584) [INFO] [VCAMDS] Destroying parent object
I2026-10-07 11:23:17.289256 ( 3584) [INFO] [VCAMDS] Destroying WndMsg Listener Window
I2026-10-07 11:23:17.289256 ( 3584) [INFO] [VCAMDS] Destroyed window
I2026-10-07 11:23:17.290719 ( 3584) [INFO] [VCAMDS] Unregistered window class
I2026-10-07 11:23:17.290719 ( 3584) [INFO] [VCAMDS] NvMxnCltShmConsumer Skip removing app tracker DLL loaded status. Parent source filter is not initialized
I2026-10-07 11:23:19.296797 ( 3584) [INFO] [VCAMDS] Creating WndMsg Listener Window
I2026-10-07 11:23:19.300800 ( 3584) [INFO] [VCAMDS] Destroying parent object
I2026-10-07 11:23:19.300800 ( 3584) [INFO] [VCAMDS] Destroying WndMsg Listener Window
I2026-10-07 11:23:19.301800 ( 3584) [INFO] [VCAMDS] Destroyed window
I2026-10-07 11:23:19.301800 ( 3584) [INFO] [VCAMDS] Unregistered window class
I2026-10-07 11:23:19.301800 ( 3584) [INFO] [VCAMDS] NvMxnCltShmConsumer Skip removing app tracker DLL loaded status. Parent source filter is not initialized
I2026-10-07 11:23:21.308564 ( 3584) [INFO] [VCAMDS] Creating WndMsg Listener Window
I2026-10-07 11:23:21.317185 ( 3584) [INFO] [VCAMDS] Destroying parent object
I2026-10-07 11:23:21.317185 ( 3584) [INFO] [VCAMDS] Destroying WndMsg Listener Window
I2026-10-07 11:23:21.318337 ( 3584) [INFO] [VCAMDS] Destroyed window
I2026-10-07 11:23:21.318337 ( 3584) [INFO] [VCAMDS] Unregistered window class
I2026-10-07 11:23:21.318337 ( 3584) [INFO] [VCAMDS] NvMxnCltShmConsumer Skip removing app tracker DLL loaded status. Parent source filter is not initialized
I2026-10-07 11:23:23.324796 ( 3584) [INFO] [VCAMDS] Creating WndMsg Listener Window
I2026-10-07 11:23:23.328308 ( 3584) [INFO] [VCAMDS] Destroying parent object
I2026-10-07 11:23:23.328308 ( 3584) [INFO] [VCAMDS] Destroying WndMsg Listener Window
I2026-10-07 11:23:23.329312 ( 3584) [INFO] [VCAMDS] Destroyed window
I2026-10-07 11:23:23.330307 ( 3584) [INFO] [VCAMDS] Unregistered window class
I2026-10-07 11:23:23.330307 ( 3584) [INFO] [VCAMDS] NvMxnCltShmConsumer Skip removing app tracker DLL loaded status. Parent source filter is not initialized
I2026-10-07 11:23:25.335786 ( 3584) [INFO] [VCAMDS] Creating WndMsg Listener Window
I2026-10-07 11:23:25.338979 ( 3584) [INFO] [VCAMDS] Destroying parent object
I2026-10-07 11:23:25.339967 ( 3584) [INFO] [VCAMDS] Destroying WndMsg Listener Window
I2026-10-07 11:23:25.339967 ( 3584) [INFO] [VCAMDS] Destroyed window
I2026-10-07 11:23:25.340967 ( 3584) [INFO] [VCAMDS] Unregistered window class
I2026-10-07 11:23:25.340967 ( 3584) [INFO] [VCAMDS] NvMxnCltShmConsumer Skip removing app tracker DLL loaded status. Parent source filter is not initialized
I2026-10-07 11:23:27.347088 ( 3584) [INFO] [VCAMDS] Creating WndMsg Listener Window
I2026-10-07 11:23:27.359558 ( 3584) [INFO] [VCAMDS] Destroying parent object
I2026-10-07 11:23:27.360549 ( 3584) [INFO] [VCAMDS] Destroying WndMsg Listener Window
I2026-10-07 11:23:27.360549 ( 3584) [INFO] [VCAMDS] Destroyed window
I2026-10-07 11:23:27.360549 ( 3584) [INFO] [VCAMDS] Unregistered window class
I2026-10-07 11:23:27.360549 ( 3584) [INFO] [VCAMDS] NvMxnCltShmConsumer Skip removing app tracker DLL loaded status. Parent source filter is not initialized
I2026-10-07 11:23:29.368022 ( 3584) [INFO] [VCAMDS] Creating WndMsg Listener Window
I2026-10-07 11:23:29.380679 ( 3584) [INFO] [VCAMDS] Destroying parent object
I2026-10-07 11:23:29.380679 ( 3584) [INFO] [VCAMDS] Destroying WndMsg Listener Window
I2026-10-07 11:23:29.381682 ( 3584) [INFO] [VCAMDS] Destroyed window
I2026-10-07 11:23:29.382673 ( 3584) [INFO] [VCAMDS] Unregistered window class
I2026-10-07 11:23:29.382673 ( 3584) [INFO] [VCAMDS] NvMxnCltShmConsumer Skip removing app tracker DLL loaded status. Parent source filter is not initialized
I2026-10-07 11:23:31.387677 ( 3584) [INFO] [VCAMDS] Creating WndMsg Listener Window
I2026-10-07 11:23:31.390682 ( 3584) [INFO] [VCAMDS] Destroying parent object
I2026-10-07 11:23:31.390682 ( 3584) [INFO] [VCAMDS] Destroying WndMsg Listener Window
I2026-10-07 11:23:31.391682 ( 3584) [INFO] [VCAMDS] Destroyed window
I2026-10-07 11:23:31.391682 ( 3584) [INFO] [VCAMDS] Unregistered window class
I2026-10-07 11:23:31.391682 ( 3584) [INFO] [VCAMDS] NvMxnCltShmConsumer Skip removing app tracker DLL loaded status. Parent source filter is not initialized
I2026-10-07 11:23:33.396811 ( 3584) [INFO] [VCAMDS] Creating WndMsg Listener Window
I2026-10-07 11:23:33.399816 ( 3584) [INFO] [VCAMDS] Destroying parent object
I2026-10-07 11:23:33.399816 ( 3584) [INFO] [VCAMDS] Destroying WndMsg Listener Window
I2026-10-07 11:23:33.400811 ( 3584) [INFO] [VCAMDS] Destroyed window
I2026-10-07 11:23:33.400811 ( 3584) [INFO] [VCAMDS] Unregistered window class
I2026-10-07 11:23:33.400811 ( 3584) [INFO] [VCAMDS] NvMxnCltShmConsumer Skip removing app tracker DLL loaded status. Parent source filter is not initialized
I2026-10-07 11:23:35.405443 ( 3584) [INFO] [VCAMDS] Creating WndMsg Listener Window
I2026-10-07 11:23:35.409677 ( 3584) [INFO] [VCAMDS] Destroying parent object
I2026-10-07 11:23:35.410666 ( 3584) [INFO] [VCAMDS] Destroying WndMsg Listener Window
I2026-10-07 11:23:35.410666 ( 3584) [INFO] [VCAMDS] Destroyed window
I2026-10-07 11:23:35.411665 ( 3584) [INFO] [VCAMDS] Unregistered window class
I2026-10-07 11:23:35.411665 ( 3584) [INFO] [VCAMDS] NvMxnCltShmConsumer Skip removing app tracker DLL loaded status. Parent source filter is not initialized
I2026-10-07 11:23:37.416965 ( 3584) [INFO] [VCAMDS] Creating WndMsg Listener Window
I2026-10-07 11:23:37.418964 ( 3584) [INFO] [VCAMDS] Destroying parent object
I2026-10-07 11:23:37.418964 ( 3584) [INFO] [VCAMDS] Destroying WndMsg Listener Window
I2026-10-07 11:23:37.420964 ( 3584) [INFO] [VCAMDS] Destroyed window
I2026-10-07 11:23:37.420964 ( 3584) [INFO] [VCAMDS] Unregistered window class
I2026-10-07 11:23:37.420964 ( 3584) [INFO] [VCAMDS] NvMxnCltShmConsumer Skip removing app tracker DLL loaded status. Parent source filter is not initialized
I2026-10-07 11:23:39.427520 ( 3584) [INFO] [VCAMDS] Creating WndMsg Listener Window
I2026-10-07 11:23:39.430510 ( 3584) [INFO] [VCAMDS] Destroying parent object
I2026-10-07 11:23:39.431510 ( 3584) [INFO] [VCAMDS] Destroying WndMsg Listener Window
I2026-10-07 11:23:39.432511 ( 3584) [INFO] [VCAMDS] Destroyed window
I2026-10-07 11:23:39.433521 ( 3584) [INFO] [VCAMDS] Unregistered window class
I2026-10-07 11:23:39.433521 ( 3584) [INFO] [VCAMDS] NvMxnCltShmConsumer Skip removing app tracker DLL loaded status. Parent source filter is not initialized
I2026-10-07 11:23:41.440469 ( 3584) [INFO] [VCAMDS] Creating WndMsg Listener Window
I2026-10-07 11:23:41.443465 ( 3584) [INFO] [VCAMDS] Destroying parent object
I2026-10-07 11:23:41.444468 ( 3584) [INFO] [VCAMDS] Destroying WndMsg Listener Window
I2026-10-07 11:23:41.446614 ( 3584) [INFO] [VCAMDS] Destroyed window
I2026-10-07 11:23:41.446614 ( 3584) [INFO] [VCAMDS] Unregistered window class
I2026-10-07 11:23:41.447630 ( 3584) [INFO] [VCAMDS] NvMxnCltShmConsumer Skip removing app tracker DLL loaded status. Parent source filter is not initialized
I2026-10-07 11:23:43.455567 ( 3584) [INFO] [VCAMDS] Creating WndMsg Listener Window
I2026-10-07 11:23:43.457581 ( 3584) [INFO] [VCAMDS] Destroying parent object
I2026-10-07 11:23:43.458576 ( 3584) [INFO] [VCAMDS] Destroying WndMsg Listener Window
I2026-10-07 11:23:43.459571 ( 3584) [INFO] [VCAMDS] Destroyed window
I2026-10-07 11:23:43.459571 ( 3584) [INFO] [VCAMDS] Unregistered window class
I2026-10-07 11:23:43.459571 ( 3584) [INFO] [VCAMDS] NvMxnCltShmConsumer Skip removing app tracker DLL loaded status. Parent source filter is not initialized
I2026-10-07 11:23:45.465509 ( 3584) [INFO] [VCAMDS] Creating WndMsg Listener Window
I2026-10-07 11:23:45.467514 ( 3584) [INFO] [VCAMDS] Destroying parent object
I2026-10-07 11:23:45.467514 ( 3584) [INFO] [VCAMDS] Destroying WndMsg Listener Window
I2026-10-07 11:23:45.468926 ( 3584) [INFO] [VCAMDS] Destroyed window
I2026-10-07 11:23:45.468926 ( 3584) [INFO] [VCAMDS] Unregistered window class
I2026-10-07 11:23:45.468926 ( 3584) [INFO] [VCAMDS] NvMxnCltShmConsumer Skip removing app tracker DLL loaded status. Parent source filter is not initialized
I2026-10-07 11:23:47.473201 ( 3584) [INFO] [VCAMDS] Creating WndMsg Listener Window
I2026-10-07 11:23:47.475732 ( 3584) [INFO] [VCAMDS] Destroying parent object
I2026-10-07 11:23:47.475732 ( 3584) [INFO] [VCAMDS] Destroying WndMsg Listener Window
I2026-10-07 11:23:47.476743 ( 3584) [INFO] [VCAMDS] Destroyed window
I2026-10-07 11:23:47.477746 ( 3584) [INFO] [VCAMDS] Unregistered window class
I2026-10-07 11:23:47.477746 ( 3584) [INFO] [VCAMDS] NvMxnCltShmConsumer Skip removing app tracker DLL loaded status. Parent source filter is not initialized
I2026-10-07 11:23:49.482811 ( 3584) [INFO] [VCAMDS] Creating WndMsg Listener Window
I2026-10-07 11:23:49.487053 ( 3584) [INFO] [VCAMDS] Destroying parent object
I2026-10-07 11:23:49.487053 ( 3584) [INFO] [VCAMDS] Destroying WndMsg Listener Window
I2026-10-07 11:23:49.488052 ( 3584) [INFO] [VCAMDS] Destroyed window
I2026-10-07 11:23:49.488052 ( 3584) [INFO] [VCAMDS] Unregistered window class
I2026-10-07 11:23:49.488052 ( 3584) [INFO] [VCAMDS] NvMxnCltShmConsumer Skip removing app tracker DLL loaded status. Parent source filter is not initialized
I2026-10-07 11:23:51.495896 ( 3584) [INFO] [VCAMDS] Creating WndMsg Listener Window
I2026-10-07 11:23:51.497901 ( 3584) [INFO] [VCAMDS] Destroying parent object
I2026-10-07 11:23:51.498901 ( 3584) [INFO] [VCAMDS] Destroying WndMsg Listener Window
I2026-10-07 11:23:51.498901 ( 3584) [INFO] [VCAMDS] Destroyed window
I2026-10-07 11:23:51.498901 ( 3584) [INFO] [VCAMDS] Unregistered window class
I2026-10-07 11:23:51.499902 ( 3584) [INFO] [VCAMDS] NvMxnCltShmConsumer Skip removing app tracker DLL loaded status. Parent source filter is not initialized
I2026-10-07 11:23:53.506204 ( 3584) [INFO] [VCAMDS] Creating WndMsg Listener Window
I2026-10-07 11:23:53.510056 ( 3584) [INFO] [VCAMDS] Destroying parent object
I2026-10-07 11:23:53.511063 ( 3584) [INFO] [VCAMDS] Destroying WndMsg Listener Window
I2026-10-07 11:23:53.512063 ( 3584) [INFO] [VCAMDS] Destroyed window
I2026-10-07 11:23:53.512063 ( 3584) [INFO] [VCAMDS] Unregistered window class
I2026-10-07 11:23:53.512063 ( 3584) [INFO] [VCAMDS] NvMxnCltShmConsumer Skip removing app tracker DLL loaded status. Parent source filter is not initialized
I2026-10-07 11:23:55.518644 ( 3584) [INFO] [VCAMDS] Creating WndMsg Listener Window
I2026-10-07 11:23:55.521634 ( 3584) [INFO] [VCAMDS] Destroying parent object
I2026-10-07 11:23:55.521634 ( 3584) [INFO] [VCAMDS] Destroying WndMsg Listener Window
I2026-10-07 11:23:55.522634 ( 3584) [INFO] [VCAMDS] Destroyed window
I2026-10-07 11:23:55.522634 ( 3584) [INFO] [VCAMDS] Unregistered window class
I2026-10-07 11:23:55.522634 ( 3584) [INFO] [VCAMDS] NvMxnCltShmConsumer Skip removing app tracker DLL loaded status. Parent source filter is not initialized
I2026-10-07 11:23:57.529886 ( 3584) [INFO] [VCAMDS] Creating WndMsg Listener Window
I2026-10-07 11:23:57.544389 ( 3584) [INFO] [VCAMDS] Destroying parent object
I2026-10-07 11:23:57.544936 ( 3584) [INFO] [VCAMDS] Destroying WndMsg Listener Window
I2026-10-07 11:23:57.546450 ( 3584) [INFO] [VCAMDS] Destroyed window
I2026-10-07 11:23:57.547467 ( 3584) [INFO] [VCAMDS] Unregistered window class
I2026-10-07 11:23:57.548489 ( 3584) [INFO] [VCAMDS] NvMxnCltShmConsumer Skip removing app tracker DLL loaded status. Parent source filter is not initialized
I2026-10-07 11:23:59.554076 ( 3584) [INFO] [VCAMDS] Creating WndMsg Listener Window
I2026-10-07 11:23:59.559584 ( 3584) [INFO] [VCAMDS] Destroying parent object
I2026-10-07 11:23:59.559584 ( 3584) [INFO] [VCAMDS] Destroying WndMsg Listener Window
I2026-10-07 11:23:59.560591 ( 3584) [INFO] [VCAMDS] Destroyed window
I2026-10-07 11:23:59.560591 ( 3584) [INFO] [VCAMDS] Unregistered window class
I2026-10-07 11:23:59.560591 ( 3584) [INFO] [VCAMDS] NvMxnCltShmConsumer Skip removing app tracker DLL loaded status. Parent source filter is not initialized
I2026-10-07 11:24:01.566654 ( 3584) [INFO] [VCAMDS] Creating WndMsg Listener Window
I2026-10-07 11:24:01.569702 ( 3584) [INFO] [VCAMDS] Destroying parent object
I2026-10-07 11:24:01.569702 ( 3584) [INFO] [VCAMDS] Destroying WndMsg Listener Window
I2026-10-07 11:24:01.570708 ( 3584) [INFO] [VCAMDS] Destroyed window
I2026-10-07 11:24:01.570708 ( 3584) [INFO] [VCAMDS] Unregistered window class
I2026-10-07 11:24:01.570708 ( 3584) [INFO] [VCAMDS] NvMxnCltShmConsumer Skip removing app tracker DLL loaded status. Parent source filter is not initialized
I2026-10-07 11:24:03.577647 ( 3584) [INFO] [VCAMDS] Creating WndMsg Listener Window
I2026-10-07 11:24:03.579655 ( 3584) [INFO] [VCAMDS] Destroying parent object
I2026-10-07 11:24:03.580646 ( 3584) [INFO] [VCAMDS] Destroying WndMsg Listener Window
I2026-10-07 11:24:03.580646 ( 3584) [INFO] [VCAMDS] Destroyed window
I2026-10-07 11:24:03.580646 ( 3584) [INFO] [VCAMDS] Unregistered window class
I2026-10-07 11:24:03.581646 ( 3584) [INFO] [VCAMDS] NvMxnCltShmConsumer Skip removing app tracker DLL loaded status. Parent source filter is not initialized
I2026-10-07 11:24:05.586807 ( 3584) [INFO] [VCAMDS] Creating WndMsg Listener Window
I2026-10-07 11:24:05.589807 ( 3584) [INFO] [VCAMDS] Destroying parent object
I2026-10-07 11:24:05.589807 ( 3584) [INFO] [VCAMDS] Destroying WndMsg Listener Window
I2026-10-07 11:24:05.590806 ( 3584) [INFO] [VCAMDS] Destroyed window
I2026-10-07 11:24:05.590806 ( 3584) [INFO] [VCAMDS] Unregistered window class
I2026-10-07 11:24:05.590806 ( 3584) [INFO] [VCAMDS] NvMxnCltShmConsumer Skip removing app tracker DLL loaded status. Parent source filter is not initialized
I2026-10-07 11:24:07.597846 ( 3584) [INFO] [VCAMDS] Creating WndMsg Listener Window
I2026-10-07 11:24:07.600850 ( 3584) [INFO] [VCAMDS] Destroying parent object
I2026-10-07 11:24:07.600850 ( 3584) [INFO] [VCAMDS] Destroying WndMsg Listener Window
I2026-10-07 11:24:07.601851 ( 3584) [INFO] [VCAMDS] Destroyed window
I2026-10-07 11:24:07.601851 ( 3584) [INFO] [VCAMDS] Unregistered window class
I2026-10-07 11:24:07.601851 ( 3584) [INFO] [VCAMDS] NvMxnCltShmConsumer Skip removing app tracker DLL loaded status. Parent source filter is not initialized
I2026-10-07 11:24:09.607903 ( 3584) [INFO] [VCAMDS] Creating WndMsg Listener Window
I2026-10-07 11:24:09.609902 ( 3584) [INFO] [VCAMDS] Destroying parent object
I2026-10-07 11:24:09.610904 ( 3584) [INFO] [VCAMDS] Destroying WndMsg Listener Window
I2026-10-07 11:24:09.610904 ( 3584) [INFO] [VCAMDS] Destroyed window
I2026-10-07 11:24:09.611902 ( 3584) [INFO] [VCAMDS] Unregistered window class
I2026-10-07 11:24:09.611902 ( 3584) [INFO] [VCAMDS] NvMxnCltShmConsumer Skip removing app tracker DLL loaded status. Parent source filter is not initialized
I2026-10-07 11:24:11.618129 ( 3584) [INFO] [VCAMDS] Creating WndMsg Listener Window
I2026-10-07 11:24:11.620128 ( 3584) [INFO] [VCAMDS] Destroying parent object
I2026-10-07 11:24:11.620128 ( 3584) [INFO] [VCAMDS] Destroying WndMsg Listener Window
I2026-10-07 11:24:11.621129 ( 3584) [INFO] [VCAMDS] Destroyed window
I2026-10-07 11:24:11.621129 ( 3584) [INFO] [VCAMDS] Unregistered window class
I2026-10-07 11:24:11.621129 ( 3584) [INFO] [VCAMDS] NvMxnCltShmConsumer Skip removing app tracker DLL loaded status. Parent source filter is not initialized
I2026-10-07 11:24:13.627022 ( 3584) [INFO] [VCAMDS] Creating WndMsg Listener Window
I2026-10-07 11:24:13.638424 ( 3584) [INFO] [VCAMDS] Destroying parent object
I2026-10-07 11:24:13.638424 ( 3584) [INFO] [VCAMDS] Destroying WndMsg Listener Window
I2026-10-07 11:24:13.639413 ( 3584) [INFO] [VCAMDS] Destroyed window
I2026-10-07 11:24:13.639413 ( 3584) [INFO] [VCAMDS] Unregistered window class
I2026-10-07 11:24:13.639413 ( 3584) [INFO] [VCAMDS] NvMxnCltShmConsumer Skip removing app tracker DLL loaded status. Parent source filter is not initialized
I2026-10-07 11:24:15.644879 ( 3584) [INFO] [VCAMDS] Creating WndMsg Listener Window
I2026-10-07 11:24:15.648396 ( 3584) [INFO] [VCAMDS] Destroying parent object
I2026-10-07 11:24:15.648396 ( 3584) [INFO] [VCAMDS] Destroying WndMsg Listener Window
I2026-10-07 11:24:15.649396 ( 3584) [INFO] [VCAMDS] Destroyed window
I2026-10-07 11:24:15.650430 ( 3584) [INFO] [VCAMDS] Unregistered window class
I2026-10-07 11:24:15.650430 ( 3584) [INFO] [VCAMDS] NvMxnCltShmConsumer Skip removing app tracker DLL loaded status. Parent source filter is not initialized
I2026-10-07 11:24:17.655575 ( 3584) [INFO] [VCAMDS] Creating WndMsg Listener Window
I2026-10-07 11:24:17.657974 ( 3584) [INFO] [VCAMDS] Destroying parent object
I2026-10-07 11:24:17.658973 ( 3584) [INFO] [VCAMDS] Destroying WndMsg Listener Window
I2026-10-07 11:24:17.658973 ( 3584) [INFO] [VCAMDS] Destroyed window
I2026-10-07 11:24:17.658973 ( 3584) [INFO] [VCAMDS] Unregistered window class
I2026-10-07 11:24:17.659973 ( 3584) [INFO] [VCAMDS] NvMxnCltShmConsumer Skip removing app tracker DLL loaded status. Parent source filter is not initialized
I2026-10-07 11:24:19.666460 ( 3584) [INFO] [VCAMDS] Creating WndMsg Listener Window
I2026-10-07 11:24:19.668460 ( 3584) [INFO] [VCAMDS] Destroying parent object
I2026-10-07 11:24:19.668460 ( 3584) [INFO] [VCAMDS] Destroying WndMsg Listener Window
I2026-10-07 11:24:19.669462 ( 3584) [INFO] [VCAMDS] Destroyed window
I2026-10-07 11:24:19.669462 ( 3584) [INFO] [VCAMDS] Unregistered window class
I2026-10-07 11:24:19.669462 ( 3584) [INFO] [VCAMDS] NvMxnCltShmConsumer Skip removing app tracker DLL loaded status. Parent source filter is not initialized
I2026-10-07 11:24:21.674700 ( 3584) [INFO] [VCAMDS] Creating WndMsg Listener Window
I2026-10-07 11:24:21.688763 ( 3584) [INFO] [VCAMDS] Destroying parent object
I2026-10-07 11:24:21.688763 ( 3584) [INFO] [VCAMDS] Destroying WndMsg Listener Window
I2026-10-07 11:24:21.689764 ( 3584) [INFO] [VCAMDS] Destroyed window
I2026-10-07 11:24:21.689764 ( 3584) [INFO] [VCAMDS] Unregistered window class
I2026-10-07 11:24:21.689764 ( 3584) [INFO] [VCAMDS] NvMxnCltShmConsumer Skip removing app tracker DLL loaded status. Parent source filter is not initialized
I2026-10-07 11:24:23.696084 ( 3584) [INFO] [VCAMDS] Creating WndMsg Listener Window
I2026-10-07 11:24:23.700084 ( 3584) [INFO] [VCAMDS] Destroying parent object
I2026-10-07 11:24:23.700084 ( 3584) [INFO] [VCAMDS] Destroying WndMsg Listener Window
I2026-10-07 11:24:23.702268 ( 3584) [INFO] [VCAMDS] Destroyed window
I2026-10-07 11:24:23.703342 ( 3584) [INFO] [VCAMDS] Unregistered window class
I2026-10-07 11:24:23.703342 ( 3584) [INFO] [VCAMDS] NvMxnCltShmConsumer Skip removing app tracker DLL loaded status. Parent source filter is not initialized
I2026-10-07 11:24:25.708927 ( 3584) [INFO] [VCAMDS] Creating WndMsg Listener Window
I2026-10-07 11:24:25.722076 ( 3584) [INFO] [VCAMDS] Destroying parent object
I2026-10-07 11:24:25.723076 ( 3584) [INFO] [VCAMDS] Destroying WndMsg Listener Window
I2026-10-07 11:24:25.723076 ( 3584) [INFO] [VCAMDS] Destroyed window
I2026-10-07 11:24:25.724079 ( 3584) [INFO] [VCAMDS] Unregistered window class
I2026-10-07 11:24:25.724079 ( 3584) [INFO] [VCAMDS] NvMxnCltShmConsumer Skip removing app tracker DLL loaded status. Parent source filter is not initialized
I2026-10-07 11:24:27.728965 ( 3584) [INFO] [VCAMDS] Creating WndMsg Listener Window
I2026-10-07 11:24:27.740833 ( 3584) [INFO] [VCAMDS] Destroying parent object
I2026-10-07 11:24:27.740833 ( 3584) [INFO] [VCAMDS] Destroying WndMsg Listener Window
I2026-10-07 11:24:27.740833 ( 3584) [INFO] [VCAMDS] Destroyed window
I2026-10-07 11:24:27.740833 ( 3584) [INFO] [VCAMDS] Unregistered window class
I2026-10-07 11:24:27.740833 ( 3584) [INFO] [VCAMDS] NvMxnCltShmConsumer Skip removing app tracker DLL loaded status. Parent source filter is not initialized
I2026-10-07 11:24:29.747339 ( 3584) [INFO] [VCAMDS] Creating WndMsg Listener Window
I2026-10-07 11:24:29.750075 ( 3584) [INFO] [VCAMDS] Destroying parent object
I2026-10-07 11:24:29.750075 ( 3584) [INFO] [VCAMDS] Destroying WndMsg Listener Window
I2026-10-07 11:24:29.751080 ( 3584) [INFO] [VCAMDS] Destroyed window
I2026-10-07 11:24:29.751080 ( 3584) [INFO] [VCAMDS] Unregistered window class
I2026-10-07 11:24:29.751080 ( 3584) [INFO] [VCAMDS] NvMxnCltShmConsumer Skip removing app tracker DLL loaded status. Parent source filter is not initialized
I2026-10-07 11:24:31.757059 ( 3584) [INFO] [VCAMDS] Creating WndMsg Listener Window
I2026-10-07 11:24:31.769138 ( 3584) [INFO] [VCAMDS] Destroying parent object
I2026-10-07 11:24:31.769138 ( 3584) [INFO] [VCAMDS] Destroying WndMsg Listener Window
I2026-10-07 11:24:31.770138 ( 3584) [INFO] [VCAMDS] Destroyed window
I2026-10-07 11:24:31.770138 ( 3584) [INFO] [VCAMDS] Unregistered window class
I2026-10-07 11:24:31.770138 ( 3584) [INFO] [VCAMDS] NvMxnCltShmConsumer Skip removing app tracker DLL loaded status. Parent source filter is not initialized
I2026-10-07 11:24:33.775506 ( 3584) [INFO] [VCAMDS] Creating WndMsg Listener Window
I2026-10-07 11:24:33.788359 ( 3584) [INFO] [VCAMDS] Destroying parent object
I2026-10-07 11:24:33.788359 ( 3584) [INFO] [VCAMDS] Destroying WndMsg Listener Window
I2026-10-07 11:24:33.789999 ( 3584) [INFO] [VCAMDS] Destroyed window
I2026-10-07 11:24:33.789999 ( 3584) [INFO] [VCAMDS] Unregistered window class
I2026-10-07 11:24:33.789999 ( 3584) [INFO] [VCAMDS] NvMxnCltShmConsumer Skip removing app tracker DLL loaded status. Parent source filter is not initialized
I2026-10-07 11:24:35.796075 ( 3584) [INFO] [VCAMDS] Creating WndMsg Listener Window
I2026-10-07 11:24:35.807513 ( 3584) [INFO] [VCAMDS] Destroying parent object
I2026-10-07 11:24:35.807513 ( 3584) [INFO] [VCAMDS] Destroying WndMsg Listener Window
I2026-10-07 11:24:35.808513 ( 3584) [INFO] [VCAMDS] Destroyed window
I2026-10-07 11:24:35.808513 ( 3584) [INFO] [VCAMDS] Unregistered window class
I2026-10-07 11:24:35.808513 ( 3584) [INFO] [VCAMDS] NvMxnCltShmConsumer Skip removing app tracker DLL loaded status. Parent source filter is not initialized
I2026-10-07 11:24:37.814225 ( 3584) [INFO] [VCAMDS] Creating WndMsg Listener Window
I2026-10-07 11:24:37.825440 ( 3584) [INFO] [VCAMDS] Destroying parent object
I2026-10-07 11:24:37.826445 ( 3584) [INFO] [VCAMDS] Destroying WndMsg Listener Window
I2026-10-07 11:24:37.826445 ( 3584) [INFO] [VCAMDS] Destroyed window
I2026-10-07 11:24:37.826445 ( 3584) [INFO] [VCAMDS] Unregistered window class
I2026-10-07 11:24:37.827445 ( 3584) [INFO] [VCAMDS] NvMxnCltShmConsumer Skip removing app tracker DLL loaded status. Parent source filter is not initialized
I2026-10-07 11:24:39.832928 ( 3584) [INFO] [VCAMDS] Creating WndMsg Listener Window
I2026-10-07 11:24:39.835922 ( 3584) [INFO] [VCAMDS] Destroying parent object
I2026-10-07 11:24:39.837131 ( 3584) [INFO] [VCAMDS] Destroying WndMsg Listener Window
I2026-10-07 11:24:39.840138 ( 3584) [INFO] [VCAMDS] Destroyed window
I2026-10-07 11:24:39.841130 ( 3584) [INFO] [VCAMDS] Unregistered window class
I2026-10-07 11:24:39.841130 ( 3584) [INFO] [VCAMDS] NvMxnCltShmConsumer Skip removing app tracker DLL loaded status. Parent source filter is not initialized
I2026-10-07 11:24:41.848007 ( 3584) [INFO] [VCAMDS] Creating WndMsg Listener Window
I2026-10-07 11:24:41.850008 ( 3584) [INFO] [VCAMDS] Destroying parent object
I2026-10-07 11:24:41.850008 ( 3584) [INFO] [VCAMDS] Destroying WndMsg Listener Window
I2026-10-07 11:24:41.851007 ( 3584) [INFO] [VCAMDS] Destroyed window
I2026-10-07 11:24:41.851007 ( 3584) [INFO] [VCAMDS] Unregistered window class
I2026-10-07 11:24:41.851007 ( 3584) [INFO] [VCAMDS] NvMxnCltShmConsumer Skip removing app tracker DLL loaded status. Parent source filter is not initialized
I2026-10-07 11:24:43.857471 ( 3584) [INFO] [VCAMDS] Creating WndMsg Listener Window
I2026-10-07 11:24:43.868891 ( 3584) [INFO] [VCAMDS] Destroying parent object
I2026-10-07 11:24:43.869890 ( 3584) [INFO] [VCAMDS] Destroying WndMsg Listener Window
I2026-10-07 11:24:43.869890 ( 3584) [INFO] [VCAMDS] Destroyed window
I2026-10-07 11:24:43.870890 ( 3584) [INFO] [VCAMDS] Unregistered window class
I2026-10-07 11:24:43.870890 ( 3584) [INFO] [VCAMDS] NvMxnCltShmConsumer Skip removing app tracker DLL loaded status. Parent source filter is not initialized
I2026-10-07 11:24:45.877378 ( 3584) [INFO] [VCAMDS] Creating WndMsg Listener Window
I2026-10-07 11:24:45.889950 ( 3584) [INFO] [VCAMDS] Destroying parent object
I2026-10-07 11:24:45.889950 ( 3584) [INFO] [VCAMDS] Destroying WndMsg Listener Window
I2026-10-07 11:24:45.890944 ( 3584) [INFO] [VCAMDS] Destroyed window
I2026-10-07 11:24:45.890944 ( 3584) [INFO] [VCAMDS] Unregistered window class
I2026-10-07 11:24:45.890944 ( 3584) [INFO] [VCAMDS] NvMxnCltShmConsumer Skip removing app tracker DLL loaded status. Parent source filter is not initialized
I2026-10-07 11:24:47.896651 ( 3584) [INFO] [VCAMDS] Creating WndMsg Listener Window
I2026-10-07 11:24:47.909402 ( 3584) [INFO] [VCAMDS] Destroying parent object
I2026-10-07 11:24:47.909402 ( 3584) [INFO] [VCAMDS] Destroying WndMsg Listener Window
I2026-10-07 11:24:47.910398 ( 3584) [INFO] [VCAMDS] Destroyed window
I2026-10-07 11:24:47.910398 ( 3584) [INFO] [VCAMDS] Unregistered window class
I2026-10-07 11:24:47.910398 ( 3584) [INFO] [VCAMDS] NvMxnCltShmConsumer Skip removing app tracker DLL loaded status. Parent source filter is not initialized
I2026-10-07 11:24:49.915932 ( 3584) [INFO] [VCAMDS] Creating WndMsg Listener Window
I2026-10-07 11:24:49.928681 ( 3584) [INFO] [VCAMDS] Destroying parent object
I2026-10-07 11:24:49.929684 ( 3584) [INFO] [VCAMDS] Destroying WndMsg Listener Window
I2026-10-07 11:24:49.930681 ( 3584) [INFO] [VCAMDS] Destroyed window
I2026-10-07 11:24:49.930681 ( 3584) [INFO] [VCAMDS] Unregistered window class
I2026-10-07 11:24:49.930681 ( 3584) [INFO] [VCAMDS] NvMxnCltShmConsumer Skip removing app tracker DLL loaded status. Parent source filter is not initialized
I2026-10-07 11:24:51.937175 ( 3584) [INFO] [VCAMDS] Creating WndMsg Listener Window
I2026-10-07 11:24:51.939173 ( 3584) [INFO] [VCAMDS] Destroying parent object
I2026-10-07 11:24:51.939173 ( 3584) [INFO] [VCAMDS] Destroying WndMsg Listener Window
I2026-10-07 11:24:51.941181 ( 3584) [INFO] [VCAMDS] Destroyed window
I2026-10-07 11:24:51.941181 ( 3584) [INFO] [VCAMDS] Unregistered window class
I2026-10-07 11:24:51.941181 ( 3584) [INFO] [VCAMDS] NvMxnCltShmConsumer Skip removing app tracker DLL loaded status. Parent source filter is not initialized
I2026-10-07 11:24:53.946732 ( 3584) [INFO] [VCAMDS] Creating WndMsg Listener Window
I2026-10-07 11:24:53.958976 ( 3584) [INFO] [VCAMDS] Destroying parent object
I2026-10-07 11:24:53.958976 ( 3584) [INFO] [VCAMDS] Destroying WndMsg Listener Window
I2026-10-07 11:24:53.959975 ( 3584) [INFO] [VCAMDS] Destroyed window
I2026-10-07 11:24:53.959975 ( 3584) [INFO] [VCAMDS] Unregistered window class
I2026-10-07 11:24:53.959975 ( 3584) [INFO] [VCAMDS] NvMxnCltShmConsumer Skip removing app tracker DLL loaded status. Parent source filter is not initialized
I2026-10-07 11:24:55.965912 ( 3584) [INFO] [VCAMDS] Creating WndMsg Listener Window
I2026-10-07 11:24:55.978029 ( 3584) [INFO] [VCAMDS] Destroying parent object
I2026-10-07 11:24:55.978029 ( 3584) [INFO] [VCAMDS] Destroying WndMsg Listener Window
I2026-10-07 11:24:55.979027 ( 3584) [INFO] [VCAMDS] Destroyed window
I2026-10-07 11:24:55.980027 ( 3584) [INFO] [VCAMDS] Unregistered window class
I2026-10-07 11:24:55.980027 ( 3584) [INFO] [VCAMDS] NvMxnCltShmConsumer Skip removing app tracker DLL loaded status. Parent source filter is not initialized
I2026-10-07 11:24:57.985839 ( 3584) [INFO] [VCAMDS] Creating WndMsg Listener Window
I2026-10-07 11:24:57.988862 ( 3584) [INFO] [VCAMDS] Destroying parent object
I2026-10-07 11:24:57.989859 ( 3584) [INFO] [VCAMDS] Destroying WndMsg Listener Window
I2026-10-07 11:24:57.989859 ( 3584) [INFO] [VCAMDS] Destroyed window
I2026-10-07 11:24:57.990859 ( 3584) [INFO] [VCAMDS] Unregistered window class
I2026-10-07 11:24:57.990859 ( 3584) [INFO] [VCAMDS] NvMxnCltShmConsumer Skip removing app tracker DLL loaded status. Parent source filter is not initialized
I2026-10-07 11:24:59.996917 ( 3584) [INFO] [VCAMDS] Creating WndMsg Listener Window
I2026-10-07 11:25:00.009963 ( 3584) [INFO] [VCAMDS] Destroying parent object
I2026-10-07 11:25:00.009963 ( 3584) [INFO] [VCAMDS] Destroying WndMsg Listener Window
I2026-10-07 11:25:00.010963 ( 3584) [INFO] [VCAMDS] Destroyed window
I2026-10-07 11:25:00.011965 ( 3584) [INFO] [VCAMDS] Unregistered window class
I2026-10-07 11:25:00.011965 ( 3584) [INFO] [VCAMDS] NvMxnCltShmConsumer Skip removing app tracker DLL loaded status. Parent source filter is not initialized
I2026-10-07 11:25:02.023065 ( 3584) [INFO] [VCAMDS] Creating WndMsg Listener Window
I2026-10-07 11:25:02.025583 ( 3584) [INFO] [VCAMDS] Destroying parent object
I2026-10-07 11:25:02.025583 ( 3584) [INFO] [VCAMDS] Destroying WndMsg Listener Window
I2026-10-07 11:25:02.026594 ( 3584) [INFO] [VCAMDS] Destroyed window
I2026-10-07 11:25:02.027594 ( 3584) [INFO] [VCAMDS] Unregistered window class
I2026-10-07 11:25:02.027594 ( 3584) [INFO] [VCAMDS] NvMxnCltShmConsumer Skip removing app tracker DLL loaded status. Parent source filter is not initialized
I2026-10-07 11:25:04.033736 ( 3584) [INFO] [VCAMDS] Creating WndMsg Listener Window
I2026-10-07 11:25:04.037243 ( 3584) [INFO] [VCAMDS] Destroying parent object
I2026-10-07 11:25:04.037243 ( 3584) [INFO] [VCAMDS] Destroying WndMsg Listener Window
I2026-10-07 11:25:04.038247 ( 3584) [INFO] [VCAMDS] Destroyed window
I2026-10-07 11:25:04.039255 ( 3584) [INFO] [VCAMDS] Unregistered window class
I2026-10-07 11:25:04.039255 ( 3584) [INFO] [VCAMDS] NvMxnCltShmConsumer Skip removing app tracker DLL loaded status. Parent source filter is not initialized
I2026-10-07 11:25:06.045804 ( 3584) [INFO] [VCAMDS] Creating WndMsg Listener Window
I2026-10-07 11:25:06.051087 ( 3584) [INFO] [VCAMDS] Destroying parent object
I2026-10-07 11:25:06.051087 ( 3584) [INFO] [VCAMDS] Destroying WndMsg Listener Window
I2026-10-07 11:25:06.053083 ( 3584) [INFO] [VCAMDS] Destroyed window
I2026-10-07 11:25:06.053083 ( 3584) [INFO] [VCAMDS] Unregistered window class
I2026-10-07 11:25:06.053083 ( 3584) [INFO] [VCAMDS] NvMxnCltShmConsumer Skip removing app tracker DLL loaded status. Parent source filter is not initialized
I2026-10-07 11:25:08.061554 ( 3584) [INFO] [VCAMDS] Creating WndMsg Listener Window
I2026-10-07 11:25:08.073673 ( 3584) [INFO] [VCAMDS] Destroying parent object
I2026-10-07 11:25:08.073673 ( 3584) [INFO] [VCAMDS] Destroying WndMsg Listener Window
I2026-10-07 11:25:08.074663 ( 3584) [INFO] [VCAMDS] Destroyed window
I2026-10-07 11:25:08.074663 ( 3584) [INFO] [VCAMDS] Unregistered window class
I2026-10-07 11:25:08.074663 ( 3584) [INFO] [VCAMDS] NvMxnCltShmConsumer Skip removing app tracker DLL loaded status. Parent source filter is not initialized
I2026-10-07 11:25:10.081055 ( 3584) [INFO] [VCAMDS] Creating WndMsg Listener Window
I2026-10-07 11:25:10.084060 ( 3584) [INFO] [VCAMDS] Destroying parent object
I2026-10-07 11:25:10.085570 ( 3584) [INFO] [VCAMDS] Destroying WndMsg Listener Window
I2026-10-07 11:25:10.087579 ( 3584) [INFO] [VCAMDS] Destroyed window
I2026-10-07 11:25:10.087579 ( 3584) [INFO] [VCAMDS] Unregistered window class
I2026-10-07 11:25:10.087579 ( 3584) [INFO] [VCAMDS] NvMxnCltShmConsumer Skip removing app tracker DLL loaded status. Parent source filter is not initialized
I2026-10-07 11:25:12.094410 ( 3584) [INFO] [VCAMDS] Creating WndMsg Listener Window
I2026-10-07 11:25:12.106771 ( 3584) [INFO] [VCAMDS] Destroying parent object
I2026-10-07 11:25:12.106771 ( 3584) [INFO] [VCAMDS] Destroying WndMsg Listener Window
I2026-10-07 11:25:12.107770 ( 3584) [INFO] [VCAMDS] Destroyed window
I2026-10-07 11:25:12.107770 ( 3584) [INFO] [VCAMDS] Unregistered window class
I2026-10-07 11:25:12.109090 ( 3584) [INFO] [VCAMDS] NvMxnCltShmConsumer Skip removing app tracker DLL loaded status. Parent source filter is not initialized
I2026-10-07 11:25:14.115661 ( 3584) [INFO] [VCAMDS] Creating WndMsg Listener Window
I2026-10-07 11:25:14.119666 ( 3584) [INFO] [VCAMDS] Destroying parent object
I2026-10-07 11:25:14.120838 ( 3584) [INFO] [VCAMDS] Destroying WndMsg Listener Window
I2026-10-07 11:25:14.122853 ( 3584) [INFO] [VCAMDS] Destroyed window
I2026-10-07 11:25:14.122853 ( 3584) [INFO] [VCAMDS] Unregistered window class
I2026-10-07 11:25:14.122853 ( 3584) [INFO] [VCAMDS] NvMxnCltShmConsumer Skip removing app tracker DLL loaded status. Parent source filter is not initialized
I2026-10-07 11:25:16.130666 ( 3584) [INFO] [VCAMDS] Creating WndMsg Listener Window
I2026-10-07 11:25:16.134666 ( 3584) [INFO] [VCAMDS] Destroying parent object
I2026-10-07 11:25:16.134666 ( 3584) [INFO] [VCAMDS] Destroying WndMsg Listener Window
I2026-10-07 11:25:16.136710 ( 3584) [INFO] [VCAMDS] Destroyed window
I2026-10-07 11:25:16.136710 ( 3584) [INFO] [VCAMDS] Unregistered window class
I2026-10-07 11:25:16.137709 ( 3584) [INFO] [VCAMDS] NvMxnCltShmConsumer Skip removing app tracker DLL loaded status. Parent source filter is not initialized
I2026-10-07 11:25:18.143621 ( 3584) [INFO] [VCAMDS] Creating WndMsg Listener Window
I2026-10-07 11:25:18.155746 ( 3584) [INFO] [VCAMDS] Destroying parent object
I2026-10-07 11:25:18.155746 ( 3584) [INFO] [VCAMDS] Destroying WndMsg Listener Window
I2026-10-07 11:25:18.156750 ( 3584) [INFO] [VCAMDS] Destroyed window
I2026-10-07 11:25:18.156750 ( 3584) [INFO] [VCAMDS] Unregistered window class
I2026-10-07 11:25:18.156750 ( 3584) [INFO] [VCAMDS] NvMxnCltShmConsumer Skip removing app tracker DLL loaded status. Parent source filter is not initialized
I2026-10-07 11:25:20.163753 ( 3584) [INFO] [VCAMDS] Creating WndMsg Listener Window
I2026-10-07 11:25:20.175833 ( 3584) [INFO] [VCAMDS] Destroying parent object
I2026-10-07 11:25:20.175833 ( 3584) [INFO] [VCAMDS] Destroying WndMsg Listener Window
I2026-10-07 11:25:20.176842 ( 3584) [INFO] [VCAMDS] Destroyed window
I2026-10-07 11:25:20.177847 ( 3584) [INFO] [VCAMDS] Unregistered window class
I2026-10-07 11:25:20.177847 ( 3584) [INFO] [VCAMDS] NvMxnCltShmConsumer Skip removing app tracker DLL loaded status. Parent source filter is not initialized
I2026-10-07 11:25:22.183113 ( 3584) [INFO] [VCAMDS] Creating WndMsg Listener Window
I2026-10-07 11:25:22.185619 ( 3584) [INFO] [VCAMDS] Destroying parent object
I2026-10-07 11:25:22.186625 ( 3584) [INFO] [VCAMDS] Destroying WndMsg Listener Window
I2026-10-07 11:25:22.187626 ( 3584) [INFO] [VCAMDS] Destroyed window
I2026-10-07 11:25:22.187626 ( 3584) [INFO] [VCAMDS] Unregistered window class
I2026-10-07 11:25:22.187626 ( 3584) [INFO] [VCAMDS] NvMxnCltShmConsumer Skip removing app tracker DLL loaded status. Parent source filter is not initialized
I2026-10-07 11:25:24.193773 ( 3584) [INFO] [VCAMDS] Creating WndMsg Listener Window
I2026-10-07 11:25:24.197044 ( 3584) [INFO] [VCAMDS] Destroying parent object
I2026-10-07 11:25:24.197044 ( 3584) [INFO] [VCAMDS] Destroying WndMsg Listener Window
I2026-10-07 11:25:24.199477 ( 3584) [INFO] [VCAMDS] Destroyed window
I2026-10-07 11:25:24.200464 ( 3584) [INFO] [VCAMDS] Unregistered window class
I2026-10-07 11:25:24.200464 ( 3584) [INFO] [VCAMDS] NvMxnCltShmConsumer Skip removing app tracker DLL loaded status. Parent source filter is not initialized
I2026-10-07 11:25:26.206931 ( 3584) [INFO] [VCAMDS] Creating WndMsg Listener Window
I2026-10-07 11:25:26.218694 ( 3584) [INFO] [VCAMDS] Destroying parent object
I2026-10-07 11:25:26.219700 ( 3584) [INFO] [VCAMDS] Destroying WndMsg Listener Window
I2026-10-07 11:25:26.220700 ( 3584) [INFO] [VCAMDS] Destroyed window
I2026-10-07 11:25:26.220700 ( 3584) [INFO] [VCAMDS] Unregistered window class
I2026-10-07 11:25:26.220700 ( 3584) [INFO] [VCAMDS] NvMxnCltShmConsumer Skip removing app tracker DLL loaded status. Parent source filter is not initialized
I2026-10-07 11:25:28.225852 ( 3584) [INFO] [VCAMDS] Creating WndMsg Listener Window
I2026-10-07 11:25:28.229059 ( 3584) [INFO] [VCAMDS] Destroying parent object
I2026-10-07 11:25:28.229059 ( 3584) [INFO] [VCAMDS] Destroying WndMsg Listener Window
I2026-10-07 11:25:28.230058 ( 3584) [INFO] [VCAMDS] Destroyed window
I2026-10-07 11:25:28.230058 ( 3584) [INFO] [VCAMDS] Unregistered window class
I2026-10-07 11:25:28.230058 ( 3584) [INFO] [VCAMDS] NvMxnCltShmConsumer Skip removing app tracker DLL loaded status. Parent source filter is not initialized
I2026-10-07 11:25:30.235780 ( 3584) [INFO] [VCAMDS] Creating WndMsg Listener Window
I2026-10-07 11:25:30.248858 ( 3584) [INFO] [VCAMDS] Destroying parent object
I2026-10-07 11:25:30.248858 ( 3584) [INFO] [VCAMDS] Destroying WndMsg Listener Window
I2026-10-07 11:25:30.250855 ( 3584) [INFO] [VCAMDS] Destroyed window
I2026-10-07 11:25:30.250855 ( 3584) [INFO] [VCAMDS] Unregistered window class
I2026-10-07 11:25:30.250855 ( 3584) [INFO] [VCAMDS] NvMxnCltShmConsumer Skip removing app tracker DLL loaded status. Parent source filter is not initialized
I2026-10-07 11:25:32.258656 ( 3584) [INFO] [VCAMDS] Creating WndMsg Listener Window
I2026-10-07 11:25:32.262652 ( 3584) [INFO] [VCAMDS] Destroying parent object
I2026-10-07 11:25:32.262652 ( 3584) [INFO] [VCAMDS] Destroying WndMsg Listener Window
I2026-10-07 11:25:32.264652 ( 3584) [INFO] [VCAMDS] Destroyed window
I2026-10-07 11:25:32.264652 ( 3584) [INFO] [VCAMDS] Unregistered window class
I2026-10-07 11:25:32.265648 ( 3584) [INFO] [VCAMDS] NvMxnCltShmConsumer Skip removing app tracker DLL loaded status. Parent source filter is not initialized
I2026-10-07 11:25:34.272872 ( 3584) [INFO] [VCAMDS] Creating WndMsg Listener Window
I2026-10-07 11:25:34.274870 ( 3584) [INFO] [VCAMDS] Destroying parent object
I2026-10-07 11:25:34.275869 ( 3584) [INFO] [VCAMDS] Destroying WndMsg Listener Window
I2026-10-07 11:25:34.276373 ( 3584) [INFO] [VCAMDS] Destroyed window
I2026-10-07 11:25:34.276373 ( 3584) [INFO] [VCAMDS] Unregistered window class
I2026-10-07 11:25:34.276373 ( 3584) [INFO] [VCAMDS] NvMxnCltShmConsumer Skip removing app tracker DLL loaded status. Parent source filter is not initialized
I2026-10-07 11:25:36.284845 ( 3584) [INFO] [VCAMDS] Creating WndMsg Listener Window
I2026-10-07 11:25:36.290186 ( 3584) [INFO] [VCAMDS] Destroying parent object
I2026-10-07 11:25:36.291206 ( 3584) [INFO] [VCAMDS] Destroying WndMsg Listener Window
I2026-10-07 11:25:36.292196 ( 3584) [INFO] [VCAMDS] Destroyed window
I2026-10-07 11:25:36.292196 ( 3584) [INFO] [VCAMDS] Unregistered window class
I2026-10-07 11:25:36.292196 ( 3584) [INFO] [VCAMDS] NvMxnCltShmConsumer Skip removing app tracker DLL loaded status. Parent source filter is not initialized
I2026-10-07 11:25:38.300771 ( 3584) [INFO] [VCAMDS] Creating WndMsg Listener Window
I2026-10-07 11:25:38.314851 ( 3584) [INFO] [VCAMDS] Destroying parent object
I2026-10-07 11:25:38.315853 ( 3584) [INFO] [VCAMDS] Destroying WndMsg Listener Window
I2026-10-07 11:25:38.316958 ( 3584) [INFO] [VCAMDS] Destroyed window
I2026-10-07 11:25:38.316958 ( 3584) [INFO] [VCAMDS] Unregistered window class
I2026-10-07 11:25:38.317966 ( 3584) [INFO] [VCAMDS] NvMxnCltShmConsumer Skip removing app tracker DLL loaded status. Parent source filter is not initialized
I2026-10-07 11:25:40.324271 ( 3584) [INFO] [VCAMDS] Creating WndMsg Listener Window
I2026-10-07 11:25:40.329447 ( 3584) [INFO] [VCAMDS] Destroying parent object
I2026-10-07 11:25:40.329447 ( 3584) [INFO] [VCAMDS] Destroying WndMsg Listener Window
I2026-10-07 11:25:40.330951 ( 3584) [INFO] [VCAMDS] Destroyed window
I2026-10-07 11:25:40.330951 ( 3584) [INFO] [VCAMDS] Unregistered window class
I2026-10-07 11:25:40.331957 ( 3584) [INFO] [VCAMDS] NvMxnCltShmConsumer Skip removing app tracker DLL loaded status. Parent source filter is not initialized
I2026-10-07 11:25:42.342316 ( 3584) [INFO] [VCAMDS] Creating WndMsg Listener Window
I2026-10-07 11:25:42.345829 ( 3584) [INFO] [VCAMDS] Destroying parent object
I2026-10-07 11:25:42.345829 ( 3584) [INFO] [VCAMDS] Destroying WndMsg Listener Window
I2026-10-07 11:25:42.346837 ( 3584) [INFO] [VCAMDS] Destroyed window
I2026-10-07 11:25:42.347839 ( 3584) [INFO] [VCAMDS] Unregistered window class
I2026-10-07 11:25:42.347839 ( 3584) [INFO] [VCAMDS] NvMxnCltShmConsumer Skip removing app tracker DLL loaded status. Parent source filter is not initialized
I2026-10-07 11:25:44.352861 ( 3584) [INFO] [VCAMDS] Creating WndMsg Listener Window
I2026-10-07 11:25:44.366487 ( 3584) [INFO] [VCAMDS] Destroying parent object
I2026-10-07 11:25:44.366487 ( 3584) [INFO] [VCAMDS] Destroying WndMsg Listener Window
I2026-10-07 11:25:44.367493 ( 3584) [INFO] [VCAMDS] Destroyed window
I2026-10-07 11:25:44.368496 ( 3584) [INFO] [VCAMDS] Unregistered window class
I2026-10-07 11:25:44.368496 ( 3584) [INFO] [VCAMDS] NvMxnCltShmConsumer Skip removing app tracker DLL loaded status. Parent source filter is not initialized
I2026-10-07 11:25:46.375562 ( 3584) [INFO] [VCAMDS] Creating WndMsg Listener Window
I2026-10-07 11:25:46.389001 ( 3584) [INFO] [VCAMDS] Destroying parent object
I2026-10-07 11:25:46.390002 ( 3584) [INFO] [VCAMDS] Destroying WndMsg Listener Window
I2026-10-07 11:25:46.390002 ( 3584) [INFO] [VCAMDS] Destroyed window
I2026-10-07 11:25:46.390002 ( 3584) [INFO] [VCAMDS] Unregistered window class
I2026-10-07 11:25:46.391471 ( 3584) [INFO] [VCAMDS] NvMxnCltShmConsumer Skip removing app tracker DLL loaded status. Parent source filter is not initialized
I2026-10-07 11:25:48.396389 ( 3584) [INFO] [VCAMDS] Creating WndMsg Listener Window
I2026-10-07 11:25:48.410169 ( 3584) [INFO] [VCAMDS] Destroying parent object
I2026-10-07 11:25:48.411185 ( 3584) [INFO] [VCAMDS] Destroying WndMsg Listener Window
I2026-10-07 11:25:48.412168 ( 3584) [INFO] [VCAMDS] Destroyed window
I2026-10-07 11:25:48.413211 ( 3584) [INFO] [VCAMDS] Unregistered window class
I2026-10-07 11:25:48.413211 ( 3584) [INFO] [VCAMDS] NvMxnCltShmConsumer Skip removing app tracker DLL loaded status. Parent source filter is not initialized
I2026-10-07 11:25:50.422281 ( 3584) [INFO] [VCAMDS] Creating WndMsg Listener Window
I2026-10-07 11:25:50.426805 ( 3584) [INFO] [VCAMDS] Destroying parent object
I2026-10-07 11:25:50.426805 ( 3584) [INFO] [VCAMDS] Destroying WndMsg Listener Window
I2026-10-07 11:25:50.428813 ( 3584) [INFO] [VCAMDS] Destroyed window
I2026-10-07 11:25:50.428813 ( 3584) [INFO] [VCAMDS] Unregistered window class
I2026-10-07 11:25:50.428813 ( 3584) [INFO] [VCAMDS] NvMxnCltShmConsumer Skip removing app tracker DLL loaded status. Parent source filter is not initialized
I2026-10-07 11:25:52.438154 ( 3584) [INFO] [VCAMDS] Creating WndMsg Listener Window
I2026-10-07 11:25:52.441633 ( 3584) [INFO] [VCAMDS] Destroying parent object
I2026-10-07 11:25:52.442868 ( 3584) [INFO] [VCAMDS] Destroying WndMsg Listener Window
I2026-10-07 11:25:52.443413 ( 3584) [INFO] [VCAMDS] Destroyed window
I2026-10-07 11:25:52.444419 ( 3584) [INFO] [VCAMDS] Unregistered window class
I2026-10-07 11:25:52.444419 ( 3584) [INFO] [VCAMDS] NvMxnCltShmConsumer Skip removing app tracker DLL loaded status. Parent source filter is not initialized
I2026-10-07 11:25:54.451331 ( 3584) [INFO] [VCAMDS] Creating WndMsg Listener Window
I2026-10-07 11:25:54.455842 ( 3584) [INFO] [VCAMDS] Destroying parent object
I2026-10-07 11:25:54.455842 ( 3584) [INFO] [VCAMDS] Destroying WndMsg Listener Window
I2026-10-07 11:25:54.456851 ( 3584) [INFO] [VCAMDS] Destroyed window
I2026-10-07 11:25:54.458225 ( 3584) [INFO] [VCAMDS] Unregistered window class
I2026-10-07 11:25:54.459231 ( 3584) [INFO] [VCAMDS] NvMxnCltShmConsumer Skip removing app tracker DLL loaded status. Parent source filter is not initialized
I2026-10-07 11:25:56.465518 ( 3584) [INFO] [VCAMDS] Creating WndMsg Listener Window
I2026-10-07 11:25:56.467113 ( 3584) [INFO] [VCAMDS] Destroying parent object
I2026-10-07 11:25:56.468118 ( 3584) [INFO] [VCAMDS] Destroying WndMsg Listener Window
I2026-10-07 11:25:56.468118 ( 3584) [INFO] [VCAMDS] Destroyed window
I2026-10-07 11:25:56.469120 ( 3584) [INFO] [VCAMDS] Unregistered window class
I2026-10-07 11:25:56.469120 ( 3584) [INFO] [VCAMDS] NvMxnCltShmConsumer Skip removing app tracker DLL loaded status. Parent source filter is not initialized
I2026-10-07 11:25:58.474264 ( 3584) [INFO] [VCAMDS] Creating WndMsg Listener Window
I2026-10-07 11:25:58.478796 ( 3584) [INFO] [VCAMDS] Destroying parent object
I2026-10-07 11:25:58.479796 ( 3584) [INFO] [VCAMDS] Destroying WndMsg Listener Window
I2026-10-07 11:25:58.480796 ( 3584) [INFO] [VCAMDS] Destroyed window
I2026-10-07 11:25:58.480796 ( 3584) [INFO] [VCAMDS] Unregistered window class
I2026-10-07 11:25:58.481799 ( 3584) [INFO] [VCAMDS] NvMxnCltShmConsumer Skip removing app tracker DLL loaded status. Parent source filter is not initialized
I2026-10-07 11:26:00.490216 ( 3584) [INFO] [VCAMDS] Creating WndMsg Listener Window
I2026-10-07 11:26:00.492225 ( 3584) [INFO] [VCAMDS] Destroying parent object
I2026-10-07 11:26:00.492225 ( 3584) [INFO] [VCAMDS] Destroying WndMsg Listener Window
I2026-10-07 11:26:00.493216 ( 3584) [INFO] [VCAMDS] Destroyed window
I2026-10-07 11:26:00.493216 ( 3584) [INFO] [VCAMDS] Unregistered window class
I2026-10-07 11:26:00.493216 ( 3584) [INFO] [VCAMDS] NvMxnCltShmConsumer Skip removing app tracker DLL loaded status. Parent source filter is not initialized
I2026-10-07 11:26:02.499858 ( 3584) [INFO] [VCAMDS] Creating WndMsg Listener Window
I2026-10-07 11:26:02.512694 ( 3584) [INFO] [VCAMDS] Destroying parent object
I2026-10-07 11:26:02.513696 ( 3584) [INFO] [VCAMDS] Destroying WndMsg Listener Window
I2026-10-07 11:26:02.514696 ( 3584) [INFO] [VCAMDS] Destroyed window
I2026-10-07 11:26:02.515695 ( 3584) [INFO] [VCAMDS] Unregistered window class
I2026-10-07 11:26:02.515695 ( 3584) [INFO] [VCAMDS] NvMxnCltShmConsumer Skip removing app tracker DLL loaded status. Parent source filter is not initialized
I2026-10-07 11:26:04.523212 ( 3584) [INFO] [VCAMDS] Creating WndMsg Listener Window
I2026-10-07 11:26:04.535878 ( 3584) [INFO] [VCAMDS] Destroying parent object
I2026-10-07 11:26:04.535878 ( 3584) [INFO] [VCAMDS] Destroying WndMsg Listener Window
I2026-10-07 11:26:04.536885 ( 3584) [INFO] [VCAMDS] Destroyed window
I2026-10-07 11:26:04.536885 ( 3584) [INFO] [VCAMDS] Unregistered window class
I2026-10-07 11:26:04.536885 ( 3584) [INFO] [VCAMDS] NvMxnCltShmConsumer Skip removing app tracker DLL loaded status. Parent source filter is not initialized
I2026-10-07 11:26:06.542569 ( 3584) [INFO] [VCAMDS] Creating WndMsg Listener Window
I2026-10-07 11:26:06.547101 ( 3584) [INFO] [VCAMDS] Destroying parent object
I2026-10-07 11:26:06.547101 ( 3584) [INFO] [VCAMDS] Destroying WndMsg Listener Window
I2026-10-07 11:26:06.548094 ( 3584) [INFO] [VCAMDS] Destroyed window
I2026-10-07 11:26:06.548094 ( 3584) [INFO] [VCAMDS] Unregistered window class
I2026-10-07 11:26:06.548094 ( 3584) [INFO] [VCAMDS] NvMxnCltShmConsumer Skip removing app tracker DLL loaded status. Parent source filter is not initialized
I2026-10-07 11:26:08.554054 ( 3584) [INFO] [VCAMDS] Creating WndMsg Listener Window
I2026-10-07 11:26:08.556562 ( 3584) [INFO] [VCAMDS] Destroying parent object
I2026-10-07 11:26:08.556562 ( 3584) [INFO] [VCAMDS] Destroying WndMsg Listener Window
I2026-10-07 11:26:08.557562 ( 3584) [INFO] [VCAMDS] Destroyed window
I2026-10-07 11:26:08.557562 ( 3584) [INFO] [VCAMDS] Unregistered window class
I2026-10-07 11:26:08.557562 ( 3584) [INFO] [VCAMDS] NvMxnCltShmConsumer Skip removing app tracker DLL loaded status. Parent source filter is not initialized
I2026-10-07 11:26:10.564301 ( 3584) [INFO] [VCAMDS] Creating WndMsg Listener Window
I2026-10-07 11:26:10.566829 ( 3584) [INFO] [VCAMDS] Destroying parent object
I2026-10-07 11:26:10.566829 ( 3584) [INFO] [VCAMDS] Destroying WndMsg Listener Window
I2026-10-07 11:26:10.567823 ( 3584) [INFO] [VCAMDS] Destroyed window
I2026-10-07 11:26:10.567823 ( 3584) [INFO] [VCAMDS] Unregistered window class
I2026-10-07 11:26:10.567823 ( 3584) [INFO] [VCAMDS] NvMxnCltShmConsumer Skip removing app tracker DLL loaded status. Parent source filter is not initialized
I2026-10-07 11:26:12.572641 ( 3584) [INFO] [VCAMDS] Creating WndMsg Listener Window
I2026-10-07 11:26:12.584806 ( 3584) [INFO] [VCAMDS] Destroying parent object
I2026-10-07 11:26:12.584806 ( 3584) [INFO] [VCAMDS] Destroying WndMsg Listener Window
I2026-10-07 11:26:12.585805 ( 3584) [INFO] [VCAMDS] Destroyed window
I2026-10-07 11:26:12.585805 ( 3584) [INFO] [VCAMDS] Unregistered window class
I2026-10-07 11:26:12.585805 ( 3584) [INFO] [VCAMDS] NvMxnCltShmConsumer Skip removing app tracker DLL loaded status. Parent source filter is not initialized
I2026-10-07 11:26:14.592310 ( 3584) [INFO] [VCAMDS] Creating WndMsg Listener Window
I2026-10-07 11:26:14.595817 ( 3584) [INFO] [VCAMDS] Destroying parent object
I2026-10-07 11:26:14.595817 ( 3584) [INFO] [VCAMDS] Destroying WndMsg Listener Window
I2026-10-07 11:26:14.596822 ( 3584) [INFO] [VCAMDS] Destroyed window
I2026-10-07 11:26:14.597822 ( 3584) [INFO] [VCAMDS] Unregistered window class
I2026-10-07 11:26:14.597822 ( 3584) [INFO] [VCAMDS] NvMxnCltShmConsumer Skip removing app tracker DLL loaded status. Parent source filter is not initialized
I2026-10-07 11:26:16.603754 ( 3584) [INFO] [VCAMDS] Creating WndMsg Listener Window
I2026-10-07 11:26:16.605756 ( 3584) [INFO] [VCAMDS] Destroying parent object
I2026-10-07 11:26:16.605756 ( 3584) [INFO] [VCAMDS] Destroying WndMsg Listener Window
I2026-10-07 11:26:16.606860 ( 3584) [INFO] [VCAMDS] Destroyed window
I2026-10-07 11:26:16.606860 ( 3584) [INFO] [VCAMDS] Unregistered window class
I2026-10-07 11:26:16.607860 ( 3584) [INFO] [VCAMDS] NvMxnCltShmConsumer Skip removing app tracker DLL loaded status. Parent source filter is not initialized
I2026-10-07 11:26:18.613566 ( 3584) [INFO] [VCAMDS] Creating WndMsg Listener Window
I2026-10-07 11:26:18.616604 ( 3584) [INFO] [VCAMDS] Destroying parent object
I2026-10-07 11:26:18.618085 ( 3584) [INFO] [VCAMDS] Destroying WndMsg Listener Window
I2026-10-07 11:26:18.619091 ( 3584) [INFO] [VCAMDS] Destroyed window
I2026-10-07 11:26:18.619091 ( 3584) [INFO] [VCAMDS] Unregistered window class
I2026-10-07 11:26:18.619091 ( 3584) [INFO] [VCAMDS] NvMxnCltShmConsumer Skip removing app tracker DLL loaded status. Parent source filter is not initialized
I2026-10-07 11:26:20.625494 ( 3584) [INFO] [VCAMDS] Creating WndMsg Listener Window
I2026-10-07 11:26:20.629499 ( 3584) [INFO] [VCAMDS] Destroying parent object
I2026-10-07 11:26:20.629499 ( 3584) [INFO] [VCAMDS] Destroying WndMsg Listener Window
I2026-10-07 11:26:20.630499 ( 3584) [INFO] [VCAMDS] Destroyed window
I2026-10-07 11:26:20.631500 ( 3584) [INFO] [VCAMDS] Unregistered window class
I2026-10-07 11:26:20.631500 ( 3584) [INFO] [VCAMDS] NvMxnCltShmConsumer Skip removing app tracker DLL loaded status. Parent source filter is not initialized
I2026-10-07 11:26:22.637166 ( 3584) [INFO] [VCAMDS] Creating WndMsg Listener Window
I2026-10-07 11:26:22.641324 ( 3584) [INFO] [VCAMDS] Destroying parent object
I2026-10-07 11:26:22.641324 ( 3584) [INFO] [VCAMDS] Destroying WndMsg Listener Window
I2026-10-07 11:26:22.641324 ( 3584) [INFO] [VCAMDS] Destroyed window
I2026-10-07 11:26:22.641324 ( 3584) [INFO] [VCAMDS] Unregistered window class
I2026-10-07 11:26:22.641324 ( 3584) [INFO] [VCAMDS] NvMxnCltShmConsumer Skip removing app tracker DLL loaded status. Parent source filter is not initialized
I2026-10-07 11:26:24.648700 ( 3584) [INFO] [VCAMDS] Creating WndMsg Listener Window
I2026-10-07 11:26:24.651208 ( 3584) [INFO] [VCAMDS] Destroying parent object
I2026-10-07 11:26:24.652511 ( 3584) [INFO] [VCAMDS] Destroying WndMsg Listener Window
I2026-10-07 11:26:24.652511 ( 3584) [INFO] [VCAMDS] Destroyed window
I2026-10-07 11:26:24.654016 ( 3584) [INFO] [VCAMDS] Unregistered window class
I2026-10-07 11:26:24.654016 ( 3584) [INFO] [VCAMDS] NvMxnCltShmConsumer Skip removing app tracker DLL loaded status. Parent source filter is not initialized
I2026-10-07 11:26:26.659789 ( 3584) [INFO] [VCAMDS] Creating WndMsg Listener Window
I2026-10-07 11:26:26.663298 ( 3584) [INFO] [VCAMDS] Destroying parent object
I2026-10-07 11:26:26.663298 ( 3584) [INFO] [VCAMDS] Destroying WndMsg Listener Window
I2026-10-07 11:26:26.664299 ( 3584) [INFO] [VCAMDS] Destroyed window
I2026-10-07 11:26:26.664299 ( 3584) [INFO] [VCAMDS] Unregistered window class
I2026-10-07 11:26:26.664299 ( 3584) [INFO] [VCAMDS] NvMxnCltShmConsumer Skip removing app tracker DLL loaded status. Parent source filter is not initialized
I2026-10-07 11:26:28.670666 ( 3584) [INFO] [VCAMDS] Creating WndMsg Listener Window
I2026-10-07 11:26:28.673666 ( 3584) [INFO] [VCAMDS] Destroying parent object
I2026-10-07 11:26:28.673666 ( 3584) [INFO] [VCAMDS] Destroying WndMsg Listener Window
I2026-10-07 11:26:28.674667 ( 3584) [INFO] [VCAMDS] Destroyed window
I2026-10-07 11:26:28.674667 ( 3584) [INFO] [VCAMDS] Unregistered window class
I2026-10-07 11:26:28.674667 ( 3584) [INFO] [VCAMDS] NvMxnCltShmConsumer Skip removing app tracker DLL loaded status. Parent source filter is not initialized
I2026-10-07 11:26:30.682402 ( 3584) [INFO] [VCAMDS] Creating WndMsg Listener Window
I2026-10-07 11:26:30.685906 ( 3584) [INFO] [VCAMDS] Destroying parent object
I2026-10-07 11:26:30.685906 ( 3584) [INFO] [VCAMDS] Destroying WndMsg Listener Window
I2026-10-07 11:26:30.687911 ( 3584) [INFO] [VCAMDS] Destroyed window
I2026-10-07 11:26:30.687911 ( 3584) [INFO] [VCAMDS] Unregistered window class
I2026-10-07 11:26:30.687911 ( 3584) [INFO] [VCAMDS] NvMxnCltShmConsumer Skip removing app tracker DLL loaded status. Parent source filter is not initialized
I2026-10-07 11:26:32.695602 ( 3584) [INFO] [VCAMDS] Creating WndMsg Listener Window
I2026-10-07 11:26:32.698607 ( 3584) [INFO] [VCAMDS] Destroying parent object
I2026-10-07 11:26:32.699898 ( 3584) [INFO] [VCAMDS] Destroying WndMsg Listener Window
I2026-10-07 11:26:32.700907 ( 3584) [INFO] [VCAMDS] Destroyed window
I2026-10-07 11:26:32.701905 ( 3584) [INFO] [VCAMDS] Unregistered window class
I2026-10-07 11:26:32.701905 ( 3584) [INFO] [VCAMDS] NvMxnCltShmConsumer Skip removing app tracker DLL loaded status. Parent source filter is not initialized
I2026-10-07 11:26:34.709218 ( 3584) [INFO] [VCAMDS] Creating WndMsg Listener Window
I2026-10-07 11:26:34.711738 ( 3584) [INFO] [VCAMDS] Destroying parent object
I2026-10-07 11:26:34.711738 ( 3584) [INFO] [VCAMDS] Destroying WndMsg Listener Window
I2026-10-07 11:26:34.712728 ( 3584) [INFO] [VCAMDS] Destroyed window
I2026-10-07 11:26:34.712728 ( 3584) [INFO] [VCAMDS] Unregistered window class
I2026-10-07 11:26:34.712728 ( 3584) [INFO] [VCAMDS] NvMxnCltShmConsumer Skip removing app tracker DLL loaded status. Parent source filter is not initialized
I2026-10-07 11:26:36.717706 ( 3584) [INFO] [VCAMDS] Creating WndMsg Listener Window
I2026-10-07 11:26:36.720136 ( 3584) [INFO] [VCAMDS] Destroying parent object
I2026-10-07 11:26:36.720136 ( 3584) [INFO] [VCAMDS] Destroying WndMsg Listener Window
I2026-10-07 11:26:36.721127 ( 3584) [INFO] [VCAMDS] Destroyed window
I2026-10-07 11:26:36.721127 ( 3584) [INFO] [VCAMDS] Unregistered window class
I2026-10-07 11:26:36.721127 ( 3584) [INFO] [VCAMDS] NvMxnCltShmConsumer Skip removing app tracker DLL loaded status. Parent source filter is not initialized
I2026-10-07 11:26:38.727680 ( 3584) [INFO] [VCAMDS] Creating WndMsg Listener Window
I2026-10-07 11:26:38.730681 ( 3584) [INFO] [VCAMDS] Destroying parent object
I2026-10-07 11:26:38.730681 ( 3584) [INFO] [VCAMDS] Destroying WndMsg Listener Window
I2026-10-07 11:26:38.732681 ( 3584) [INFO] [VCAMDS] Destroyed window
I2026-10-07 11:26:38.732681 ( 3584) [INFO] [VCAMDS] Unregistered window class
I2026-10-07 11:26:38.732681 ( 3584) [INFO] [VCAMDS] NvMxnCltShmConsumer Skip removing app tracker DLL loaded status. Parent source filter is not initialized
I2026-10-07 11:26:40.741008 ( 3584) [INFO] [VCAMDS] Creating WndMsg Listener Window
I2026-10-07 11:26:40.746517 ( 3584) [INFO] [VCAMDS] Destroying parent object
I2026-10-07 11:26:40.747516 ( 3584) [INFO] [VCAMDS] Destroying WndMsg Listener Window
I2026-10-07 11:26:40.748521 ( 3584) [INFO] [VCAMDS] Destroyed window
I2026-10-07 11:26:40.748521 ( 3584) [INFO] [VCAMDS] Unregistered window class
I2026-10-07 11:26:40.748521 ( 3584) [INFO] [VCAMDS] NvMxnCltShmConsumer Skip removing app tracker DLL loaded status. Parent source filter is not initialized
I2026-10-07 11:26:42.754201 ( 3584) [INFO] [VCAMDS] Creating WndMsg Listener Window
I2026-10-07 11:26:42.756712 ( 3584) [INFO] [VCAMDS] Destroying parent object
I2026-10-07 11:26:42.757710 ( 3584) [INFO] [VCAMDS] Destroying WndMsg Listener Window
I2026-10-07 11:26:42.757710 ( 3584) [INFO] [VCAMDS] Destroyed window
I2026-10-07 11:26:42.758710 ( 3584) [INFO] [VCAMDS] Unregistered window class
I2026-10-07 11:26:42.758710 ( 3584) [INFO] [VCAMDS] NvMxnCltShmConsumer Skip removing app tracker DLL loaded status. Parent source filter is not initialized
I2026-10-07 11:26:44.764104 ( 3584) [INFO] [VCAMDS] Creating WndMsg Listener Window
I2026-10-07 11:26:44.768620 ( 3584) [INFO] [VCAMDS] Destroying parent object
I2026-10-07 11:26:44.768620 ( 3584) [INFO] [VCAMDS] Destroying WndMsg Listener Window
I2026-10-07 11:26:44.769620 ( 3584) [INFO] [VCAMDS] Destroyed window
I2026-10-07 11:26:44.770622 ( 3584) [INFO] [VCAMDS] Unregistered window class
I2026-10-07 11:26:44.770622 ( 3584) [INFO] [VCAMDS] NvMxnCltShmConsumer Skip removing app tracker DLL loaded status. Parent source filter is not initialized
I2026-10-07 11:26:46.777932 ( 3584) [INFO] [VCAMDS] Creating WndMsg Listener Window
I2026-10-07 11:26:46.780934 ( 3584) [INFO] [VCAMDS] Destroying parent object
I2026-10-07 11:26:46.780934 ( 3584) [INFO] [VCAMDS] Destroying WndMsg Listener Window
I2026-10-07 11:26:46.781932 ( 3584) [INFO] [VCAMDS] Destroyed window
I2026-10-07 11:26:46.782932 ( 3584) [INFO] [VCAMDS] Unregistered window class
I2026-10-07 11:26:46.782932 ( 3584) [INFO] [VCAMDS] NvMxnCltShmConsumer Skip removing app tracker DLL loaded status. Parent source filter is not initialized
I2026-10-07 11:26:48.789652 ( 3584) [INFO] [VCAMDS] Creating WndMsg Listener Window
I2026-10-07 11:26:48.800846 ( 3584) [INFO] [VCAMDS] Destroying parent object
I2026-10-07 11:26:48.801846 ( 3584) [INFO] [VCAMDS] Destroying WndMsg Listener Window
I2026-10-07 11:26:48.801846 ( 3584) [INFO] [VCAMDS] Destroyed window
I2026-10-07 11:26:48.802847 ( 3584) [INFO] [VCAMDS] Unregistered window class
I2026-10-07 11:26:48.802847 ( 3584) [INFO] [VCAMDS] NvMxnCltShmConsumer Skip removing app tracker DLL loaded status. Parent source filter is not initialized
I2026-10-07 11:26:50.810199 ( 3584) [INFO] [VCAMDS] Creating WndMsg Listener Window
I2026-10-07 11:26:50.814200 ( 3584) [INFO] [VCAMDS] Destroying parent object
I2026-10-07 11:26:50.814200 ( 3584) [INFO] [VCAMDS] Destroying WndMsg Listener Window
I2026-10-07 11:26:50.815706 ( 3584) [INFO] [VCAMDS] Destroyed window
I2026-10-07 11:26:50.815706 ( 3584) [INFO] [VCAMDS] Unregistered window class
I2026-10-07 11:26:50.816717 ( 3584) [INFO] [VCAMDS] NvMxnCltShmConsumer Skip removing app tracker DLL loaded status. Parent source filter is not initialized
I2026-10-07 11:26:52.822489 ( 3584) [INFO] [VCAMDS] Creating WndMsg Listener Window
I2026-10-07 11:26:52.825490 ( 3584) [INFO] [VCAMDS] Destroying parent object
I2026-10-07 11:26:52.825490 ( 3584) [INFO] [VCAMDS] Destroying WndMsg Listener Window
I2026-10-07 11:26:52.826496 ( 3584) [INFO] [VCAMDS] Destroyed window
I2026-10-07 11:26:52.826496 ( 3584) [INFO] [VCAMDS] Unregistered window class
I2026-10-07 11:26:52.826496 ( 3584) [INFO] [VCAMDS] NvMxnCltShmConsumer Skip removing app tracker DLL loaded status. Parent source filter is not initialized
I2026-10-07 11:26:54.831458 ( 3584) [INFO] [VCAMDS] Creating WndMsg Listener Window
I2026-10-07 11:26:54.834457 ( 3584) [INFO] [VCAMDS] Destroying parent object
I2026-10-07 11:26:54.835961 ( 3584) [INFO] [VCAMDS] Destroying WndMsg Listener Window
I2026-10-07 11:26:54.835961 ( 3584) [INFO] [VCAMDS] Destroyed window
I2026-10-07 11:26:54.837339 ( 3584) [INFO] [VCAMDS] Unregistered window class
I2026-10-07 11:26:54.837339 ( 3584) [INFO] [VCAMDS] NvMxnCltShmConsumer Skip removing app tracker DLL loaded status. Parent source filter is not initialized
I2026-10-07 11:26:56.842844 ( 3584) [INFO] [VCAMDS] Creating WndMsg Listener Window
I2026-10-07 11:26:56.854874 ( 3584) [INFO] [VCAMDS] Destroying parent object
I2026-10-07 11:26:56.854874 ( 3584) [INFO] [VCAMDS] Destroying WndMsg Listener Window
I2026-10-07 11:26:56.855875 ( 3584) [INFO] [VCAMDS] Destroyed window
I2026-10-07 11:26:56.855875 ( 3584) [INFO] [VCAMDS] Unregistered window class
I2026-10-07 11:26:56.855875 ( 3584) [INFO] [VCAMDS] NvMxnCltShmConsumer Skip removing app tracker DLL loaded status. Parent source filter is not initialized
I2026-10-07 11:26:58.862946 ( 3584) [INFO] [VCAMDS] Creating WndMsg Listener Window
I2026-10-07 11:26:58.875752 ( 3584) [INFO] [VCAMDS] Destroying parent object
I2026-10-07 11:26:58.875752 ( 3584) [INFO] [VCAMDS] Destroying WndMsg Listener Window
I2026-10-07 11:26:58.878268 ( 3584) [INFO] [VCAMDS] Destroyed window
I2026-10-07 11:26:58.878268 ( 3584) [INFO] [VCAMDS] Unregistered window class
I2026-10-07 11:26:58.879276 ( 3584) [INFO] [VCAMDS] NvMxnCltShmConsumer Skip removing app tracker DLL loaded status. Parent source filter is not initialized
I2026-10-07 11:27:00.885389 ( 3584) [INFO] [VCAMDS] Creating WndMsg Listener Window
I2026-10-07 11:27:00.887442 ( 3584) [INFO] [VCAMDS] Destroying parent object
I2026-10-07 11:27:00.888443 ( 3584) [INFO] [VCAMDS] Destroying WndMsg Listener Window
I2026-10-07 11:27:00.888443 ( 3584) [INFO] [VCAMDS] Destroyed window
I2026-10-07 11:27:00.889453 ( 3584) [INFO] [VCAMDS] Unregistered window class
I2026-10-07 11:27:00.889453 ( 3584) [INFO] [VCAMDS] NvMxnCltShmConsumer Skip removing app tracker DLL loaded status. Parent source filter is not initialized
I2026-10-07 11:27:02.894501 ( 3584) [INFO] [VCAMDS] Creating WndMsg Listener Window
I2026-10-07 11:27:02.906937 ( 3584) [INFO] [VCAMDS] Destroying parent object
I2026-10-07 11:27:02.906937 ( 3584) [INFO] [VCAMDS] Destroying WndMsg Listener Window
I2026-10-07 11:27:02.907938 ( 3584) [INFO] [VCAMDS] Destroyed window
I2026-10-07 11:27:02.907938 ( 3584) [INFO] [VCAMDS] Unregistered window class
I2026-10-07 11:27:02.907938 ( 3584) [INFO] [VCAMDS] NvMxnCltShmConsumer Skip removing app tracker DLL loaded status. Parent source filter is not initialized
I2026-10-07 11:27:04.912755 ( 3584) [INFO] [VCAMDS] Creating WndMsg Listener Window
I2026-10-07 11:27:04.915838 ( 3584) [INFO] [VCAMDS] Destroying parent object
I2026-10-07 11:27:04.916842 ( 3584) [INFO] [VCAMDS] Destroying WndMsg Listener Window
I2026-10-07 11:27:04.917850 ( 3584) [INFO] [VCAMDS] Destroyed window
I2026-10-07 11:27:04.917850 ( 3584) [INFO] [VCAMDS] Unregistered window class
I2026-10-07 11:27:04.917850 ( 3584) [INFO] [VCAMDS] NvMxnCltShmConsumer Skip removing app tracker DLL loaded status. Parent source filter is not initialized
I2026-10-07 11:27:06.922840 ( 3584) [INFO] [VCAMDS] Creating WndMsg Listener Window
I2026-10-07 11:27:06.935575 ( 3584) [INFO] [VCAMDS] Destroying parent object
I2026-10-07 11:27:06.935575 ( 3584) [INFO] [VCAMDS] Destroying WndMsg Listener Window
I2026-10-07 11:27:06.936579 ( 3584) [INFO] [VCAMDS] Destroyed window
I2026-10-07 11:27:06.937579 ( 3584) [INFO] [VCAMDS] Unregistered window class
I2026-10-07 11:27:06.937579 ( 3584) [INFO] [VCAMDS] NvMxnCltShmConsumer Skip removing app tracker DLL loaded status. Parent source filter is not initialized
I2026-10-07 11:27:08.944068 ( 3584) [INFO] [VCAMDS] Creating WndMsg Listener Window
I2026-10-07 11:27:08.956846 ( 3584) [INFO] [VCAMDS] Destroying parent object
I2026-10-07 11:27:08.956846 ( 3584) [INFO] [VCAMDS] Destroying WndMsg Listener Window
I2026-10-07 11:27:08.957851 ( 3584) [INFO] [VCAMDS] Destroyed window
I2026-10-07 11:27:08.957851 ( 3584) [INFO] [VCAMDS] Unregistered window class
I2026-10-07 11:27:08.957851 ( 3584) [INFO] [VCAMDS] NvMxnCltShmConsumer Skip removing app tracker DLL loaded status. Parent source filter is not initialized
I2026-10-07 11:27:10.964496 ( 3584) [INFO] [VCAMDS] Creating WndMsg Listener Window
I2026-10-07 11:27:10.966516 ( 3584) [INFO] [VCAMDS] Destroying parent object
I2026-10-07 11:27:10.966516 ( 3584) [INFO] [VCAMDS] Destroying WndMsg Listener Window
I2026-10-07 11:27:10.967515 ( 3584) [INFO] [VCAMDS] Destroyed window
I2026-10-07 11:27:10.967515 ( 3584) [INFO] [VCAMDS] Unregistered window class
I2026-10-07 11:27:10.967515 ( 3584) [INFO] [VCAMDS] NvMxnCltShmConsumer Skip removing app tracker DLL loaded status. Parent source filter is not initialized
I2026-10-07 11:27:12.972882 ( 3584) [INFO] [VCAMDS] Creating WndMsg Listener Window
I2026-10-07 11:27:12.985677 ( 3584) [INFO] [VCAMDS] Destroying parent object
I2026-10-07 11:27:12.985677 ( 3584) [INFO] [VCAMDS] Destroying WndMsg Listener Window
I2026-10-07 11:27:12.986685 ( 3584) [INFO] [VCAMDS] Destroyed window
I2026-10-07 11:27:12.986685 ( 3584) [INFO] [VCAMDS] Unregistered window class
I2026-10-07 11:27:12.986685 ( 3584) [INFO] [VCAMDS] NvMxnCltShmConsumer Skip removing app tracker DLL loaded status. Parent source filter is not initialized
I2026-10-07 11:27:14.993042 ( 3584) [INFO] [VCAMDS] Creating WndMsg Listener Window
I2026-10-07 11:27:14.995548 ( 3584) [INFO] [VCAMDS] Destroying parent object
I2026-10-07 11:27:14.996552 ( 3584) [INFO] [VCAMDS] Destroying WndMsg Listener Window
I2026-10-07 11:27:14.996552 ( 3584) [INFO] [VCAMDS] Destroyed window
I2026-10-07 11:27:14.997552 ( 3584) [INFO] [VCAMDS] Unregistered window class
I2026-10-07 11:27:14.997552 ( 3584) [INFO] [VCAMDS] NvMxnCltShmConsumer Skip removing app tracker DLL loaded status. Parent source filter is not initialized
I2026-10-07 11:27:17.003364 ( 3584) [INFO] [VCAMDS] Creating WndMsg Listener Window
I2026-10-07 11:27:17.014675 ( 3584) [INFO] [VCAMDS] Destroying parent object
I2026-10-07 11:27:17.015661 ( 3584) [INFO] [VCAMDS] Destroying WndMsg Listener Window
I2026-10-07 11:27:17.015661 ( 3584) [INFO] [VCAMDS] Destroyed window
I2026-10-07 11:27:17.016726 ( 3584) [INFO] [VCAMDS] Unregistered window class
I2026-10-07 11:27:17.016726 ( 3584) [INFO] [VCAMDS] NvMxnCltShmConsumer Skip removing app tracker DLL loaded status. Parent source filter is not initialized
I2026-10-07 11:27:19.023214 ( 3584) [INFO] [VCAMDS] Creating WndMsg Listener Window
I2026-10-07 11:27:19.036855 ( 3584) [INFO] [VCAMDS] Destroying parent object
I2026-10-07 11:27:19.037858 ( 3584) [INFO] [VCAMDS] Destroying WndMsg Listener Window
I2026-10-07 11:27:19.040225 ( 3584) [INFO] [VCAMDS] Destroyed window
I2026-10-07 11:27:19.040225 ( 3584) [INFO] [VCAMDS] Unregistered window class
I2026-10-07 11:27:19.041235 ( 3584) [INFO] [VCAMDS] NvMxnCltShmConsumer Skip removing app tracker DLL loaded status. Parent source filter is not initialized
I2026-10-07 11:27:21.047132 ( 3584) [INFO] [VCAMDS] Creating WndMsg Listener Window
I2026-10-07 11:27:21.049129 ( 3584) [INFO] [VCAMDS] Destroying parent object
I2026-10-07 11:27:21.050130 ( 3584) [INFO] [VCAMDS] Destroying WndMsg Listener Window
I2026-10-07 11:27:21.051131 ( 3584) [INFO] [VCAMDS] Destroyed window
I2026-10-07 11:27:21.051131 ( 3584) [INFO] [VCAMDS] Unregistered window class
I2026-10-07 11:27:21.051131 ( 3584) [INFO] [VCAMDS] NvMxnCltShmConsumer Skip removing app tracker DLL loaded status. Parent source filter is not initialized
I2026-10-07 11:27:23.057942 ( 3584) [INFO] [VCAMDS] Creating WndMsg Listener Window
I2026-10-07 11:27:23.060947 ( 3584) [INFO] [VCAMDS] Destroying parent object
I2026-10-07 11:27:23.061944 ( 3584) [INFO] [VCAMDS] Destroying WndMsg Listener Window
I2026-10-07 11:27:23.062942 ( 3584) [INFO] [VCAMDS] Destroyed window
I2026-10-07 11:27:23.062942 ( 3584) [INFO] [VCAMDS] Unregistered window class
I2026-10-07 11:27:23.062942 ( 3584) [INFO] [VCAMDS] NvMxnCltShmConsumer Skip removing app tracker DLL loaded status. Parent source filter is not initialized
I2026-10-07 11:27:25.069360 ( 3584) [INFO] [VCAMDS] Creating WndMsg Listener Window
I2026-10-07 11:27:25.073371 ( 3584) [INFO] [VCAMDS] Destroying parent object
I2026-10-07 11:27:25.074369 ( 3584) [INFO] [VCAMDS] Destroying WndMsg Listener Window
I2026-10-07 11:27:25.075873 ( 3584) [INFO] [VCAMDS] Destroyed window
I2026-10-07 11:27:25.075873 ( 3584) [INFO] [VCAMDS] Unregistered window class
I2026-10-07 11:27:25.075873 ( 3584) [INFO] [VCAMDS] NvMxnCltShmConsumer Skip removing app tracker DLL loaded status. Parent source filter is not initialized
I2026-10-07 11:27:27.081858 ( 3584) [INFO] [VCAMDS] Creating WndMsg Listener Window
I2026-10-07 11:27:27.095564 ( 3584) [INFO] [VCAMDS] Destroying parent object
I2026-10-07 11:27:27.095564 ( 3584) [INFO] [VCAMDS] Destroying WndMsg Listener Window
I2026-10-07 11:27:27.096130 ( 3584) [INFO] [VCAMDS] Destroyed window
I2026-10-07 11:27:27.097139 ( 3584) [INFO] [VCAMDS] Unregistered window class
I2026-10-07 11:27:27.097139 ( 3584) [INFO] [VCAMDS] NvMxnCltShmConsumer Skip removing app tracker DLL loaded status. Parent source filter is not initialized
I2026-10-07 11:27:29.104213 ( 3584) [INFO] [VCAMDS] Creating WndMsg Listener Window
I2026-10-07 11:27:29.107741 ( 3584) [INFO] [VCAMDS] Destroying parent object
I2026-10-07 11:27:29.107741 ( 3584) [INFO] [VCAMDS] Destroying WndMsg Listener Window
I2026-10-07 11:27:29.108733 ( 3584) [INFO] [VCAMDS] Destroyed window
I2026-10-07 11:27:29.109733 ( 3584) [INFO] [VCAMDS] Unregistered window class
I2026-10-07 11:27:29.109733 ( 3584) [INFO] [VCAMDS] NvMxnCltShmConsumer Skip removing app tracker DLL loaded status. Parent source filter is not initialized
I2026-10-07 11:27:31.117865 ( 3584) [INFO] [VCAMDS] Creating WndMsg Listener Window
I2026-10-07 11:27:31.120863 ( 3584) [INFO] [VCAMDS] Destroying parent object
I2026-10-07 11:27:31.120863 ( 3584) [INFO] [VCAMDS] Destroying WndMsg Listener Window
I2026-10-07 11:27:31.121865 ( 3584) [INFO] [VCAMDS] Destroyed window
I2026-10-07 11:27:31.121865 ( 3584) [INFO] [VCAMDS] Unregistered window class
I2026-10-07 11:27:31.122866 ( 3584) [INFO] [VCAMDS] NvMxnCltShmConsumer Skip removing app tracker DLL loaded status. Parent source filter is not initialized
I2026-10-07 11:27:33.129709 ( 3584) [INFO] [VCAMDS] Creating WndMsg Listener Window
I2026-10-07 11:27:33.142803 ( 3584) [INFO] [VCAMDS] Destroying parent object
I2026-10-07 11:27:33.144047 ( 3584) [INFO] [VCAMDS] Destroying WndMsg Listener Window
I2026-10-07 11:27:33.144047 ( 3584) [INFO] [VCAMDS] Destroyed window
I2026-10-07 11:27:33.145550 ( 3584) [INFO] [VCAMDS] Unregistered window class
I2026-10-07 11:27:33.145550 ( 3584) [INFO] [VCAMDS] NvMxnCltShmConsumer Skip removing app tracker DLL loaded status. Parent source filter is not initialized
I2026-10-07 11:27:35.155727 ( 3584) [INFO] [VCAMDS] Creating WndMsg Listener Window
I2026-10-07 11:27:35.168398 ( 3584) [INFO] [VCAMDS] Destroying parent object
I2026-10-07 11:27:35.169397 ( 3584) [INFO] [VCAMDS] Destroying WndMsg Listener Window
I2026-10-07 11:27:35.170398 ( 3584) [INFO] [VCAMDS] Destroyed window
I2026-10-07 11:27:35.170398 ( 3584) [INFO] [VCAMDS] Unregistered window class
I2026-10-07 11:27:35.170398 ( 3584) [INFO] [VCAMDS] NvMxnCltShmConsumer Skip removing app tracker DLL loaded status. Parent source filter is not initialized
I2026-10-07 11:27:37.178421 ( 3584) [INFO] [VCAMDS] Creating WndMsg Listener Window
I2026-10-07 11:27:37.182425 ( 3584) [INFO] [VCAMDS] Destroying parent object
I2026-10-07 11:27:37.183426 ( 3584) [INFO] [VCAMDS] Destroying WndMsg Listener Window
I2026-10-07 11:27:37.184425 ( 3584) [INFO] [VCAMDS] Destroyed window
I2026-10-07 11:27:37.185928 ( 3584) [INFO] [VCAMDS] Unregistered window class
I2026-10-07 11:27:37.185928 ( 3584) [INFO] [VCAMDS] NvMxnCltShmConsumer Skip removing app tracker DLL loaded status. Parent source filter is not initialized
I2026-10-07 11:27:39.193903 ( 3584) [INFO] [VCAMDS] Creating WndMsg Listener Window
I2026-10-07 11:27:39.206869 ( 3584) [INFO] [VCAMDS] Destroying parent object
I2026-10-07 11:27:39.206869 ( 3584) [INFO] [VCAMDS] Destroying WndMsg Listener Window
I2026-10-07 11:27:39.207870 ( 3584) [INFO] [VCAMDS] Destroyed window
I2026-10-07 11:27:39.208869 ( 3584) [INFO] [VCAMDS] Unregistered window class
I2026-10-07 11:27:39.208869 ( 3584) [INFO] [VCAMDS] NvMxnCltShmConsumer Skip removing app tracker DLL loaded status. Parent source filter is not initialized
I2026-10-07 11:27:41.215536 ( 3584) [INFO] [VCAMDS] Creating WndMsg Listener Window
I2026-10-07 11:27:41.218546 ( 3584) [INFO] [VCAMDS] Destroying parent object
I2026-10-07 11:27:41.219547 ( 3584) [INFO] [VCAMDS] Destroying WndMsg Listener Window
I2026-10-07 11:27:41.220546 ( 3584) [INFO] [VCAMDS] Destroyed window
I2026-10-07 11:27:41.220546 ( 3584) [INFO] [VCAMDS] Unregistered window class
I2026-10-07 11:27:41.220546 ( 3584) [INFO] [VCAMDS] NvMxnCltShmConsumer Skip removing app tracker DLL loaded status. Parent source filter is not initialized
I2026-10-07 11:27:43.226744 ( 3584) [INFO] [VCAMDS] Creating WndMsg Listener Window
I2026-10-07 11:27:43.229736 ( 3584) [INFO] [VCAMDS] Destroying parent object
I2026-10-07 11:27:43.229736 ( 3584) [INFO] [VCAMDS] Destroying WndMsg Listener Window
I2026-10-07 11:27:43.230753 ( 3584) [INFO] [VCAMDS] Destroyed window
I2026-10-07 11:27:43.232559 ( 3584) [INFO] [VCAMDS] Unregistered window class
I2026-10-07 11:27:43.232559 ( 3584) [INFO] [VCAMDS] NvMxnCltShmConsumer Skip removing app tracker DLL loaded status. Parent source filter is not initialized
I2026-10-07 11:27:45.238607 ( 3584) [INFO] [VCAMDS] Creating WndMsg Listener Window
I2026-10-07 11:27:45.242871 ( 3584) [INFO] [VCAMDS] Destroying parent object
I2026-10-07 11:27:45.243865 ( 3584) [INFO] [VCAMDS] Destroying WndMsg Listener Window
I2026-10-07 11:27:45.246932 ( 3584) [INFO] [VCAMDS] Destroyed window
I2026-10-07 11:27:45.246932 ( 3584) [INFO] [VCAMDS] Unregistered window class
I2026-10-07 11:27:45.247946 ( 3584) [INFO] [VCAMDS] NvMxnCltShmConsumer Skip removing app tracker DLL loaded status. Parent source filter is not initialized
I2026-10-07 11:27:47.254545 ( 3584) [INFO] [VCAMDS] Creating WndMsg Listener Window
I2026-10-07 11:27:47.267258 ( 3584) [INFO] [VCAMDS] Destroying parent object
I2026-10-07 11:27:47.268553 ( 3584) [INFO] [VCAMDS] Destroying WndMsg Listener Window
I2026-10-07 11:27:47.268553 ( 3584) [INFO] [VCAMDS] Destroyed window
I2026-10-07 11:27:47.269555 ( 3584) [INFO] [VCAMDS] Unregistered window class
I2026-10-07 11:27:47.269555 ( 3584) [INFO] [VCAMDS] NvMxnCltShmConsumer Skip removing app tracker DLL loaded status. Parent source filter is not initialized
I2026-10-07 11:27:49.274416 ( 3584) [INFO] [VCAMDS] Creating WndMsg Listener Window
I2026-10-07 11:27:49.278041 ( 3584) [INFO] [VCAMDS] Destroying parent object
I2026-10-07 11:27:49.279031 ( 3584) [INFO] [VCAMDS] Destroying WndMsg Listener Window
I2026-10-07 11:27:49.279031 ( 3584) [INFO] [VCAMDS] Destroyed window
I2026-10-07 11:27:49.280032 ( 3584) [INFO] [VCAMDS] Unregistered window class
I2026-10-07 11:27:49.280032 ( 3584) [INFO] [VCAMDS] NvMxnCltShmConsumer Skip removing app tracker DLL loaded status. Parent source filter is not initialized
I2026-10-07 11:27:51.284741 ( 3584) [INFO] [VCAMDS] Creating WndMsg Listener Window
I2026-10-07 11:27:51.288982 ( 3584) [INFO] [VCAMDS] Destroying parent object
I2026-10-07 11:27:51.288982 ( 3584) [INFO] [VCAMDS] Destroying WndMsg Listener Window
I2026-10-07 11:27:51.290179 ( 3584) [INFO] [VCAMDS] Destroyed window
I2026-10-07 11:27:51.290179 ( 3584) [INFO] [VCAMDS] Unregistered window class
I2026-10-07 11:27:51.290179 ( 3584) [INFO] [VCAMDS] NvMxnCltShmConsumer Skip removing app tracker DLL loaded status. Parent source filter is not initialized
I2026-10-07 11:27:53.296717 ( 3584) [INFO] [VCAMDS] Creating WndMsg Listener Window
I2026-10-07 11:27:53.300716 ( 3584) [INFO] [VCAMDS] Destroying parent object
I2026-10-07 11:27:53.300716 ( 3584) [INFO] [VCAMDS] Destroying WndMsg Listener Window
I2026-10-07 11:27:53.301716 ( 3584) [INFO] [VCAMDS] Destroyed window
I2026-10-07 11:27:53.302716 ( 3584) [INFO] [VCAMDS] Unregistered window class
I2026-10-07 11:27:53.302716 ( 3584) [INFO] [VCAMDS] NvMxnCltShmConsumer Skip removing app tracker DLL loaded status. Parent source filter is not initialized
I2026-10-07 11:27:55.308519 ( 3584) [INFO] [VCAMDS] Creating WndMsg Listener Window
I2026-10-07 11:27:55.320858 ( 3584) [INFO] [VCAMDS] Destroying parent object
I2026-10-07 11:27:55.320858 ( 3584) [INFO] [VCAMDS] Destroying WndMsg Listener Window
I2026-10-07 11:27:55.321851 ( 3584) [INFO] [VCAMDS] Destroyed window
I2026-10-07 11:27:55.321851 ( 3584) [INFO] [VCAMDS] Unregistered window class
I2026-10-07 11:27:55.321851 ( 3584) [INFO] [VCAMDS] NvMxnCltShmConsumer Skip removing app tracker DLL loaded status. Parent source filter is not initialized
I2026-10-07 11:27:57.327529 ( 3584) [INFO] [VCAMDS] Creating WndMsg Listener Window
I2026-10-07 11:27:57.339265 ( 3584) [INFO] [VCAMDS] Destroying parent object
I2026-10-07 11:27:57.339265 ( 3584) [INFO] [VCAMDS] Destroying WndMsg Listener Window
I2026-10-07 11:27:57.340265 ( 3584) [INFO] [VCAMDS] Destroyed window
I2026-10-07 11:27:57.340265 ( 3584) [INFO] [VCAMDS] Unregistered window class
I2026-10-07 11:27:57.340265 ( 3584) [INFO] [VCAMDS] NvMxnCltShmConsumer Skip removing app tracker DLL loaded status. Parent source filter is not initialized
I2026-10-07 11:27:59.346745 ( 3584) [INFO] [VCAMDS] Creating WndMsg Listener Window
I2026-10-07 11:27:59.359055 ( 3584) [INFO] [VCAMDS] Destroying parent object
I2026-10-07 11:27:59.360234 ( 3584) [INFO] [VCAMDS] Destroying WndMsg Listener Window
I2026-10-07 11:27:59.361233 ( 3584) [INFO] [VCAMDS] Destroyed window
I2026-10-07 11:27:59.361233 ( 3584) [INFO] [VCAMDS] Unregistered window class
I2026-10-07 11:27:59.362233 ( 3584) [INFO] [VCAMDS] NvMxnCltShmConsumer Skip removing app tracker DLL loaded status. Parent source filter is not initialized
I2026-10-07 11:28:01.367755 ( 3584) [INFO] [VCAMDS] Creating WndMsg Listener Window
I2026-10-07 11:28:01.380229 ( 3584) [INFO] [VCAMDS] Destroying parent object
I2026-10-07 11:28:01.380229 ( 3584) [INFO] [VCAMDS] Destroying WndMsg Listener Window
I2026-10-07 11:28:01.381227 ( 3584) [INFO] [VCAMDS] Destroyed window
I2026-10-07 11:28:01.381227 ( 3584) [INFO] [VCAMDS] Unregistered window class
I2026-10-07 11:28:01.381227 ( 3584) [INFO] [VCAMDS] NvMxnCltShmConsumer Skip removing app tracker DLL loaded status. Parent source filter is not initialized
I2026-10-07 11:28:03.387043 ( 3584) [INFO] [VCAMDS] Creating WndMsg Listener Window
I2026-10-07 11:28:03.389043 ( 3584) [INFO] [VCAMDS] Destroying parent object
I2026-10-07 11:28:03.389043 ( 3584) [INFO] [VCAMDS] Destroying WndMsg Listener Window
I2026-10-07 11:28:03.390043 ( 3584) [INFO] [VCAMDS] Destroyed window
I2026-10-07 11:28:03.390043 ( 3584) [INFO] [VCAMDS] Unregistered window class
I2026-10-07 11:28:03.390043 ( 3584) [INFO] [VCAMDS] NvMxnCltShmConsumer Skip removing app tracker DLL loaded status. Parent source filter is not initialized
I2026-10-07 11:28:05.395669 ( 3584) [INFO] [VCAMDS] Creating WndMsg Listener Window
I2026-10-07 11:28:05.398674 ( 3584) [INFO] [VCAMDS] Destroying parent object
I2026-10-07 11:28:05.399682 ( 3584) [INFO] [VCAMDS] Destroying WndMsg Listener Window
I2026-10-07 11:28:05.400676 ( 3584) [INFO] [VCAMDS] Destroyed window
I2026-10-07 11:28:05.401674 ( 3584) [INFO] [VCAMDS] Unregistered window class
I2026-10-07 11:28:05.401674 ( 3584) [INFO] [VCAMDS] NvMxnCltShmConsumer Skip removing app tracker DLL loaded status. Parent source filter is not initialized
I2026-10-07 11:28:07.408936 ( 3584) [INFO] [VCAMDS] Creating WndMsg Listener Window
I2026-10-07 11:28:07.410933 ( 3584) [INFO] [VCAMDS] Destroying parent object
I2026-10-07 11:28:07.411940 ( 3584) [INFO] [VCAMDS] Destroying WndMsg Listener Window
I2026-10-07 11:28:07.411940 ( 3584) [INFO] [VCAMDS] Destroyed window
I2026-10-07 11:28:07.411940 ( 3584) [INFO] [VCAMDS] Unregistered window class
I2026-10-07 11:28:07.412935 ( 3584) [INFO] [VCAMDS] NvMxnCltShmConsumer Skip removing app tracker DLL loaded status. Parent source filter is not initialized
I2026-10-07 11:28:09.418207 ( 3584) [INFO] [VCAMDS] Creating WndMsg Listener Window
I2026-10-07 11:28:09.421216 ( 3584) [INFO] [VCAMDS] Destroying parent object
I2026-10-07 11:28:09.421216 ( 3584) [INFO] [VCAMDS] Destroying WndMsg Listener Window
I2026-10-07 11:28:09.422206 ( 3584) [INFO] [VCAMDS] Destroyed window
I2026-10-07 11:28:09.422206 ( 3584) [INFO] [VCAMDS] Unregistered window class
I2026-10-07 11:28:09.422206 ( 3584) [INFO] [VCAMDS] NvMxnCltShmConsumer Skip removing app tracker DLL loaded status. Parent source filter is not initialized
I2026-10-07 11:28:11.427047 ( 3584) [INFO] [VCAMDS] Creating WndMsg Listener Window
I2026-10-07 11:28:11.431046 ( 3584) [INFO] [VCAMDS] Destroying parent object
I2026-10-07 11:28:11.431046 ( 3584) [INFO] [VCAMDS] Destroying WndMsg Listener Window
I2026-10-07 11:28:11.432047 ( 3584) [INFO] [VCAMDS] Destroyed window
I2026-10-07 11:28:11.432047 ( 3584) [INFO] [VCAMDS] Unregistered window class
I2026-10-07 11:28:11.432047 ( 3584) [INFO] [VCAMDS] NvMxnCltShmConsumer Skip removing app tracker DLL loaded status. Parent source filter is not initialized
I2026-10-07 11:28:13.437902 ( 3584) [INFO] [VCAMDS] Creating WndMsg Listener Window
I2026-10-07 11:28:13.451661 ( 3584) [INFO] [VCAMDS] Destroying parent object
I2026-10-07 11:28:13.451661 ( 3584) [INFO] [VCAMDS] Destroying WndMsg Listener Window
I2026-10-07 11:28:13.452661 ( 3584) [INFO] [VCAMDS] Destroyed window
I2026-10-07 11:28:13.454107 ( 3584) [INFO] [VCAMDS] Unregistered window class
I2026-10-07 11:28:13.454107 ( 3584) [INFO] [VCAMDS] NvMxnCltShmConsumer Skip removing app tracker DLL loaded status. Parent source filter is not initialized
I2026-10-07 11:28:15.460024 ( 3584) [INFO] [VCAMDS] Creating WndMsg Listener Window
I2026-10-07 11:28:15.463028 ( 3584) [INFO] [VCAMDS] Destroying parent object
I2026-10-07 11:28:15.464021 ( 3584) [INFO] [VCAMDS] Destroying WndMsg Listener Window
I2026-10-07 11:28:15.465025 ( 3584) [INFO] [VCAMDS] Destroyed window
I2026-10-07 11:28:15.465025 ( 3584) [INFO] [VCAMDS] Unregistered window class
I2026-10-07 11:28:15.466022 ( 3584) [INFO] [VCAMDS] NvMxnCltShmConsumer Skip removing app tracker DLL loaded status. Parent source filter is not initialized
I2026-10-07 11:28:17.471720 ( 3584) [INFO] [VCAMDS] Creating WndMsg Listener Window
I2026-10-07 11:28:17.474228 ( 3584) [INFO] [VCAMDS] Destroying parent object
I2026-10-07 11:28:17.475732 ( 3584) [INFO] [VCAMDS] Destroying WndMsg Listener Window
I2026-10-07 11:28:17.475732 ( 3584) [INFO] [VCAMDS] Destroyed window
I2026-10-07 11:28:17.476737 ( 3584) [INFO] [VCAMDS] Unregistered window class
I2026-10-07 11:28:17.476737 ( 3584) [INFO] [VCAMDS] NvMxnCltShmConsumer Skip removing app tracker DLL loaded status. Parent source filter is not initialized
I2026-10-07 11:28:19.482600 ( 3584) [INFO] [VCAMDS] Creating WndMsg Listener Window
I2026-10-07 11:28:19.496708 ( 3584) [INFO] [VCAMDS] Destroying parent object
I2026-10-07 11:28:19.497709 ( 3584) [INFO] [VCAMDS] Destroying WndMsg Listener Window
I2026-10-07 11:28:19.497709 ( 3584) [INFO] [VCAMDS] Destroyed window
I2026-10-07 11:28:19.498709 ( 3584) [INFO] [VCAMDS] Unregistered window class
I2026-10-07 11:28:19.498709 ( 3584) [INFO] [VCAMDS] NvMxnCltShmConsumer Skip removing app tracker DLL loaded status. Parent source filter is not initialized
I2026-10-07 11:28:21.504099 ( 3584) [INFO] [VCAMDS] Creating WndMsg Listener Window
I2026-10-07 11:28:21.507618 ( 3584) [INFO] [VCAMDS] Destroying parent object
I2026-10-07 11:28:21.507618 ( 3584) [INFO] [VCAMDS] Destroying WndMsg Listener Window
I2026-10-07 11:28:21.509610 ( 3584) [INFO] [VCAMDS] Destroyed window
I2026-10-07 11:28:21.510614 ( 3584) [INFO] [VCAMDS] Unregistered window class
I2026-10-07 11:28:21.510614 ( 3584) [INFO] [VCAMDS] NvMxnCltShmConsumer Skip removing app tracker DLL loaded status. Parent source filter is not initialized
I2026-10-07 11:28:23.519881 ( 3584) [INFO] [VCAMDS] Creating WndMsg Listener Window
I2026-10-07 11:28:23.523883 ( 3584) [INFO] [VCAMDS] Destroying parent object
I2026-10-07 11:28:23.523883 ( 3584) [INFO] [VCAMDS] Destroying WndMsg Listener Window
I2026-10-07 11:28:23.525882 ( 3584) [INFO] [VCAMDS] Destroyed window
I2026-10-07 11:28:23.525882 ( 3584) [INFO] [VCAMDS] Unregistered window class
I2026-10-07 11:28:23.525882 ( 3584) [INFO] [VCAMDS] NvMxnCltShmConsumer Skip removing app tracker DLL loaded status. Parent source filter is not initialized
I2026-10-07 11:28:25.532943 ( 3584) [INFO] [VCAMDS] Creating WndMsg Listener Window
I2026-10-07 11:28:25.536538 ( 3584) [INFO] [VCAMDS] Destroying parent object
I2026-10-07 11:28:25.536538 ( 3584) [INFO] [VCAMDS] Destroying WndMsg Listener Window
I2026-10-07 11:28:25.537536 ( 3584) [INFO] [VCAMDS] Destroyed window
I2026-10-07 11:28:25.537536 ( 3584) [INFO] [VCAMDS] Unregistered window class
I2026-10-07 11:28:25.537536 ( 3584) [INFO] [VCAMDS] NvMxnCltShmConsumer Skip removing app tracker DLL loaded status. Parent source filter is not initialized
I2026-10-07 11:28:27.544179 ( 3584) [INFO] [VCAMDS] Creating WndMsg Listener Window
I2026-10-07 11:28:27.556900 ( 3584) [INFO] [VCAMDS] Destroying parent object
I2026-10-07 11:28:27.557906 ( 3584) [INFO] [VCAMDS] Destroying WndMsg Listener Window
I2026-10-07 11:28:27.558905 ( 3584) [INFO] [VCAMDS] Destroyed window
I2026-10-07 11:28:27.558905 ( 3584) [INFO] [VCAMDS] Unregistered window class
I2026-10-07 11:28:27.559907 ( 3584) [INFO] [VCAMDS] NvMxnCltShmConsumer Skip removing app tracker DLL loaded status. Parent source filter is not initialized
I2026-10-07 11:28:29.565945 ( 3584) [INFO] [VCAMDS] Creating WndMsg Listener Window
I2026-10-07 11:28:29.569953 ( 3584) [INFO] [VCAMDS] Destroying parent object
I2026-10-07 11:28:29.569953 ( 3584) [INFO] [VCAMDS] Destroying WndMsg Listener Window
I2026-10-07 11:28:29.570953 ( 3584) [INFO] [VCAMDS] Destroyed window
I2026-10-07 11:28:29.571955 ( 3584) [INFO] [VCAMDS] Unregistered window class
I2026-10-07 11:28:29.571955 ( 3584) [INFO] [VCAMDS] NvMxnCltShmConsumer Skip removing app tracker DLL loaded status. Parent source filter is not initialized
I2026-10-07 11:28:31.578331 ( 3584) [INFO] [VCAMDS] Creating WndMsg Listener Window
I2026-10-07 11:28:31.590474 ( 3584) [INFO] [VCAMDS] Destroying parent object
I2026-10-07 11:28:31.591464 ( 3584) [INFO] [VCAMDS] Destroying WndMsg Listener Window
I2026-10-07 11:28:31.592463 ( 3584) [INFO] [VCAMDS] Destroyed window
I2026-10-07 11:28:31.592463 ( 3584) [INFO] [VCAMDS] Unregistered window class
I2026-10-07 11:28:31.592463 ( 3584) [INFO] [VCAMDS] NvMxnCltShmConsumer Skip removing app tracker DLL loaded status. Parent source filter is not initialized
I2026-10-07 11:28:33.597662 ( 3584) [INFO] [VCAMDS] Creating WndMsg Listener Window
I2026-10-07 11:28:33.609848 ( 3584) [INFO] [VCAMDS] Destroying parent object
I2026-10-07 11:28:33.609848 ( 3584) [INFO] [VCAMDS] Destroying WndMsg Listener Window
I2026-10-07 11:28:33.610848 ( 3584) [INFO] [VCAMDS] Destroyed window
I2026-10-07 11:28:33.610848 ( 3584) [INFO] [VCAMDS] Unregistered window class
I2026-10-07 11:28:33.610848 ( 3584) [INFO] [VCAMDS] NvMxnCltShmConsumer Skip removing app tracker DLL loaded status. Parent source filter is not initialized
I2026-10-07 11:28:35.617475 ( 3584) [INFO] [VCAMDS] Creating WndMsg Listener Window
I2026-10-07 11:28:35.628096 ( 3584) [INFO] [VCAMDS] Destroying parent object
I2026-10-07 11:28:35.628096 ( 3584) [INFO] [VCAMDS] Destroying WndMsg Listener Window
I2026-10-07 11:28:35.629088 ( 3584) [INFO] [VCAMDS] Destroyed window
I2026-10-07 11:28:35.629088 ( 3584) [INFO] [VCAMDS] Unregistered window class
I2026-10-07 11:28:35.629088 ( 3584) [INFO] [VCAMDS] NvMxnCltShmConsumer Skip removing app tracker DLL loaded status. Parent source filter is not initialized
I2026-10-07 11:28:37.635811 ( 3584) [INFO] [VCAMDS] Creating WndMsg Listener Window
I2026-10-07 11:28:37.639094 ( 3584) [INFO] [VCAMDS] Destroying parent object
I2026-10-07 11:28:37.640089 ( 3584) [INFO] [VCAMDS] Destroying WndMsg Listener Window
I2026-10-07 11:28:37.642086 ( 3584) [INFO] [VCAMDS] Destroyed window
I2026-10-07 11:28:37.642086 ( 3584) [INFO] [VCAMDS] Unregistered window class
I2026-10-07 11:28:37.642086 ( 3584) [INFO] [VCAMDS] NvMxnCltShmConsumer Skip removing app tracker DLL loaded status. Parent source filter is not initialized
I2026-10-07 11:28:39.651921 ( 3584) [INFO] [VCAMDS] Creating WndMsg Listener Window
I2026-10-07 11:28:39.656417 ( 3584) [INFO] [VCAMDS] Destroying parent object
I2026-10-07 11:28:39.656417 ( 3584) [INFO] [VCAMDS] Destroying WndMsg Listener Window
I2026-10-07 11:28:39.657431 ( 3584) [INFO] [VCAMDS] Destroyed window
I2026-10-07 11:28:39.658422 ( 3584) [INFO] [VCAMDS] Unregistered window class
I2026-10-07 11:28:39.658422 ( 3584) [INFO] [VCAMDS] NvMxnCltShmConsumer Skip removing app tracker DLL loaded status. Parent source filter is not initialized
I2026-10-07 11:28:41.663941 ( 3584) [INFO] [VCAMDS] Creating WndMsg Listener Window
I2026-10-07 11:28:41.669046 ( 3584) [INFO] [VCAMDS] Destroying parent object
I2026-10-07 11:28:41.669046 ( 3584) [INFO] [VCAMDS] Destroying WndMsg Listener Window
I2026-10-07 11:28:41.670046 ( 3584) [INFO] [VCAMDS] Destroyed window
I2026-10-07 11:28:41.670046 ( 3584) [INFO] [VCAMDS] Unregistered window class
I2026-10-07 11:28:41.671047 ( 3584) [INFO] [VCAMDS] NvMxnCltShmConsumer Skip removing app tracker DLL loaded status. Parent source filter is not initialized
I2026-10-07 11:28:43.678012 ( 3584) [INFO] [VCAMDS] Creating WndMsg Listener Window
I2026-10-07 11:28:43.682019 ( 3584) [INFO] [VCAMDS] Destroying parent object
I2026-10-07 11:28:43.683018 ( 3584) [INFO] [VCAMDS] Destroying WndMsg Listener Window
I2026-10-07 11:28:43.684301 ( 3584) [INFO] [VCAMDS] Destroyed window
I2026-10-07 11:28:43.685712 ( 3584) [INFO] [VCAMDS] Unregistered window class
I2026-10-07 11:28:43.685712 ( 3584) [INFO] [VCAMDS] NvMxnCltShmConsumer Skip removing app tracker DLL loaded status. Parent source filter is not initialized
I2026-10-07 11:28:45.693965 ( 3584) [INFO] [VCAMDS] Creating WndMsg Listener Window
I2026-10-07 11:28:45.698565 ( 3584) [INFO] [VCAMDS] Destroying parent object
I2026-10-07 11:28:45.699563 ( 3584) [INFO] [VCAMDS] Destroying WndMsg Listener Window
I2026-10-07 11:28:45.700563 ( 3584) [INFO] [VCAMDS] Destroyed window
I2026-10-07 11:28:45.701560 ( 3584) [INFO] [VCAMDS] Unregistered window class
I2026-10-07 11:28:45.701560 ( 3584) [INFO] [VCAMDS] NvMxnCltShmConsumer Skip removing app tracker DLL loaded status. Parent source filter is not initialized
I2026-10-07 11:28:47.709362 ( 3584) [INFO] [VCAMDS] Creating WndMsg Listener Window
I2026-10-07 11:28:47.713363 ( 3584) [INFO] [VCAMDS] Destroying parent object
I2026-10-07 11:28:47.713363 ( 3584) [INFO] [VCAMDS] Destroying WndMsg Listener Window
I2026-10-07 11:28:47.714361 ( 3584) [INFO] [VCAMDS] Destroyed window
I2026-10-07 11:28:47.714361 ( 3584) [INFO] [VCAMDS] Unregistered window class
I2026-10-07 11:28:47.714361 ( 3584) [INFO] [VCAMDS] NvMxnCltShmConsumer Skip removing app tracker DLL loaded status. Parent source filter is not initialized
I2026-10-07 11:28:49.722560 ( 3584) [INFO] [VCAMDS] Creating WndMsg Listener Window
I2026-10-07 11:28:49.725564 ( 3584) [INFO] [VCAMDS] Destroying parent object
I2026-10-07 11:28:49.726070 ( 3584) [INFO] [VCAMDS] Destroying WndMsg Listener Window
I2026-10-07 11:28:49.727234 ( 3584) [INFO] [VCAMDS] Destroyed window
I2026-10-07 11:28:49.728240 ( 3584) [INFO] [VCAMDS] Unregistered window class
I2026-10-07 11:28:49.728240 ( 3584) [INFO] [VCAMDS] NvMxnCltShmConsumer Skip removing app tracker DLL loaded status. Parent source filter is not initialized
I2026-10-07 11:28:51.737556 ( 3584) [INFO] [VCAMDS] Creating WndMsg Listener Window
I2026-10-07 11:28:51.741559 ( 3584) [INFO] [VCAMDS] Destroying parent object
I2026-10-07 11:28:51.741559 ( 3584) [INFO] [VCAMDS] Destroying WndMsg Listener Window
I2026-10-07 11:28:51.743546 ( 3584) [INFO] [VCAMDS] Destroyed window
I2026-10-07 11:28:51.743546 ( 3584) [INFO] [VCAMDS] Unregistered window class
I2026-10-07 11:28:51.744546 ( 3584) [INFO] [VCAMDS] NvMxnCltShmConsumer Skip removing app tracker DLL loaded status. Parent source filter is not initialized
I2026-10-07 11:28:53.754180 ( 3584) [INFO] [VCAMDS] Creating WndMsg Listener Window
I2026-10-07 11:28:53.758725 ( 3584) [INFO] [VCAMDS] Destroying parent object
I2026-10-07 11:28:53.759722 ( 3584) [INFO] [VCAMDS] Destroying WndMsg Listener Window
I2026-10-07 11:28:53.760725 ( 3584) [INFO] [VCAMDS] Destroyed window
I2026-10-07 11:28:53.761723 ( 3584) [INFO] [VCAMDS] Unregistered window class
I2026-10-07 11:28:53.761723 ( 3584) [INFO] [VCAMDS] NvMxnCltShmConsumer Skip removing app tracker DLL loaded status. Parent source filter is not initialized
I2026-10-07 11:28:55.770709 ( 3584) [INFO] [VCAMDS] Creating WndMsg Listener Window
I2026-10-07 11:28:55.773708 ( 3584) [INFO] [VCAMDS] Destroying parent object
I2026-10-07 11:28:55.774708 ( 3584) [INFO] [VCAMDS] Destroying WndMsg Listener Window
I2026-10-07 11:28:55.775708 ( 3584) [INFO] [VCAMDS] Destroyed window
I2026-10-07 11:28:55.776795 ( 3584) [INFO] [VCAMDS] Unregistered window class
I2026-10-07 11:28:55.776795 ( 3584) [INFO] [VCAMDS] NvMxnCltShmConsumer Skip removing app tracker DLL loaded status. Parent source filter is not initialized
I2026-10-07 11:28:57.786994 ( 3584) [INFO] [VCAMDS] Creating WndMsg Listener Window
I2026-10-07 11:28:57.790998 ( 3584) [INFO] [VCAMDS] Destroying parent object
I2026-10-07 11:28:57.790998 ( 3584) [INFO] [VCAMDS] Destroying WndMsg Listener Window
I2026-10-07 11:28:57.792999 ( 3584) [INFO] [VCAMDS] Destroyed window
I2026-10-07 11:28:57.792999 ( 3584) [INFO] [VCAMDS] Unregistered window class
I2026-10-07 11:28:57.793999 ( 3584) [INFO] [VCAMDS] NvMxnCltShmConsumer Skip removing app tracker DLL loaded status. Parent source filter is not initialized
I2026-10-07 11:28:59.803448 ( 3584) [INFO] [VCAMDS] Creating WndMsg Listener Window
I2026-10-07 11:28:59.807976 ( 3584) [INFO] [VCAMDS] Destroying parent object
I2026-10-07 11:28:59.808977 ( 3584) [INFO] [VCAMDS] Destroying WndMsg Listener Window
I2026-10-07 11:28:59.809976 ( 3584) [INFO] [VCAMDS] Destroyed window
I2026-10-07 11:28:59.810976 ( 3584) [INFO] [VCAMDS] Unregistered window class
I2026-10-07 11:28:59.810976 ( 3584) [INFO] [VCAMDS] NvMxnCltShmConsumer Skip removing app tracker DLL loaded status. Parent source filter is not initialized
I2026-10-07 11:29:01.820955 ( 3584) [INFO] [VCAMDS] Creating WndMsg Listener Window
I2026-10-07 11:29:01.824471 ( 3584) [INFO] [VCAMDS] Destroying parent object
I2026-10-07 11:29:01.825975 ( 3584) [INFO] [VCAMDS] Destroying WndMsg Listener Window
I2026-10-07 11:29:01.827991 ( 3584) [INFO] [VCAMDS] Destroyed window
I2026-10-07 11:29:01.829989 ( 3584) [INFO] [VCAMDS] Unregistered window class
I2026-10-07 11:29:01.829989 ( 3584) [INFO] [VCAMDS] NvMxnCltShmConsumer Skip removing app tracker DLL loaded status. Parent source filter is not initialized
I2026-10-07 11:29:03.839869 ( 3584) [INFO] [VCAMDS] Creating WndMsg Listener Window
I2026-10-07 11:29:03.843242 ( 3584) [INFO] [VCAMDS] Destroying parent object
I2026-10-07 11:29:03.843242 ( 3584) [INFO] [VCAMDS] Destroying WndMsg Listener Window
I2026-10-07 11:29:03.844244 ( 3584) [INFO] [VCAMDS] Destroyed window
I2026-10-07 11:29:03.845834 ( 3584) [INFO] [VCAMDS] Unregistered window class
I2026-10-07 11:29:03.845834 ( 3584) [INFO] [VCAMDS] NvMxnCltShmConsumer Skip removing app tracker DLL loaded status. Parent source filter is not initialized
I2026-10-07 11:29:05.854609 ( 3584) [INFO] [VCAMDS] Creating WndMsg Listener Window
I2026-10-07 11:29:05.858631 ( 3584) [INFO] [VCAMDS] Destroying parent object
I2026-10-07 11:29:05.858631 ( 3584) [INFO] [VCAMDS] Destroying WndMsg Listener Window
I2026-10-07 11:29:05.860873 ( 3584) [INFO] [VCAMDS] Destroyed window
I2026-10-07 11:29:05.861377 ( 3584) [INFO] [VCAMDS] Unregistered window class
I2026-10-07 11:29:05.861377 ( 3584) [INFO] [VCAMDS] NvMxnCltShmConsumer Skip removing app tracker DLL loaded status. Parent source filter is not initialized
I2026-10-07 11:29:07.869843 ( 3584) [INFO] [VCAMDS] Creating WndMsg Listener Window
I2026-10-07 11:29:07.874845 ( 3584) [INFO] [VCAMDS] Destroying parent object
I2026-10-07 11:29:07.875842 ( 3584) [INFO] [VCAMDS] Destroying WndMsg Listener Window
I2026-10-07 11:29:07.877862 ( 3584) [INFO] [VCAMDS] Destroyed window
I2026-10-07 11:29:07.878861 ( 3584) [INFO] [VCAMDS] Unregistered window class
I2026-10-07 11:29:07.878861 ( 3584) [INFO] [VCAMDS] NvMxnCltShmConsumer Skip removing app tracker DLL loaded status. Parent source filter is not initialized
I2026-10-07 11:29:09.888530 ( 3584) [INFO] [VCAMDS] Creating WndMsg Listener Window
I2026-10-07 11:29:09.894215 ( 3584) [INFO] [VCAMDS] Destroying parent object
I2026-10-07 11:29:09.894215 ( 3584) [INFO] [VCAMDS] Destroying WndMsg Listener Window
I2026-10-07 11:29:09.895721 ( 3584) [INFO] [VCAMDS] Destroyed window
I2026-10-07 11:29:09.895721 ( 3584) [INFO] [VCAMDS] Unregistered window class
I2026-10-07 11:29:09.895721 ( 3584) [INFO] [VCAMDS] NvMxnCltShmConsumer Skip removing app tracker DLL loaded status. Parent source filter is not initialized
I2026-10-07 11:29:11.905920 ( 3584) [INFO] [VCAMDS] Creating WndMsg Listener Window
I2026-10-07 11:29:11.909444 ( 3584) [INFO] [VCAMDS] Destroying parent object
I2026-10-07 11:29:11.909444 ( 3584) [INFO] [VCAMDS] Destroying WndMsg Listener Window
I2026-10-07 11:29:11.911955 ( 3584) [INFO] [VCAMDS] Destroyed window
I2026-10-07 11:29:11.911955 ( 3584) [INFO] [VCAMDS] Unregistered window class
I2026-10-07 11:29:11.911955 ( 3584) [INFO] [VCAMDS] NvMxnCltShmConsumer Skip removing app tracker DLL loaded status. Parent source filter is not initialized
I2026-10-07 11:29:13.920598 ( 3584) [INFO] [VCAMDS] Creating WndMsg Listener Window
I2026-10-07 11:29:13.926103 ( 3584) [INFO] [VCAMDS] Destroying parent object
I2026-10-07 11:29:13.926103 ( 3584) [INFO] [VCAMDS] Destroying WndMsg Listener Window
I2026-10-07 11:29:13.928108 ( 3584) [INFO] [VCAMDS] Destroyed window
I2026-10-07 11:29:13.928108 ( 3584) [INFO] [VCAMDS] Unregistered window class
I2026-10-07 11:29:13.928108 ( 3584) [INFO] [VCAMDS] NvMxnCltShmConsumer Skip removing app tracker DLL loaded status. Parent source filter is not initialized
I2026-10-07 11:29:15.935838 ( 3584) [INFO] [VCAMDS] Creating WndMsg Listener Window
I2026-10-07 11:29:15.940002 ( 3584) [INFO] [VCAMDS] Destroying parent object
I2026-10-07 11:29:15.940002 ( 3584) [INFO] [VCAMDS] Destroying WndMsg Listener Window
I2026-10-07 11:29:15.941684 ( 3584) [INFO] [VCAMDS] Destroyed window
I2026-10-07 11:29:15.941684 ( 3584) [INFO] [VCAMDS] Unregistered window class
I2026-10-07 11:29:15.942691 ( 3584) [INFO] [VCAMDS] NvMxnCltShmConsumer Skip removing app tracker DLL loaded status. Parent source filter is not initialized
I2026-10-07 11:29:17.952165 ( 3584) [INFO] [VCAMDS] Creating WndMsg Listener Window
I2026-10-07 11:29:17.957676 ( 3584) [INFO] [VCAMDS] Destroying parent object
I2026-10-07 11:29:17.957676 ( 3584) [INFO] [VCAMDS] Destroying WndMsg Listener Window
I2026-10-07 11:29:17.959730 ( 3584) [INFO] [VCAMDS] Destroyed window
I2026-10-07 11:29:17.959730 ( 3584) [INFO] [VCAMDS] Unregistered window class
I2026-10-07 11:29:17.960738 ( 3584) [INFO] [VCAMDS] NvMxnCltShmConsumer Skip removing app tracker DLL loaded status. Parent source filter is not initialized
I2026-10-07 11:29:19.971025 ( 3584) [INFO] [VCAMDS] Creating WndMsg Listener Window
I2026-10-07 11:29:19.976028 ( 3584) [INFO] [VCAMDS] Destroying parent object
I2026-10-07 11:29:19.976028 ( 3584) [INFO] [VCAMDS] Destroying WndMsg Listener Window
I2026-10-07 11:29:19.978529 ( 3584) [INFO] [VCAMDS] Destroyed window
I2026-10-07 11:29:19.978529 ( 3584) [INFO] [VCAMDS] Unregistered window class
I2026-10-07 11:29:19.979530 ( 3584) [INFO] [VCAMDS] NvMxnCltShmConsumer Skip removing app tracker DLL loaded status. Parent source filter is not initialized
I2026-10-07 11:29:21.987900 ( 3584) [INFO] [VCAMDS] Creating WndMsg Listener Window
I2026-10-07 11:29:21.992897 ( 3584) [INFO] [VCAMDS] Destroying parent object
I2026-10-07 11:29:21.992897 ( 3584) [INFO] [VCAMDS] Destroying WndMsg Listener Window
I2026-10-07 11:29:21.994899 ( 3584) [INFO] [VCAMDS] Destroyed window
I2026-10-07 11:29:21.995899 ( 3584) [INFO] [VCAMDS] Unregistered window class
I2026-10-07 11:29:21.995899 ( 3584) [INFO] [VCAMDS] NvMxnCltShmConsumer Skip removing app tracker DLL loaded status. Parent source filter is not initialized
I2026-10-07 11:29:24.002959 ( 3584) [INFO] [VCAMDS] Creating WndMsg Listener Window
I2026-10-07 11:29:24.007476 ( 3584) [INFO] [VCAMDS] Destroying parent object
I2026-10-07 11:29:24.008487 ( 3584) [INFO] [VCAMDS] Destroying WndMsg Listener Window
I2026-10-07 11:29:24.009485 ( 3584) [INFO] [VCAMDS] Destroyed window
I2026-10-07 11:29:24.010684 ( 3584) [INFO] [VCAMDS] Unregistered window class
I2026-10-07 11:29:24.010684 ( 3584) [INFO] [VCAMDS] NvMxnCltShmConsumer Skip removing app tracker DLL loaded status. Parent source filter is not initialized
I2026-10-07 11:29:26.023150 ( 3584) [INFO] [VCAMDS] Creating WndMsg Listener Window
I2026-10-07 11:29:26.027761 ( 3584) [INFO] [VCAMDS] Destroying parent object
I2026-10-07 11:29:26.028769 ( 3584) [INFO] [VCAMDS] Destroying WndMsg Listener Window
I2026-10-07 11:29:26.030114 ( 3584) [INFO] [VCAMDS] Destroyed window
I2026-10-07 11:29:26.030114 ( 3584) [INFO] [VCAMDS] Unregistered window class
I2026-10-07 11:29:26.031121 ( 3584) [INFO] [VCAMDS] NvMxnCltShmConsumer Skip removing app tracker DLL loaded status. Parent source filter is not initialized
I2026-10-07 11:29:28.040058 ( 3584) [INFO] [VCAMDS] Creating WndMsg Listener Window
I2026-10-07 11:29:28.046572 ( 3584) [INFO] [VCAMDS] Destroying parent object
I2026-10-07 11:29:28.046572 ( 3584) [INFO] [VCAMDS] Destroying WndMsg Listener Window
I2026-10-07 11:29:28.048574 ( 3584) [INFO] [VCAMDS] Destroyed window
I2026-10-07 11:29:28.048574 ( 3584) [INFO] [VCAMDS] Unregistered window class
I2026-10-07 11:29:28.048574 ( 3584) [INFO] [VCAMDS] NvMxnCltShmConsumer Skip removing app tracker DLL loaded status. Parent source filter is not initialized
I2026-10-07 11:29:30.057876 ( 3584) [INFO] [VCAMDS] Creating WndMsg Listener Window
I2026-10-07 11:29:30.060387 ( 3584) [INFO] [VCAMDS] Destroying parent object
I2026-10-07 11:29:30.060387 ( 3584) [INFO] [VCAMDS] Destroying WndMsg Listener Window
I2026-10-07 11:29:30.061388 ( 3584) [INFO] [VCAMDS] Destroyed window
I2026-10-07 11:29:30.061388 ( 3584) [INFO] [VCAMDS] Unregistered window class
I2026-10-07 11:29:30.061388 ( 3584) [INFO] [VCAMDS] NvMxnCltShmConsumer Skip removing app tracker DLL loaded status. Parent source filter is not initialized
I2026-10-07 11:29:32.069058 ( 3584) [INFO] [VCAMDS] Creating WndMsg Listener Window
I2026-10-07 11:29:32.073058 ( 3584) [INFO] [VCAMDS] Destroying parent object
I2026-10-07 11:29:32.073058 ( 3584) [INFO] [VCAMDS] Destroying WndMsg Listener Window
I2026-10-07 11:29:32.074062 ( 3584) [INFO] [VCAMDS] Destroyed window
I2026-10-07 11:29:32.074062 ( 3584) [INFO] [VCAMDS] Unregistered window class
I2026-10-07 11:29:32.074062 ( 3584) [INFO] [VCAMDS] NvMxnCltShmConsumer Skip removing app tracker DLL loaded status. Parent source filter is not initialized
I2026-10-07 11:29:34.080816 ( 3584) [INFO] [VCAMDS] Creating WndMsg Listener Window
I2026-10-07 11:29:34.085824 ( 3584) [INFO] [VCAMDS] Destroying parent object
I2026-10-07 11:29:34.086829 ( 3584) [INFO] [VCAMDS] Destroying WndMsg Listener Window
I2026-10-07 11:29:34.087831 ( 3584) [INFO] [VCAMDS] Destroyed window
I2026-10-07 11:29:34.088830 ( 3584) [INFO] [VCAMDS] Unregistered window class
I2026-10-07 11:29:34.088830 ( 3584) [INFO] [VCAMDS] NvMxnCltShmConsumer Skip removing app tracker DLL loaded status. Parent source filter is not initialized
I2026-10-07 11:29:36.097596 ( 3584) [INFO] [VCAMDS] Creating WndMsg Listener Window
I2026-10-07 11:29:36.101100 ( 3584) [INFO] [VCAMDS] Destroying parent object
I2026-10-07 11:29:36.102108 ( 3584) [INFO] [VCAMDS] Destroying WndMsg Listener Window
I2026-10-07 11:29:36.103107 ( 3584) [INFO] [VCAMDS] Destroyed window
I2026-10-07 11:29:36.103107 ( 3584) [INFO] [VCAMDS] Unregistered window class
I2026-10-07 11:29:36.104393 ( 3584) [INFO] [VCAMDS] NvMxnCltShmConsumer Skip removing app tracker DLL loaded status. Parent source filter is not initialized
I2026-10-07 11:29:38.111739 ( 3584) [INFO] [VCAMDS] Creating WndMsg Listener Window
I2026-10-07 11:29:38.114746 ( 3584) [INFO] [VCAMDS] Destroying parent object
I2026-10-07 11:29:38.115744 ( 3584) [INFO] [VCAMDS] Destroying WndMsg Listener Window
I2026-10-07 11:29:38.116767 ( 3584) [INFO] [VCAMDS] Destroyed window
I2026-10-07 11:29:38.116767 ( 3584) [INFO] [VCAMDS] Unregistered window class
I2026-10-07 11:29:38.116767 ( 3584) [INFO] [VCAMDS] NvMxnCltShmConsumer Skip removing app tracker DLL loaded status. Parent source filter is not initialized
I2026-10-07 11:29:40.126479 ( 3584) [INFO] [VCAMDS] Creating WndMsg Listener Window
I2026-10-07 11:29:40.129997 ( 3584) [INFO] [VCAMDS] Destroying parent object
I2026-10-07 11:29:40.129997 ( 3584) [INFO] [VCAMDS] Destroying WndMsg Listener Window
I2026-10-07 11:29:40.131501 ( 3584) [INFO] [VCAMDS] Destroyed window
I2026-10-07 11:29:40.131501 ( 3584) [INFO] [VCAMDS] Unregistered window class
I2026-10-07 11:29:40.132509 ( 3584) [INFO] [VCAMDS] NvMxnCltShmConsumer Skip removing app tracker DLL loaded status. Parent source filter is not initialized
I2026-10-07 11:29:42.141716 ( 3584) [INFO] [VCAMDS] Creating WndMsg Listener Window
I2026-10-07 11:29:42.144716 ( 3584) [INFO] [VCAMDS] Destroying parent object
I2026-10-07 11:29:42.145219 ( 3584) [INFO] [VCAMDS] Destroying WndMsg Listener Window
I2026-10-07 11:29:42.146297 ( 3584) [INFO] [VCAMDS] Destroyed window
I2026-10-07 11:29:42.146297 ( 3584) [INFO] [VCAMDS] Unregistered window class
I2026-10-07 11:29:42.147303 ( 3584) [INFO] [VCAMDS] NvMxnCltShmConsumer Skip removing app tracker DLL loaded status. Parent source filter is not initialized
I2026-10-07 11:29:44.154256 ( 3584) [INFO] [VCAMDS] Creating WndMsg Listener Window
I2026-10-07 11:29:44.160006 ( 3584) [INFO] [VCAMDS] Destroying parent object
I2026-10-07 11:29:44.160006 ( 3584) [INFO] [VCAMDS] Destroying WndMsg Listener Window
I2026-10-07 11:29:44.161011 ( 3584) [INFO] [VCAMDS] Destroyed window
I2026-10-07 11:29:44.161011 ( 3584) [INFO] [VCAMDS] Unregistered window class
I2026-10-07 11:29:44.162328 ( 3584) [INFO] [VCAMDS] NvMxnCltShmConsumer Skip removing app tracker DLL loaded status. Parent source filter is not initialized
I2026-10-07 11:29:46.173331 ( 3584) [INFO] [VCAMDS] Creating WndMsg Listener Window
I2026-10-07 11:29:46.178997 ( 3584) [INFO] [VCAMDS] Destroying parent object
I2026-10-07 11:29:46.178997 ( 3584) [INFO] [VCAMDS] Destroying WndMsg Listener Window
I2026-10-07 11:29:46.180997 ( 3584) [INFO] [VCAMDS] Destroyed window
I2026-10-07 11:29:46.180997 ( 3584) [INFO] [VCAMDS] Unregistered window class
I2026-10-07 11:29:46.180997 ( 3584) [INFO] [VCAMDS] NvMxnCltShmConsumer Skip removing app tracker DLL loaded status. Parent source filter is not initialized
I2026-10-07 11:29:48.191655 ( 3584) [INFO] [VCAMDS] Creating WndMsg Listener Window
I2026-10-07 11:29:48.195658 ( 3584) [INFO] [VCAMDS] Destroying parent object
I2026-10-07 11:29:48.195658 ( 3584) [INFO] [VCAMDS] Destroying WndMsg Listener Window
I2026-10-07 11:29:48.197170 ( 3584) [INFO] [VCAMDS] Destroyed window
I2026-10-07 11:29:48.197170 ( 3584) [INFO] [VCAMDS] Unregistered window class
I2026-10-07 11:29:48.197170 ( 3584) [INFO] [VCAMDS] NvMxnCltShmConsumer Skip removing app tracker DLL loaded status. Parent source filter is not initialized
I2026-10-07 11:29:50.205716 ( 3584) [INFO] [VCAMDS] Creating WndMsg Listener Window
I2026-10-07 11:29:50.208814 ( 3584) [INFO] [VCAMDS] Destroying parent object
I2026-10-07 11:29:50.208814 ( 3584) [INFO] [VCAMDS] Destroying WndMsg Listener Window
I2026-10-07 11:29:50.210813 ( 3584) [INFO] [VCAMDS] Destroyed window
I2026-10-07 11:29:50.210813 ( 3584) [INFO] [VCAMDS] Unregistered window class
I2026-10-07 11:29:50.210813 ( 3584) [INFO] [VCAMDS] NvMxnCltShmConsumer Skip removing app tracker DLL loaded status. Parent source filter is not initialized
I2026-10-07 11:29:52.222491 ( 3584) [INFO] [VCAMDS] Creating WndMsg Listener Window
I2026-10-07 11:29:52.227006 ( 3584) [INFO] [VCAMDS] Destroying parent object
I2026-10-07 11:29:52.227006 ( 3584) [INFO] [VCAMDS] Destroying WndMsg Listener Window
I2026-10-07 11:29:52.229015 ( 3584) [INFO] [VCAMDS] Destroyed window
I2026-10-07 11:29:52.229015 ( 3584) [INFO] [VCAMDS] Unregistered window class
I2026-10-07 11:29:52.230013 ( 3584) [INFO] [VCAMDS] NvMxnCltShmConsumer Skip removing app tracker DLL loaded status. Parent source filter is not initialized
I2026-10-07 11:29:54.236526 ( 3584) [INFO] [VCAMDS] Creating WndMsg Listener Window
I2026-10-07 11:29:54.240542 ( 3584) [INFO] [VCAMDS] Destroying parent object
I2026-10-07 11:29:54.242045 ( 3584) [INFO] [VCAMDS] Destroying WndMsg Listener Window
I2026-10-07 11:29:54.243350 ( 3584) [INFO] [VCAMDS] Destroyed window
I2026-10-07 11:29:54.244359 ( 3584) [INFO] [VCAMDS] Unregistered window class
I2026-10-07 11:29:54.244359 ( 3584) [INFO] [VCAMDS] NvMxnCltShmConsumer Skip removing app tracker DLL loaded status. Parent source filter is not initialized
I2026-10-07 11:29:56.253041 ( 3584) [INFO] [VCAMDS] Creating WndMsg Listener Window
I2026-10-07 11:29:56.256039 ( 3584) [INFO] [VCAMDS] Destroying parent object
I2026-10-07 11:29:56.257390 ( 3584) [INFO] [VCAMDS] Destroying WndMsg Listener Window
I2026-10-07 11:29:56.258386 ( 3584) [INFO] [VCAMDS] Destroyed window
I2026-10-07 11:29:56.259387 ( 3584) [INFO] [VCAMDS] Unregistered window class
I2026-10-07 11:29:56.259387 ( 3584) [INFO] [VCAMDS] NvMxnCltShmConsumer Skip removing app tracker DLL loaded status. Parent source filter is not initialized
I2026-10-07 11:29:58.270334 ( 3584) [INFO] [VCAMDS] Creating WndMsg Listener Window
I2026-10-07 11:29:58.274356 ( 3584) [INFO] [VCAMDS] Destroying parent object
I2026-10-07 11:29:58.274356 ( 3584) [INFO] [VCAMDS] Destroying WndMsg Listener Window
I2026-10-07 11:29:58.276870 ( 3584) [INFO] [VCAMDS] Destroyed window
I2026-10-07 11:29:58.277876 ( 3584) [INFO] [VCAMDS] Unregistered window class
I2026-10-07 11:29:58.277876 ( 3584) [INFO] [VCAMDS] NvMxnCltShmConsumer Skip removing app tracker DLL loaded status. Parent source filter is not initialized
I2026-10-07 11:30:00.285607 ( 3584) [INFO] [VCAMDS] Creating WndMsg Listener Window
I2026-10-07 11:30:00.288144 ( 3584) [INFO] [VCAMDS] Destroying parent object
I2026-10-07 11:30:00.289142 ( 3584) [INFO] [VCAMDS] Destroying WndMsg Listener Window
I2026-10-07 11:30:00.291142 ( 3584) [INFO] [VCAMDS] Destroyed window
I2026-10-07 11:30:00.291142 ( 3584) [INFO] [VCAMDS] Unregistered window class
I2026-10-07 11:30:00.291142 ( 3584) [INFO] [VCAMDS] NvMxnCltShmConsumer Skip removing app tracker DLL loaded status. Parent source filter is not initialized
I2026-10-07 11:30:02.299065 ( 3584) [INFO] [VCAMDS] Creating WndMsg Listener Window
I2026-10-07 11:30:02.308157 ( 3584) [INFO] [VCAMDS] Destroying parent object
I2026-10-07 11:30:02.308157 ( 3584) [INFO] [VCAMDS] Destroying WndMsg Listener Window
I2026-10-07 11:30:02.311164 ( 3584) [INFO] [VCAMDS] Destroyed window
I2026-10-07 11:30:02.311164 ( 3584) [INFO] [VCAMDS] Unregistered window class
I2026-10-07 11:30:02.311164 ( 3584) [INFO] [VCAMDS] NvMxnCltShmConsumer Skip removing app tracker DLL loaded status. Parent source filter is not initialized
I2026-10-07 11:30:04.320607 ( 3584) [INFO] [VCAMDS] Creating WndMsg Listener Window
I2026-10-07 11:30:04.326148 ( 3584) [INFO] [VCAMDS] Destroying parent object
I2026-10-07 11:30:04.326148 ( 3584) [INFO] [VCAMDS] Destroying WndMsg Listener Window
I2026-10-07 11:30:04.327153 ( 3584) [INFO] [VCAMDS] Destroyed window
I2026-10-07 11:30:04.328662 ( 3584) [INFO] [VCAMDS] Unregistered window class
I2026-10-07 11:30:04.328662 ( 3584) [INFO] [VCAMDS] NvMxnCltShmConsumer Skip removing app tracker DLL loaded status. Parent source filter is not initialized
I2026-10-07 11:30:06.340101 ( 3584) [INFO] [VCAMDS] Creating WndMsg Listener Window
I2026-10-07 11:30:06.344617 ( 3584) [INFO] [VCAMDS] Destroying parent object
I2026-10-07 11:30:06.344617 ( 3584) [INFO] [VCAMDS] Destroying WndMsg Listener Window
I2026-10-07 11:30:06.346123 ( 3584) [INFO] [VCAMDS] Destroyed window
I2026-10-07 11:30:06.347129 ( 3584) [INFO] [VCAMDS] Unregistered window class
I2026-10-07 11:30:06.347129 ( 3584) [INFO] [VCAMDS] NvMxnCltShmConsumer Skip removing app tracker DLL loaded status. Parent source filter is not initialized
I2026-10-07 11:30:08.360422 ( 3584) [INFO] [VCAMDS] Creating WndMsg Listener Window
I2026-10-07 11:30:08.364426 ( 3584) [INFO] [VCAMDS] Destroying parent object
I2026-10-07 11:30:08.364426 ( 3584) [INFO] [VCAMDS] Destroying WndMsg Listener Window
I2026-10-07 11:30:08.365932 ( 3584) [INFO] [VCAMDS] Destroyed window
I2026-10-07 11:30:08.366941 ( 3584) [INFO] [VCAMDS] Unregistered window class
I2026-10-07 11:30:08.366941 ( 3584) [INFO] [VCAMDS] NvMxnCltShmConsumer Skip removing app tracker DLL loaded status. Parent source filter is not initialized
I2026-10-07 11:30:10.374405 ( 3584) [INFO] [VCAMDS] Creating WndMsg Listener Window
I2026-10-07 11:30:10.379917 ( 3584) [INFO] [VCAMDS] Destroying parent object
I2026-10-07 11:30:10.381062 ( 3584) [INFO] [VCAMDS] Destroying WndMsg Listener Window
I2026-10-07 11:30:10.383068 ( 3584) [INFO] [VCAMDS] Destroyed window
I2026-10-07 11:30:10.383068 ( 3584) [INFO] [VCAMDS] Unregistered window class
I2026-10-07 11:30:10.383068 ( 3584) [INFO] [VCAMDS] NvMxnCltShmConsumer Skip removing app tracker DLL loaded status. Parent source filter is not initialized
I2026-10-07 11:30:12.392032 ( 3584) [INFO] [VCAMDS] Creating WndMsg Listener Window
I2026-10-07 11:30:12.396044 ( 3584) [INFO] [VCAMDS] Destroying parent object
I2026-10-07 11:30:12.396044 ( 3584) [INFO] [VCAMDS] Destroying WndMsg Listener Window
I2026-10-07 11:30:12.398092 ( 3584) [INFO] [VCAMDS] Destroyed window
I2026-10-07 11:30:12.398092 ( 3584) [INFO] [VCAMDS] Unregistered window class
I2026-10-07 11:30:12.399096 ( 3584) [INFO] [VCAMDS] NvMxnCltShmConsumer Skip removing app tracker DLL loaded status. Parent source filter is not initialized
I2026-10-07 11:30:14.408875 ( 3584) [INFO] [VCAMDS] Creating WndMsg Listener Window
I2026-10-07 11:30:14.413875 ( 3584) [INFO] [VCAMDS] Destroying parent object
I2026-10-07 11:30:14.414877 ( 3584) [INFO] [VCAMDS] Destroying WndMsg Listener Window
I2026-10-07 11:30:14.417256 ( 3584) [INFO] [VCAMDS] Destroyed window
I2026-10-07 11:30:14.418567 ( 3584) [INFO] [VCAMDS] Unregistered window class
I2026-10-07 11:30:14.418567 ( 3584) [INFO] [VCAMDS] NvMxnCltShmConsumer Skip removing app tracker DLL loaded status. Parent source filter is not initialized
I2026-10-07 11:30:16.425663 ( 3584) [INFO] [VCAMDS] Creating WndMsg Listener Window
I2026-10-07 11:30:16.430778 ( 3584) [INFO] [VCAMDS] Destroying parent object
I2026-10-07 11:30:16.431777 ( 3584) [INFO] [VCAMDS] Destroying WndMsg Listener Window
I2026-10-07 11:30:16.432778 ( 3584) [INFO] [VCAMDS] Destroyed window
I2026-10-07 11:30:16.432778 ( 3584) [INFO] [VCAMDS] Unregistered window class
I2026-10-07 11:30:16.432778 ( 3584) [INFO] [VCAMDS] NvMxnCltShmConsumer Skip removing app tracker DLL loaded status. Parent source filter is not initialized
I2026-10-07 11:30:18.442643 ( 3584) [INFO] [VCAMDS] Creating WndMsg Listener Window
I2026-10-07 11:30:18.448158 ( 3584) [INFO] [VCAMDS] Destroying parent object
I2026-10-07 11:30:18.449162 ( 3584) [INFO] [VCAMDS] Destroying WndMsg Listener Window
I2026-10-07 11:30:18.450225 ( 3584) [INFO] [VCAMDS] Destroyed window
I2026-10-07 11:30:18.451226 ( 3584) [INFO] [VCAMDS] Unregistered window class
I2026-10-07 11:30:18.451226 ( 3584) [INFO] [VCAMDS] NvMxnCltShmConsumer Skip removing app tracker DLL loaded status. Parent source filter is not initialized
I2026-10-07 11:30:20.459132 ( 3584) [INFO] [VCAMDS] Creating WndMsg Listener Window
I2026-10-07 11:30:20.464870 ( 3584) [INFO] [VCAMDS] Destroying parent object
I2026-10-07 11:30:20.464870 ( 3584) [INFO] [VCAMDS] Destroying WndMsg Listener Window
I2026-10-07 11:30:20.465868 ( 3584) [INFO] [VCAMDS] Destroyed window
I2026-10-07 11:30:20.466974 ( 3584) [INFO] [VCAMDS] Unregistered window class
I2026-10-07 11:30:20.466974 ( 3584) [INFO] [VCAMDS] NvMxnCltShmConsumer Skip removing app tracker DLL loaded status. Parent source filter is not initialized
I2026-10-07 11:30:22.475844 ( 3584) [INFO] [VCAMDS] Creating WndMsg Listener Window
I2026-10-07 11:30:22.480103 ( 3584) [INFO] [VCAMDS] Destroying parent object
I2026-10-07 11:30:22.480103 ( 3584) [INFO] [VCAMDS] Destroying WndMsg Listener Window
I2026-10-07 11:30:22.481104 ( 3584) [INFO] [VCAMDS] Destroyed window
I2026-10-07 11:30:22.481104 ( 3584) [INFO] [VCAMDS] Unregistered window class
I2026-10-07 11:30:22.482616 ( 3584) [INFO] [VCAMDS] NvMxnCltShmConsumer Skip removing app tracker DLL loaded status. Parent source filter is not initialized
I2026-10-07 11:30:24.492933 ( 3584) [INFO] [VCAMDS] Creating WndMsg Listener Window
I2026-10-07 11:30:24.497948 ( 3584) [INFO] [VCAMDS] Destroying parent object
I2026-10-07 11:30:24.499099 ( 3584) [INFO] [VCAMDS] Destroying WndMsg Listener Window
I2026-10-07 11:30:24.500106 ( 3584) [INFO] [VCAMDS] Destroyed window
I2026-10-07 11:30:24.501106 ( 3584) [INFO] [VCAMDS] Unregistered window class
I2026-10-07 11:30:24.501106 ( 3584) [INFO] [VCAMDS] NvMxnCltShmConsumer Skip removing app tracker DLL loaded status. Parent source filter is not initialized
I2026-10-07 11:30:26.510558 ( 3584) [INFO] [VCAMDS] Creating WndMsg Listener Window
I2026-10-07 11:30:26.513813 ( 3584) [INFO] [VCAMDS] Destroying parent object
I2026-10-07 11:30:26.514810 ( 3584) [INFO] [VCAMDS] Destroying WndMsg Listener Window
I2026-10-07 11:30:26.516315 ( 3584) [INFO] [VCAMDS] Destroyed window
I2026-10-07 11:30:26.517320 ( 3584) [INFO] [VCAMDS] Unregistered window class
I2026-10-07 11:30:26.517320 ( 3584) [INFO] [VCAMDS] NvMxnCltShmConsumer Skip removing app tracker DLL loaded status. Parent source filter is not initialized
I2026-10-07 11:30:28.525794 ( 3584) [INFO] [VCAMDS] Creating WndMsg Listener Window
I2026-10-07 11:30:28.531471 ( 3584) [INFO] [VCAMDS] Destroying parent object
I2026-10-07 11:30:28.532474 ( 3584) [INFO] [VCAMDS] Destroying WndMsg Listener Window
I2026-10-07 11:30:28.534981 ( 3584) [INFO] [VCAMDS] Destroyed window
I2026-10-07 11:30:28.534981 ( 3584) [INFO] [VCAMDS] Unregistered window class
I2026-10-07 11:30:28.534981 ( 3584) [INFO] [VCAMDS] NvMxnCltShmConsumer Skip removing app tracker DLL loaded status. Parent source filter is not initialized
I2026-10-07 11:30:30.543812 ( 3584) [INFO] [VCAMDS] Creating WndMsg Listener Window
I2026-10-07 11:30:30.547336 ( 3584) [INFO] [VCAMDS] Destroying parent object
I2026-10-07 11:30:30.548324 ( 3584) [INFO] [VCAMDS] Destroying WndMsg Listener Window
I2026-10-07 11:30:30.549324 ( 3584) [INFO] [VCAMDS] Destroyed window
I2026-10-07 11:30:30.550324 ( 3584) [INFO] [VCAMDS] Unregistered window class
I2026-10-07 11:30:30.550324 ( 3584) [INFO] [VCAMDS] NvMxnCltShmConsumer Skip removing app tracker DLL loaded status. Parent source filter is not initialized
I2026-10-07 11:30:32.560442 ( 3584) [INFO] [VCAMDS] Creating WndMsg Listener Window
I2026-10-07 11:30:32.563616 ( 3584) [INFO] [VCAMDS] Destroying parent object
I2026-10-07 11:30:32.564615 ( 3584) [INFO] [VCAMDS] Destroying WndMsg Listener Window
I2026-10-07 11:30:32.565616 ( 3584) [INFO] [VCAMDS] Destroyed window
I2026-10-07 11:30:32.565616 ( 3584) [INFO] [VCAMDS] Unregistered window class
I2026-10-07 11:30:32.565616 ( 3584) [INFO] [VCAMDS] NvMxnCltShmConsumer Skip removing app tracker DLL loaded status. Parent source filter is not initialized
I2026-10-07 11:30:34.578127 ( 3584) [INFO] [VCAMDS] Creating WndMsg Listener Window
I2026-10-07 11:30:34.583128 ( 3584) [INFO] [VCAMDS] Destroying parent object
I2026-10-07 11:30:34.584127 ( 3584) [INFO] [VCAMDS] Destroying WndMsg Listener Window
I2026-10-07 11:30:34.585632 ( 3584) [INFO] [VCAMDS] Destroyed window
I2026-10-07 11:30:34.585632 ( 3584) [INFO] [VCAMDS] Unregistered window class
I2026-10-07 11:30:34.585632 ( 3584) [INFO] [VCAMDS] NvMxnCltShmConsumer Skip removing app tracker DLL loaded status. Parent source filter is not initialized
I2026-10-07 11:30:36.596000 ( 3584) [INFO] [VCAMDS] Creating WndMsg Listener Window
I2026-10-07 11:30:36.600242 ( 3584) [INFO] [VCAMDS] Destroying parent object
I2026-10-07 11:30:36.601243 ( 3584) [INFO] [VCAMDS] Destroying WndMsg Listener Window
I2026-10-07 11:30:36.602242 ( 3584) [INFO] [VCAMDS] Destroyed window
I2026-10-07 11:30:36.602242 ( 3584) [INFO] [VCAMDS] Unregistered window class
I2026-10-07 11:30:36.603242 ( 3584) [INFO] [VCAMDS] NvMxnCltShmConsumer Skip removing app tracker DLL loaded status. Parent source filter is not initialized
I2026-10-07 11:30:38.611625 ( 3584) [INFO] [VCAMDS] Creating WndMsg Listener Window
I2026-10-07 11:30:38.615624 ( 3584) [INFO] [VCAMDS] Destroying parent object
I2026-10-07 11:30:38.616935 ( 3584) [INFO] [VCAMDS] Destroying WndMsg Listener Window
I2026-10-07 11:30:38.618940 ( 3584) [INFO] [VCAMDS] Destroyed window
I2026-10-07 11:30:38.618940 ( 3584) [INFO] [VCAMDS] Unregistered window class
I2026-10-07 11:30:38.619941 ( 3584) [INFO] [VCAMDS] NvMxnCltShmConsumer Skip removing app tracker DLL loaded status. Parent source filter is not initialized
I2026-10-07 11:30:40.626617 ( 3584) [INFO] [VCAMDS] Creating WndMsg Listener Window
I2026-10-07 11:30:40.629616 ( 3584) [INFO] [VCAMDS] Destroying parent object
I2026-10-07 11:30:40.629616 ( 3584) [INFO] [VCAMDS] Destroying WndMsg Listener Window
I2026-10-07 11:30:40.631122 ( 3584) [INFO] [VCAMDS] Destroyed window
I2026-10-07 11:30:40.632130 ( 3584) [INFO] [VCAMDS] Unregistered window class
I2026-10-07 11:30:40.632130 ( 3584) [INFO] [VCAMDS] NvMxnCltShmConsumer Skip removing app tracker DLL loaded status. Parent source filter is not initialized
I2026-10-07 11:30:42.639138 ( 3584) [INFO] [VCAMDS] Creating WndMsg Listener Window
I2026-10-07 11:30:42.644142 ( 3584) [INFO] [VCAMDS] Destroying parent object
I2026-10-07 11:30:42.644142 ( 3584) [INFO] [VCAMDS] Destroying WndMsg Listener Window
I2026-10-07 11:30:42.645646 ( 3584) [INFO] [VCAMDS] Destroyed window
I2026-10-07 11:30:42.646785 ( 3584) [INFO] [VCAMDS] Unregistered window class
I2026-10-07 11:30:42.646785 ( 3584) [INFO] [VCAMDS] NvMxnCltShmConsumer Skip removing app tracker DLL loaded status. Parent source filter is not initialized
I2026-10-07 11:30:44.656353 ( 3584) [INFO] [VCAMDS] Creating WndMsg Listener Window
I2026-10-07 11:30:44.660400 ( 3584) [INFO] [VCAMDS] Destroying parent object
I2026-10-07 11:30:44.660400 ( 3584) [INFO] [VCAMDS] Destroying WndMsg Listener Window
I2026-10-07 11:30:44.662912 ( 3584) [INFO] [VCAMDS] Destroyed window
I2026-10-07 11:30:44.662912 ( 3584) [INFO] [VCAMDS] Unregistered window class
I2026-10-07 11:30:44.662912 ( 3584) [INFO] [VCAMDS] NvMxnCltShmConsumer Skip removing app tracker DLL loaded status. Parent source filter is not initialized
I2026-10-07 11:30:46.672526 ( 3584) [INFO] [VCAMDS] Creating WndMsg Listener Window
I2026-10-07 11:30:46.676542 ( 3584) [INFO] [VCAMDS] Destroying parent object
I2026-10-07 11:30:46.677047 ( 3584) [INFO] [VCAMDS] Destroying WndMsg Listener Window
I2026-10-07 11:30:46.678565 ( 3584) [INFO] [VCAMDS] Destroyed window
I2026-10-07 11:30:46.679571 ( 3584) [INFO] [VCAMDS] Unregistered window class
I2026-10-07 11:30:46.679571 ( 3584) [INFO] [VCAMDS] NvMxnCltShmConsumer Skip removing app tracker DLL loaded status. Parent source filter is not initialized
I2026-10-07 11:30:48.688061 ( 3584) [INFO] [VCAMDS] Creating WndMsg Listener Window
I2026-10-07 11:30:48.693063 ( 3584) [INFO] [VCAMDS] Destroying parent object
I2026-10-07 11:30:48.694061 ( 3584) [INFO] [VCAMDS] Destroying WndMsg Listener Window
I2026-10-07 11:30:48.695061 ( 3584) [INFO] [VCAMDS] Destroyed window
I2026-10-07 11:30:48.696063 ( 3584) [INFO] [VCAMDS] Unregistered window class
I2026-10-07 11:30:48.696063 ( 3584) [INFO] [VCAMDS] NvMxnCltShmConsumer Skip removing app tracker DLL loaded status. Parent source filter is not initialized
I2026-10-07 11:30:50.704303 ( 3584) [INFO] [VCAMDS] Creating WndMsg Listener Window
I2026-10-07 11:30:50.709023 ( 3584) [INFO] [VCAMDS] Destroying parent object
I2026-10-07 11:30:50.710029 ( 3584) [INFO] [VCAMDS] Destroying WndMsg Listener Window
I2026-10-07 11:30:50.711028 ( 3584) [INFO] [VCAMDS] Destroyed window
I2026-10-07 11:30:50.712031 ( 3584) [INFO] [VCAMDS] Unregistered window class
I2026-10-07 11:30:50.712031 ( 3584) [INFO] [VCAMDS] NvMxnCltShmConsumer Skip removing app tracker DLL loaded status. Parent source filter is not initialized
I2026-10-07 11:30:52.722118 ( 3584) [INFO] [VCAMDS] Creating WndMsg Listener Window
I2026-10-07 11:30:52.725603 ( 3584) [INFO] [VCAMDS] Destroying parent object
I2026-10-07 11:30:52.725603 ( 3584) [INFO] [VCAMDS] Destroying WndMsg Listener Window
I2026-10-07 11:30:52.727608 ( 3584) [INFO] [VCAMDS] Destroyed window
I2026-10-07 11:30:52.727608 ( 3584) [INFO] [VCAMDS] Unregistered window class
I2026-10-07 11:30:52.727608 ( 3584) [INFO] [VCAMDS] NvMxnCltShmConsumer Skip removing app tracker DLL loaded status. Parent source filter is not initialized
I2026-10-07 11:30:54.735662 ( 3584) [INFO] [VCAMDS] Creating WndMsg Listener Window
I2026-10-07 11:30:54.739212 ( 3584) [INFO] [VCAMDS] Destroying parent object
I2026-10-07 11:30:54.739212 ( 3584) [INFO] [VCAMDS] Destroying WndMsg Listener Window
I2026-10-07 11:30:54.741307 ( 3584) [INFO] [VCAMDS] Destroyed window
I2026-10-07 11:30:54.741307 ( 3584) [INFO] [VCAMDS] Unregistered window class
I2026-10-07 11:30:54.741307 ( 3584) [INFO] [VCAMDS] NvMxnCltShmConsumer Skip removing app tracker DLL loaded status. Parent source filter is not initialized
I2026-10-07 11:30:56.773913 ( 3584) [INFO] [VCAMDS] Creating WndMsg Listener Window
I2026-10-07 11:30:56.777192 ( 3584) [INFO] [VCAMDS] Destroying parent object
I2026-10-07 11:30:56.778198 ( 3584) [INFO] [VCAMDS] Destroying WndMsg Listener Window
I2026-10-07 11:30:56.780198 ( 3584) [INFO] [VCAMDS] Destroyed window
I2026-10-07 11:30:56.780198 ( 3584) [INFO] [VCAMDS] Unregistered window class
I2026-10-07 11:30:56.781198 ( 3584) [INFO] [VCAMDS] NvMxnCltShmConsumer Skip removing app tracker DLL loaded status. Parent source filter is not initialized
I2026-10-07 11:30:58.791937 ( 3584) [INFO] [VCAMDS] Creating WndMsg Listener Window
I2026-10-07 11:30:58.796329 ( 3584) [INFO] [VCAMDS] Destroying parent object
I2026-10-07 11:30:58.796329 ( 3584) [INFO] [VCAMDS] Destroying WndMsg Listener Window
I2026-10-07 11:30:58.798342 ( 3584) [INFO] [VCAMDS] Destroyed window
I2026-10-07 11:30:58.799343 ( 3584) [INFO] [VCAMDS] Unregistered window class
I2026-10-07 11:30:58.799343 ( 3584) [INFO] [VCAMDS] NvMxnCltShmConsumer Skip removing app tracker DLL loaded status. Parent source filter is not initialized
I2026-10-07 11:31:00.808588 ( 3584) [INFO] [VCAMDS] Creating WndMsg Listener Window
I2026-10-07 11:31:00.812654 ( 3584) [INFO] [VCAMDS] Destroying parent object
I2026-10-07 11:31:00.813664 ( 3584) [INFO] [VCAMDS] Destroying WndMsg Listener Window
I2026-10-07 11:31:00.815653 ( 3584) [INFO] [VCAMDS] Destroyed window
I2026-10-07 11:31:00.815653 ( 3584) [INFO] [VCAMDS] Unregistered window class
I2026-10-07 11:31:00.815653 ( 3584) [INFO] [VCAMDS] NvMxnCltShmConsumer Skip removing app tracker DLL loaded status. Parent source filter is not initialized
I2026-10-07 11:31:02.825815 ( 3584) [INFO] [VCAMDS] Creating WndMsg Listener Window
I2026-10-07 11:31:02.830005 ( 3584) [INFO] [VCAMDS] Destroying parent object
I2026-10-07 11:31:02.830005 ( 3584) [INFO] [VCAMDS] Destroying WndMsg Listener Window
I2026-10-07 11:31:02.832003 ( 3584) [INFO] [VCAMDS] Destroyed window
I2026-10-07 11:31:02.832003 ( 3584) [INFO] [VCAMDS] Unregistered window class
I2026-10-07 11:31:02.833003 ( 3584) [INFO] [VCAMDS] NvMxnCltShmConsumer Skip removing app tracker DLL loaded status. Parent source filter is not initialized
I2026-10-07 11:31:04.838835 ( 3584) [INFO] [VCAMDS] Creating WndMsg Listener Window
I2026-10-07 11:31:04.842911 ( 3584) [INFO] [VCAMDS] Destroying parent object
I2026-10-07 11:31:04.843912 ( 3584) [INFO] [VCAMDS] Destroying WndMsg Listener Window
I2026-10-07 11:31:04.845913 ( 3584) [INFO] [VCAMDS] Destroyed window
I2026-10-07 11:31:04.847319 ( 3584) [INFO] [VCAMDS] Unregistered window class
I2026-10-07 11:31:04.847319 ( 3584) [INFO] [VCAMDS] NvMxnCltShmConsumer Skip removing app tracker DLL loaded status. Parent source filter is not initialized
I2026-10-07 11:31:06.855902 ( 3584) [INFO] [VCAMDS] Creating WndMsg Listener Window
I2026-10-07 11:31:06.860997 ( 3584) [INFO] [VCAMDS] Destroying parent object
I2026-10-07 11:31:06.860997 ( 3584) [INFO] [VCAMDS] Destroying WndMsg Listener Window
I2026-10-07 11:31:06.863502 ( 3584) [INFO] [VCAMDS] Destroyed window
I2026-10-07 11:31:06.863502 ( 3584) [INFO] [VCAMDS] Unregistered window class
I2026-10-07 11:31:06.863502 ( 3584) [INFO] [VCAMDS] NvMxnCltShmConsumer Skip removing app tracker DLL loaded status. Parent source filter is not initialized
I2026-10-07 11:31:08.871919 ( 3584) [INFO] [VCAMDS] Creating WndMsg Listener Window
I2026-10-07 11:31:08.875926 ( 3584) [INFO] [VCAMDS] Destroying parent object
I2026-10-07 11:31:08.875926 ( 3584) [INFO] [VCAMDS] Destroying WndMsg Listener Window
I2026-10-07 11:31:08.877939 ( 3584) [INFO] [VCAMDS] Destroyed window
I2026-10-07 11:31:08.877939 ( 3584) [INFO] [VCAMDS] Unregistered window class
I2026-10-07 11:31:08.878940 ( 3584) [INFO] [VCAMDS] NvMxnCltShmConsumer Skip removing app tracker DLL loaded status. Parent source filter is not initialized
I2026-10-07 11:31:10.887279 ( 3584) [INFO] [VCAMDS] Creating WndMsg Listener Window
I2026-10-07 11:31:10.891292 ( 3584) [INFO] [VCAMDS] Destroying parent object
I2026-10-07 11:31:10.891292 ( 3584) [INFO] [VCAMDS] Destroying WndMsg Listener Window
I2026-10-07 11:31:10.893348 ( 3584) [INFO] [VCAMDS] Destroyed window
I2026-10-07 11:31:10.893348 ( 3584) [INFO] [VCAMDS] Unregistered window class
I2026-10-07 11:31:10.894357 ( 3584) [INFO] [VCAMDS] NvMxnCltShmConsumer Skip removing app tracker DLL loaded status. Parent source filter is not initialized
I2026-10-07 11:31:12.904385 ( 3584) [INFO] [VCAMDS] Creating WndMsg Listener Window
I2026-10-07 11:31:12.909410 ( 3584) [INFO] [VCAMDS] Destroying parent object
I2026-10-07 11:31:12.910409 ( 3584) [INFO] [VCAMDS] Destroying WndMsg Listener Window
I2026-10-07 11:31:12.912411 ( 3584) [INFO] [VCAMDS] Destroyed window
I2026-10-07 11:31:12.912411 ( 3584) [INFO] [VCAMDS] Unregistered window class
I2026-10-07 11:31:12.912411 ( 3584) [INFO] [VCAMDS] NvMxnCltShmConsumer Skip removing app tracker DLL loaded status. Parent source filter is not initialized
I2026-10-07 11:31:14.921929 ( 3584) [INFO] [VCAMDS] Creating WndMsg Listener Window
I2026-10-07 11:31:14.926436 ( 3584) [INFO] [VCAMDS] Destroying parent object
I2026-10-07 11:31:14.927459 ( 3584) [INFO] [VCAMDS] Destroying WndMsg Listener Window
I2026-10-07 11:31:14.928442 ( 3584) [INFO] [VCAMDS] Destroyed window
I2026-10-07 11:31:14.929441 ( 3584) [INFO] [VCAMDS] Unregistered window class
I2026-10-07 11:31:14.929441 ( 3584) [INFO] [VCAMDS] NvMxnCltShmConsumer Skip removing app tracker DLL loaded status. Parent source filter is not initialized
I2026-10-07 11:31:16.937644 ( 3584) [INFO] [VCAMDS] Creating WndMsg Listener Window
I2026-10-07 11:31:16.941177 ( 3584) [INFO] [VCAMDS] Destroying parent object
I2026-10-07 11:31:16.941177 ( 3584) [INFO] [VCAMDS] Destroying WndMsg Listener Window
I2026-10-07 11:31:16.942680 ( 3584) [INFO] [VCAMDS] Destroyed window
I2026-10-07 11:31:16.943871 ( 3584) [INFO] [VCAMDS] Unregistered window class
I2026-10-07 11:31:16.943871 ( 3584) [INFO] [VCAMDS] NvMxnCltShmConsumer Skip removing app tracker DLL loaded status. Parent source filter is not initialized
I2026-10-07 11:31:18.955006 ( 3584) [INFO] [VCAMDS] Creating WndMsg Listener Window
I2026-10-07 11:31:18.959525 ( 3584) [INFO] [VCAMDS] Destroying parent object
I2026-10-07 11:31:18.960525 ( 3584) [INFO] [VCAMDS] Destroying WndMsg Listener Window
I2026-10-07 11:31:18.961526 ( 3584) [INFO] [VCAMDS] Destroyed window
I2026-10-07 11:31:18.962527 ( 3584) [INFO] [VCAMDS] Unregistered window class
I2026-10-07 11:31:18.962527 ( 3584) [INFO] [VCAMDS] NvMxnCltShmConsumer Skip removing app tracker DLL loaded status. Parent source filter is not initialized
I2026-10-07 11:31:20.971900 ( 3584) [INFO] [VCAMDS] Creating WndMsg Listener Window
I2026-10-07 11:31:20.976404 ( 3584) [INFO] [VCAMDS] Destroying parent object
I2026-10-07 11:31:20.977412 ( 3584) [INFO] [VCAMDS] Destroying WndMsg Listener Window
I2026-10-07 11:31:20.978417 ( 3584) [INFO] [VCAMDS] Destroyed window
I2026-10-07 11:31:20.979417 ( 3584) [INFO] [VCAMDS] Unregistered window class
I2026-10-07 11:31:20.979417 ( 3584) [INFO] [VCAMDS] NvMxnCltShmConsumer Skip removing app tracker DLL loaded status. Parent source filter is not initialized
I2026-10-07 11:31:22.989951 ( 3584) [INFO] [VCAMDS] Creating WndMsg Listener Window
I2026-10-07 11:31:22.993952 ( 3584) [INFO] [VCAMDS] Destroying parent object
I2026-10-07 11:31:22.994952 ( 3584) [INFO] [VCAMDS] Destroying WndMsg Listener Window
I2026-10-07 11:31:22.997179 ( 3584) [INFO] [VCAMDS] Destroyed window
I2026-10-07 11:31:22.997179 ( 3584) [INFO] [VCAMDS] Unregistered window class
I2026-10-07 11:31:22.998186 ( 3584) [INFO] [VCAMDS] NvMxnCltShmConsumer Skip removing app tracker DLL loaded status. Parent source filter is not initialized
I2026-10-07 11:31:25.004190 ( 3584) [INFO] [VCAMDS] Creating WndMsg Listener Window
I2026-10-07 11:31:25.010890 ( 3584) [INFO] [VCAMDS] Destroying parent object
I2026-10-07 11:31:25.012385 ( 3584) [INFO] [VCAMDS] Destroying WndMsg Listener Window
I2026-10-07 11:31:25.013870 ( 3584) [INFO] [VCAMDS] Destroyed window
I2026-10-07 11:31:25.013870 ( 3584) [INFO] [VCAMDS] Unregistered window class
I2026-10-07 11:31:25.014878 ( 3584) [INFO] [VCAMDS] NvMxnCltShmConsumer Skip removing app tracker DLL loaded status. Parent source filter is not initialized
I2026-10-07 11:31:27.026027 ( 3584) [INFO] [VCAMDS] Creating WndMsg Listener Window
I2026-10-07 11:31:27.030066 ( 3584) [INFO] [VCAMDS] Destroying parent object
I2026-10-07 11:31:27.030066 ( 3584) [INFO] [VCAMDS] Destroying WndMsg Listener Window
I2026-10-07 11:31:27.031062 ( 3584) [INFO] [VCAMDS] Destroyed window
I2026-10-07 11:31:27.032055 ( 3584) [INFO] [VCAMDS] Unregistered window class
I2026-10-07 11:31:27.032055 ( 3584) [INFO] [VCAMDS] NvMxnCltShmConsumer Skip removing app tracker DLL loaded status. Parent source filter is not initialized
I2026-10-07 11:31:29.041814 ( 3584) [INFO] [VCAMDS] Creating WndMsg Listener Window
I2026-10-07 11:31:29.044814 ( 3584) [INFO] [VCAMDS] Destroying parent object
I2026-10-07 11:31:29.045816 ( 3584) [INFO] [VCAMDS] Destroying WndMsg Listener Window
I2026-10-07 11:31:29.045816 ( 3584) [INFO] [VCAMDS] Destroyed window
I2026-10-07 11:31:29.047411 ( 3584) [INFO] [VCAMDS] Unregistered window class
I2026-10-07 11:31:29.047411 ( 3584) [INFO] [VCAMDS] NvMxnCltShmConsumer Skip removing app tracker DLL loaded status. Parent source filter is not initialized
I2026-10-07 11:31:31.057134 ( 3584) [INFO] [VCAMDS] Creating WndMsg Listener Window
I2026-10-07 11:31:31.060139 ( 3584) [INFO] [VCAMDS] Destroying parent object
I2026-10-07 11:31:31.061139 ( 3584) [INFO] [VCAMDS] Destroying WndMsg Listener Window
I2026-10-07 11:31:31.063139 ( 3584) [INFO] [VCAMDS] Destroyed window
I2026-10-07 11:31:31.063139 ( 3584) [INFO] [VCAMDS] Unregistered window class
I2026-10-07 11:31:31.064141 ( 3584) [INFO] [VCAMDS] NvMxnCltShmConsumer Skip removing app tracker DLL loaded status. Parent source filter is not initialized
I2026-10-07 11:31:33.072507 ( 3584) [INFO] [VCAMDS] Creating WndMsg Listener Window
I2026-10-07 11:31:33.078015 ( 3584) [INFO] [VCAMDS] Destroying parent object
I2026-10-07 11:31:33.078015 ( 3584) [INFO] [VCAMDS] Destroying WndMsg Listener Window
I2026-10-07 11:31:33.079015 ( 3584) [INFO] [VCAMDS] Destroyed window
I2026-10-07 11:31:33.080338 ( 3584) [INFO] [VCAMDS] Unregistered window class
I2026-10-07 11:31:33.080338 ( 3584) [INFO] [VCAMDS] NvMxnCltShmConsumer Skip removing app tracker DLL loaded status. Parent source filter is not initialized
I2026-10-07 11:31:35.090319 ( 3584) [INFO] [VCAMDS] Creating WndMsg Listener Window
I2026-10-07 11:31:35.094321 ( 3584) [INFO] [VCAMDS] Destroying parent object
I2026-10-07 11:31:35.094321 ( 3584) [INFO] [VCAMDS] Destroying WndMsg Listener Window
I2026-10-07 11:31:35.095826 ( 3584) [INFO] [VCAMDS] Destroyed window
I2026-10-07 11:31:35.096832 ( 3584) [INFO] [VCAMDS] Unregistered window class
I2026-10-07 11:31:35.096832 ( 3584) [INFO] [VCAMDS] NvMxnCltShmConsumer Skip removing app tracker DLL loaded status. Parent source filter is not initialized
I2026-10-07 11:31:37.106824 ( 3584) [INFO] [VCAMDS] Creating WndMsg Listener Window
I2026-10-07 11:31:37.110330 ( 3584) [INFO] [VCAMDS] Destroying parent object
I2026-10-07 11:31:37.110330 ( 3584) [INFO] [VCAMDS] Destroying WndMsg Listener Window
I2026-10-07 11:31:37.112330 ( 3584) [INFO] [VCAMDS] Destroyed window
I2026-10-07 11:31:37.112330 ( 3584) [INFO] [VCAMDS] Unregistered window class
I2026-10-07 11:31:37.112330 ( 3584) [INFO] [VCAMDS] NvMxnCltShmConsumer Skip removing app tracker DLL loaded status. Parent source filter is not initialized
I2026-10-07 11:31:39.120755 ( 3584) [INFO] [VCAMDS] Creating WndMsg Listener Window
I2026-10-07 11:31:39.124788 ( 3584) [INFO] [VCAMDS] Destroying parent object
I2026-10-07 11:31:39.125787 ( 3584) [INFO] [VCAMDS] Destroying WndMsg Listener Window
I2026-10-07 11:31:39.126291 ( 3584) [INFO] [VCAMDS] Destroyed window
I2026-10-07 11:31:39.127393 ( 3584) [INFO] [VCAMDS] Unregistered window class
I2026-10-07 11:31:39.127393 ( 3584) [INFO] [VCAMDS] NvMxnCltShmConsumer Skip removing app tracker DLL loaded status. Parent source filter is not initialized
I2026-10-07 11:31:41.135650 ( 3584) [INFO] [VCAMDS] Creating WndMsg Listener Window
I2026-10-07 11:31:41.139678 ( 3584) [INFO] [VCAMDS] Destroying parent object
I2026-10-07 11:31:41.139678 ( 3584) [INFO] [VCAMDS] Destroying WndMsg Listener Window
I2026-10-07 11:31:41.140677 ( 3584) [INFO] [VCAMDS] Destroyed window
I2026-10-07 11:31:41.141678 ( 3584) [INFO] [VCAMDS] Unregistered window class
I2026-10-07 11:31:41.141678 ( 3584) [INFO] [VCAMDS] NvMxnCltShmConsumer Skip removing app tracker DLL loaded status. Parent source filter is not initialized
I2026-10-07 11:31:43.152812 ( 3584) [INFO] [VCAMDS] Creating WndMsg Listener Window
I2026-10-07 11:31:43.156961 ( 3584) [INFO] [VCAMDS] Destroying parent object
I2026-10-07 11:31:43.156961 ( 3584) [INFO] [VCAMDS] Destroying WndMsg Listener Window
I2026-10-07 11:31:43.158975 ( 3584) [INFO] [VCAMDS] Destroyed window
I2026-10-07 11:31:43.158975 ( 3584) [INFO] [VCAMDS] Unregistered window class
I2026-10-07 11:31:43.158975 ( 3584) [INFO] [VCAMDS] NvMxnCltShmConsumer Skip removing app tracker DLL loaded status. Parent source filter is not initialized
I2026-10-07 11:31:45.167964 ( 3584) [INFO] [VCAMDS] Creating WndMsg Listener Window
I2026-10-07 11:31:45.171964 ( 3584) [INFO] [VCAMDS] Destroying parent object
I2026-10-07 11:31:45.172470 ( 3584) [INFO] [VCAMDS] Destroying WndMsg Listener Window
I2026-10-07 11:31:45.173476 ( 3584) [INFO] [VCAMDS] Destroyed window
I2026-10-07 11:31:45.174476 ( 3584) [INFO] [VCAMDS] Unregistered window class
I2026-10-07 11:31:45.174476 ( 3584) [INFO] [VCAMDS] NvMxnCltShmConsumer Skip removing app tracker DLL loaded status. Parent source filter is not initialized
I2026-10-07 11:31:47.183451 ( 3584) [INFO] [VCAMDS] Creating WndMsg Listener Window
I2026-10-07 11:31:47.186961 ( 3584) [INFO] [VCAMDS] Destroying parent object
I2026-10-07 11:31:47.187970 ( 3584) [INFO] [VCAMDS] Destroying WndMsg Listener Window
I2026-10-07 11:31:47.188971 ( 3584) [INFO] [VCAMDS] Destroyed window
I2026-10-07 11:31:47.189967 ( 3584) [INFO] [VCAMDS] Unregistered window class
I2026-10-07 11:31:47.189967 ( 3584) [INFO] [VCAMDS] NvMxnCltShmConsumer Skip removing app tracker DLL loaded status. Parent source filter is not initialized
I2026-10-07 11:31:49.205938 ( 3584) [INFO] [VCAMDS] Creating WndMsg Listener Window
I2026-10-07 11:31:49.213090 ( 3584) [INFO] [VCAMDS] Destroying parent object
I2026-10-07 11:31:49.214089 ( 3584) [INFO] [VCAMDS] Destroying WndMsg Listener Window
I2026-10-07 11:31:49.215088 ( 3584) [INFO] [VCAMDS] Destroyed window
I2026-10-07 11:31:49.216097 ( 3584) [INFO] [VCAMDS] Unregistered window class
I2026-10-07 11:31:49.216097 ( 3584) [INFO] [VCAMDS] NvMxnCltShmConsumer Skip removing app tracker DLL loaded status. Parent source filter is not initialized
I2026-10-07 11:31:51.228621 ( 3584) [INFO] [VCAMDS] Creating WndMsg Listener Window
I2026-10-07 11:31:51.232620 ( 3584) [INFO] [VCAMDS] Destroying parent object
I2026-10-07 11:31:51.232620 ( 3584) [INFO] [VCAMDS] Destroying WndMsg Listener Window
I2026-10-07 11:31:51.234620 ( 3584) [INFO] [VCAMDS] Destroyed window
I2026-10-07 11:31:51.234620 ( 3584) [INFO] [VCAMDS] Unregistered window class
I2026-10-07 11:31:51.235618 ( 3584) [INFO] [VCAMDS] NvMxnCltShmConsumer Skip removing app tracker DLL loaded status. Parent source filter is not initialized
I2026-10-07 11:31:53.245617 ( 3584) [INFO] [VCAMDS] Creating WndMsg Listener Window
I2026-10-07 11:31:53.250272 ( 3584) [INFO] [VCAMDS] Destroying parent object
I2026-10-07 11:31:53.251278 ( 3584) [INFO] [VCAMDS] Destroying WndMsg Listener Window
I2026-10-07 11:31:53.252278 ( 3584) [INFO] [VCAMDS] Destroyed window
I2026-10-07 11:31:53.253281 ( 3584) [INFO] [VCAMDS] Unregistered window class
I2026-10-07 11:31:53.253281 ( 3584) [INFO] [VCAMDS] NvMxnCltShmConsumer Skip removing app tracker DLL loaded status. Parent source filter is not initialized
I2026-10-07 11:31:55.264220 ( 3584) [INFO] [VCAMDS] Creating WndMsg Listener Window
I2026-10-07 11:31:55.268733 ( 3584) [INFO] [VCAMDS] Destroying parent object
I2026-10-07 11:31:55.269734 ( 3584) [INFO] [VCAMDS] Destroying WndMsg Listener Window
I2026-10-07 11:31:55.271734 ( 3584) [INFO] [VCAMDS] Destroyed window
I2026-10-07 11:31:55.271734 ( 3584) [INFO] [VCAMDS] Unregistered window class
I2026-10-07 11:31:55.271734 ( 3584) [INFO] [VCAMDS] NvMxnCltShmConsumer Skip removing app tracker DLL loaded status. Parent source filter is not initialized
I2026-10-07 11:31:57.282966 ( 3584) [INFO] [VCAMDS] Creating WndMsg Listener Window
I2026-10-07 11:31:57.289009 ( 3584) [INFO] [VCAMDS] Destroying parent object
I2026-10-07 11:31:57.290166 ( 3584) [INFO] [VCAMDS] Destroying WndMsg Listener Window
I2026-10-07 11:31:57.291174 ( 3584) [INFO] [VCAMDS] Destroyed window
I2026-10-07 11:31:57.291174 ( 3584) [INFO] [VCAMDS] Unregistered window class
I2026-10-07 11:31:57.291174 ( 3584) [INFO] [VCAMDS] NvMxnCltShmConsumer Skip removing app tracker DLL loaded status. Parent source filter is not initialized
I2026-10-07 11:31:59.302582 ( 3584) [INFO] [VCAMDS] Creating WndMsg Listener Window
I2026-10-07 11:31:59.308589 ( 3584) [INFO] [VCAMDS] Destroying parent object
I2026-10-07 11:31:59.309589 ( 3584) [INFO] [VCAMDS] Destroying WndMsg Listener Window
I2026-10-07 11:31:59.310585 ( 3584) [INFO] [VCAMDS] Destroyed window
I2026-10-07 11:31:59.311586 ( 3584) [INFO] [VCAMDS] Unregistered window class
I2026-10-07 11:31:59.311586 ( 3584) [INFO] [VCAMDS] NvMxnCltShmConsumer Skip removing app tracker DLL loaded status. Parent source filter is not initialized
I2026-10-07 11:32:01.322008 ( 3584) [INFO] [VCAMDS] Creating WndMsg Listener Window
I2026-10-07 11:32:01.326022 ( 3584) [INFO] [VCAMDS] Destroying parent object
I2026-10-07 11:32:01.326022 ( 3584) [INFO] [VCAMDS] Destroying WndMsg Listener Window
I2026-10-07 11:32:01.327030 ( 3584) [INFO] [VCAMDS] Destroyed window
I2026-10-07 11:32:01.328372 ( 3584) [INFO] [VCAMDS] Unregistered window class
I2026-10-07 11:32:01.328372 ( 3584) [INFO] [VCAMDS] NvMxnCltShmConsumer Skip removing app tracker DLL loaded status. Parent source filter is not initialized
I2026-10-07 11:32:03.338081 ( 3584) [INFO] [VCAMDS] Creating WndMsg Listener Window
I2026-10-07 11:32:03.342082 ( 3584) [INFO] [VCAMDS] Destroying parent object
I2026-10-07 11:32:03.343081 ( 3584) [INFO] [VCAMDS] Destroying WndMsg Listener Window
I2026-10-07 11:32:03.344084 ( 3584) [INFO] [VCAMDS] Destroyed window
I2026-10-07 11:32:03.344589 ( 3584) [INFO] [VCAMDS] Unregistered window class
I2026-10-07 11:32:03.344589 ( 3584) [INFO] [VCAMDS] NvMxnCltShmConsumer Skip removing app tracker DLL loaded status. Parent source filter is not initialized
I2026-10-07 11:32:05.354368 ( 3584) [INFO] [VCAMDS] Creating WndMsg Listener Window
I2026-10-07 11:32:05.358880 ( 3584) [INFO] [VCAMDS] Destroying parent object
I2026-10-07 11:32:05.358880 ( 3584) [INFO] [VCAMDS] Destroying WndMsg Listener Window
I2026-10-07 11:32:05.361397 ( 3584) [INFO] [VCAMDS] Destroyed window
I2026-10-07 11:32:05.361397 ( 3584) [INFO] [VCAMDS] Unregistered window class
I2026-10-07 11:32:05.361397 ( 3584) [INFO] [VCAMDS] NvMxnCltShmConsumer Skip removing app tracker DLL loaded status. Parent source filter is not initialized
I2026-10-07 11:32:07.371625 ( 3584) [INFO] [VCAMDS] Creating WndMsg Listener Window
I2026-10-07 11:32:07.384598 ( 3584) [INFO] [VCAMDS] Destroying parent object
I2026-10-07 11:32:07.384598 ( 3584) [INFO] [VCAMDS] Destroying WndMsg Listener Window
I2026-10-07 11:32:07.386102 ( 3584) [INFO] [VCAMDS] Destroyed window
I2026-10-07 11:32:07.387108 ( 3584) [INFO] [VCAMDS] Unregistered window class
I2026-10-07 11:32:07.387108 ( 3584) [INFO] [VCAMDS] NvMxnCltShmConsumer Skip removing app tracker DLL loaded status. Parent source filter is not initialized
I2026-10-07 11:32:09.396736 ( 3584) [INFO] [VCAMDS] Creating WndMsg Listener Window
I2026-10-07 11:32:09.400738 ( 3584) [INFO] [VCAMDS] Destroying parent object
I2026-10-07 11:32:09.401736 ( 3584) [INFO] [VCAMDS] Destroying WndMsg Listener Window
I2026-10-07 11:32:09.402736 ( 3584) [INFO] [VCAMDS] Destroyed window
I2026-10-07 11:32:09.403736 ( 3584) [INFO] [VCAMDS] Unregistered window class
I2026-10-07 11:32:09.403736 ( 3584) [INFO] [VCAMDS] NvMxnCltShmConsumer Skip removing app tracker DLL loaded status. Parent source filter is not initialized
I2026-10-07 11:32:11.411327 ( 3584) [INFO] [VCAMDS] Creating WndMsg Listener Window
I2026-10-07 11:32:11.415832 ( 3584) [INFO] [VCAMDS] Destroying parent object
I2026-10-07 11:32:11.415832 ( 3584) [INFO] [VCAMDS] Destroying WndMsg Listener Window
I2026-10-07 11:32:11.417838 ( 3584) [INFO] [VCAMDS] Destroyed window
I2026-10-07 11:32:11.417838 ( 3584) [INFO] [VCAMDS] Unregistered window class
I2026-10-07 11:32:11.417838 ( 3584) [INFO] [VCAMDS] NvMxnCltShmConsumer Skip removing app tracker DLL loaded status. Parent source filter is not initialized
I2026-10-07 11:32:13.425748 ( 3584) [INFO] [VCAMDS] Creating WndMsg Listener Window
I2026-10-07 11:32:13.429272 ( 3584) [INFO] [VCAMDS] Destroying parent object
I2026-10-07 11:32:13.429272 ( 3584) [INFO] [VCAMDS] Destroying WndMsg Listener Window
I2026-10-07 11:32:13.431273 ( 3584) [INFO] [VCAMDS] Destroyed window
I2026-10-07 11:32:13.431273 ( 3584) [INFO] [VCAMDS] Unregistered window class
I2026-10-07 11:32:13.431273 ( 3584) [INFO] [VCAMDS] NvMxnCltShmConsumer Skip removing app tracker DLL loaded status. Parent source filter is not initialized
I2026-10-07 11:32:15.440977 ( 3584) [INFO] [VCAMDS] Creating WndMsg Listener Window
I2026-10-07 11:32:15.445037 ( 3584) [INFO] [VCAMDS] Destroying parent object
I2026-10-07 11:32:15.446038 ( 3584) [INFO] [VCAMDS] Destroying WndMsg Listener Window
I2026-10-07 11:32:15.447103 ( 3584) [INFO] [VCAMDS] Destroyed window
I2026-10-07 11:32:15.447103 ( 3584) [INFO] [VCAMDS] Unregistered window class
I2026-10-07 11:32:15.448108 ( 3584) [INFO] [VCAMDS] NvMxnCltShmConsumer Skip removing app tracker DLL loaded status. Parent source filter is not initialized
I2026-10-07 11:32:17.459750 ( 3584) [INFO] [VCAMDS] Creating WndMsg Listener Window
I2026-10-07 11:32:17.465750 ( 3584) [INFO] [VCAMDS] Destroying parent object
I2026-10-07 11:32:17.466254 ( 3584) [INFO] [VCAMDS] Destroying WndMsg Listener Window
I2026-10-07 11:32:17.467262 ( 3584) [INFO] [VCAMDS] Destroyed window
I2026-10-07 11:32:17.469269 ( 3584) [INFO] [VCAMDS] Unregistered window class
I2026-10-07 11:32:17.469269 ( 3584) [INFO] [VCAMDS] NvMxnCltShmConsumer Skip removing app tracker DLL loaded status. Parent source filter is not initialized
I2026-10-07 11:32:19.480406 ( 3584) [INFO] [VCAMDS] Creating WndMsg Listener Window
I2026-10-07 11:32:19.483409 ( 3584) [INFO] [VCAMDS] Destroying parent object
I2026-10-07 11:32:19.484405 ( 3584) [INFO] [VCAMDS] Destroying WndMsg Listener Window
I2026-10-07 11:32:19.485909 ( 3584) [INFO] [VCAMDS] Destroyed window
I2026-10-07 11:32:19.485909 ( 3584) [INFO] [VCAMDS] Unregistered window class
I2026-10-07 11:32:19.485909 ( 3584) [INFO] [VCAMDS] NvMxnCltShmConsumer Skip removing app tracker DLL loaded status. Parent source filter is not initialized
I2026-10-07 11:32:21.497648 ( 3584) [INFO] [VCAMDS] Creating WndMsg Listener Window
I2026-10-07 11:32:21.500656 ( 3584) [INFO] [VCAMDS] Destroying parent object
I2026-10-07 11:32:21.500656 ( 3584) [INFO] [VCAMDS] Destroying WndMsg Listener Window
I2026-10-07 11:32:21.502652 ( 3584) [INFO] [VCAMDS] Destroyed window
I2026-10-07 11:32:21.503656 ( 3584) [INFO] [VCAMDS] Unregistered window class
I2026-10-07 11:32:21.503656 ( 3584) [INFO] [VCAMDS] NvMxnCltShmConsumer Skip removing app tracker DLL loaded status. Parent source filter is not initialized
I2026-10-07 11:32:23.513120 ( 3584) [INFO] [VCAMDS] Creating WndMsg Listener Window
I2026-10-07 11:32:23.517107 ( 3584) [INFO] [VCAMDS] Destroying parent object
I2026-10-07 11:32:23.518337 ( 3584) [INFO] [VCAMDS] Destroying WndMsg Listener Window
I2026-10-07 11:32:23.520344 ( 3584) [INFO] [VCAMDS] Destroyed window
I2026-10-07 11:32:23.520344 ( 3584) [INFO] [VCAMDS] Unregistered window class
I2026-10-07 11:32:23.520344 ( 3584) [INFO] [VCAMDS] NvMxnCltShmConsumer Skip removing app tracker DLL loaded status. Parent source filter is not initialized
I2026-10-07 11:32:25.527269 ( 3584) [INFO] [VCAMDS] Creating WndMsg Listener Window
I2026-10-07 11:32:25.530274 ( 3584) [INFO] [VCAMDS] Destroying parent object
I2026-10-07 11:32:25.531275 ( 3584) [INFO] [VCAMDS] Destroying WndMsg Listener Window
I2026-10-07 11:32:25.532276 ( 3584) [INFO] [VCAMDS] Destroyed window
I2026-10-07 11:32:25.532276 ( 3584) [INFO] [VCAMDS] Unregistered window class
I2026-10-07 11:32:25.532276 ( 3584) [INFO] [VCAMDS] NvMxnCltShmConsumer Skip removing app tracker DLL loaded status. Parent source filter is not initialized
I2026-10-07 11:32:27.539297 ( 3584) [INFO] [VCAMDS] Creating WndMsg Listener Window
I2026-10-07 11:32:27.543807 ( 3584) [INFO] [VCAMDS] Destroying parent object
I2026-10-07 11:32:27.543807 ( 3584) [INFO] [VCAMDS] Destroying WndMsg Listener Window
I2026-10-07 11:32:27.545747 ( 3584) [INFO] [VCAMDS] Destroyed window
I2026-10-07 11:32:27.546753 ( 3584) [INFO] [VCAMDS] Unregistered window class
I2026-10-07 11:32:27.546753 ( 3584) [INFO] [VCAMDS] NvMxnCltShmConsumer Skip removing app tracker DLL loaded status. Parent source filter is not initialized
I2026-10-07 11:32:29.555653 ( 3584) [INFO] [VCAMDS] Creating WndMsg Listener Window
I2026-10-07 11:32:29.559664 ( 3584) [INFO] [VCAMDS] Destroying parent object
I2026-10-07 11:32:29.560660 ( 3584) [INFO] [VCAMDS] Destroying WndMsg Listener Window
I2026-10-07 11:32:29.562661 ( 3584) [INFO] [VCAMDS] Destroyed window
I2026-10-07 11:32:29.564661 ( 3584) [INFO] [VCAMDS] Unregistered window class
I2026-10-07 11:32:29.564661 ( 3584) [INFO] [VCAMDS] NvMxnCltShmConsumer Skip removing app tracker DLL loaded status. Parent source filter is not initialized
I2026-10-07 11:32:31.579751 ( 3584) [INFO] [VCAMDS] Creating WndMsg Listener Window
I2026-10-07 11:32:31.584314 ( 3584) [INFO] [VCAMDS] Destroying parent object
I2026-10-07 11:32:31.585824 ( 3584) [INFO] [VCAMDS] Destroying WndMsg Listener Window
I2026-10-07 11:32:31.587834 ( 3584) [INFO] [VCAMDS] Destroyed window
I2026-10-07 11:32:31.588841 ( 3584) [INFO] [VCAMDS] Unregistered window class
I2026-10-07 11:32:31.588841 ( 3584) [INFO] [VCAMDS] NvMxnCltShmConsumer Skip removing app tracker DLL loaded status. Parent source filter is not initialized
I2026-10-07 11:32:33.600951 ( 3584) [INFO] [VCAMDS] Creating WndMsg Listener Window
I2026-10-07 11:32:33.605723 ( 3584) [INFO] [VCAMDS] Destroying parent object
I2026-10-07 11:32:33.606806 ( 3584) [INFO] [VCAMDS] Destroying WndMsg Listener Window
I2026-10-07 11:32:33.609172 ( 3584) [INFO] [VCAMDS] Destroyed window
I2026-10-07 11:32:33.610177 ( 3584) [INFO] [VCAMDS] Unregistered window class
I2026-10-07 11:32:33.610177 ( 3584) [INFO] [VCAMDS] NvMxnCltShmConsumer Skip removing app tracker DLL loaded status. Parent source filter is not initialized
I2026-10-07 11:32:35.619757 ( 3584) [INFO] [VCAMDS] Creating WndMsg Listener Window
I2026-10-07 11:32:35.624763 ( 3584) [INFO] [VCAMDS] Destroying parent object
I2026-10-07 11:32:35.624763 ( 3584) [INFO] [VCAMDS] Destroying WndMsg Listener Window
I2026-10-07 11:32:35.625765 ( 3584) [INFO] [VCAMDS] Destroyed window
I2026-10-07 11:32:35.626885 ( 3584) [INFO] [VCAMDS] Unregistered window class
I2026-10-07 11:32:35.626885 ( 3584) [INFO] [VCAMDS] NvMxnCltShmConsumer Skip removing app tracker DLL loaded status. Parent source filter is not initialized
I2026-10-07 11:32:37.636407 ( 3584) [INFO] [VCAMDS] Creating WndMsg Listener Window
I2026-10-07 11:32:37.640892 ( 3584) [INFO] [VCAMDS] Destroying parent object
I2026-10-07 11:32:37.642002 ( 3584) [INFO] [VCAMDS] Destroying WndMsg Listener Window
I2026-10-07 11:32:37.643014 ( 3584) [INFO] [VCAMDS] Destroyed window
I2026-10-07 11:32:37.643014 ( 3584) [INFO] [VCAMDS] Unregistered window class
I2026-10-07 11:32:37.644016 ( 3584) [INFO] [VCAMDS] NvMxnCltShmConsumer Skip removing app tracker DLL loaded status. Parent source filter is not initialized
I2026-10-07 11:32:39.651813 ( 3584) [INFO] [VCAMDS] Creating WndMsg Listener Window
I2026-10-07 11:32:39.655787 ( 3584) [INFO] [VCAMDS] Destroying parent object
I2026-10-07 11:32:39.655787 ( 3584) [INFO] [VCAMDS] Destroying WndMsg Listener Window
I2026-10-07 11:32:39.658301 ( 3584) [INFO] [VCAMDS] Destroyed window
I2026-10-07 11:32:39.658301 ( 3584) [INFO] [VCAMDS] Unregistered window class
I2026-10-07 11:32:39.658301 ( 3584) [INFO] [VCAMDS] NvMxnCltShmConsumer Skip removing app tracker DLL loaded status. Parent source filter is not initialized
I2026-10-07 11:32:41.667627 ( 3584) [INFO] [VCAMDS] Creating WndMsg Listener Window
I2026-10-07 11:32:41.672634 ( 3584) [INFO] [VCAMDS] Destroying parent object
I2026-10-07 11:32:41.672634 ( 3584) [INFO] [VCAMDS] Destroying WndMsg Listener Window
I2026-10-07 11:32:41.673632 ( 3584) [INFO] [VCAMDS] Destroyed window
I2026-10-07 11:32:41.675678 ( 3584) [INFO] [VCAMDS] Unregistered window class
I2026-10-07 11:32:41.675678 ( 3584) [INFO] [VCAMDS] NvMxnCltShmConsumer Skip removing app tracker DLL loaded status. Parent source filter is not initialized
I2026-10-07 11:32:43.686091 ( 3584) [INFO] [VCAMDS] Creating WndMsg Listener Window
I2026-10-07 11:32:43.690798 ( 3584) [INFO] [VCAMDS] Destroying parent object
I2026-10-07 11:32:43.691797 ( 3584) [INFO] [VCAMDS] Destroying WndMsg Listener Window
I2026-10-07 11:32:43.693850 ( 3584) [INFO] [VCAMDS] Destroyed window
I2026-10-07 11:32:43.694666 ( 3584) [INFO] [VCAMDS] Unregistered window class
I2026-10-07 11:32:43.694666 ( 3584) [INFO] [VCAMDS] NvMxnCltShmConsumer Skip removing app tracker DLL loaded status. Parent source filter is not initialized
I2026-10-07 11:32:45.704721 ( 3584) [INFO] [VCAMDS] Creating WndMsg Listener Window
I2026-10-07 11:32:45.707854 ( 3584) [INFO] [VCAMDS] Destroying parent object
I2026-10-07 11:32:45.709360 ( 3584) [INFO] [VCAMDS] Destroying WndMsg Listener Window
I2026-10-07 11:32:45.711369 ( 3584) [INFO] [VCAMDS] Destroyed window
I2026-10-07 11:32:45.711369 ( 3584) [INFO] [VCAMDS] Unregistered window class
I2026-10-07 11:32:45.711369 ( 3584) [INFO] [VCAMDS] NvMxnCltShmConsumer Skip removing app tracker DLL loaded status. Parent source filter is not initialized
I2026-10-07 11:32:47.720957 ( 3584) [INFO] [VCAMDS] Creating WndMsg Listener Window
I2026-10-07 11:32:47.725955 ( 3584) [INFO] [VCAMDS] Destroying parent object
I2026-10-07 11:32:47.725955 ( 3584) [INFO] [VCAMDS] Destroying WndMsg Listener Window
I2026-10-07 11:32:47.727988 ( 3584) [INFO] [VCAMDS] Destroyed window
I2026-10-07 11:32:47.728993 ( 3584) [INFO] [VCAMDS] Unregistered window class
I2026-10-07 11:32:47.728993 ( 3584) [INFO] [VCAMDS] NvMxnCltShmConsumer Skip removing app tracker DLL loaded status. Parent source filter is not initialized
I2026-10-07 11:32:49.734838 ( 3584) [INFO] [VCAMDS] Creating WndMsg Listener Window
I2026-10-07 11:32:49.741357 ( 3584) [INFO] [VCAMDS] Destroying parent object
I2026-10-07 11:32:49.741357 ( 3584) [INFO] [VCAMDS] Destroying WndMsg Listener Window
I2026-10-07 11:32:49.743355 ( 3584) [INFO] [VCAMDS] Destroyed window
I2026-10-07 11:32:49.743355 ( 3584) [INFO] [VCAMDS] Unregistered window class
I2026-10-07 11:32:49.743355 ( 3584) [INFO] [VCAMDS] NvMxnCltShmConsumer Skip removing app tracker DLL loaded status. Parent source filter is not initialized
I2026-10-07 11:32:51.758814 ( 3584) [INFO] [VCAMDS] Creating WndMsg Listener Window
I2026-10-07 11:32:51.763334 ( 3584) [INFO] [VCAMDS] Destroying parent object
I2026-10-07 11:32:51.763837 ( 3584) [INFO] [VCAMDS] Destroying WndMsg Listener Window
I2026-10-07 11:32:51.764842 ( 3584) [INFO] [VCAMDS] Destroyed window
I2026-10-07 11:32:51.765993 ( 3584) [INFO] [VCAMDS] Unregistered window class
I2026-10-07 11:32:51.765993 ( 3584) [INFO] [VCAMDS] NvMxnCltShmConsumer Skip removing app tracker DLL loaded status. Parent source filter is not initialized
I2026-10-07 11:32:53.777261 ( 3584) [INFO] [VCAMDS] Creating WndMsg Listener Window
I2026-10-07 11:32:53.784266 ( 3584) [INFO] [VCAMDS] Destroying parent object
I2026-10-07 11:32:53.784266 ( 3584) [INFO] [VCAMDS] Destroying WndMsg Listener Window
I2026-10-07 11:32:53.786777 ( 3584) [INFO] [VCAMDS] Destroyed window
I2026-10-07 11:32:53.786777 ( 3584) [INFO] [VCAMDS] Unregistered window class
I2026-10-07 11:32:53.786777 ( 3584) [INFO] [VCAMDS] NvMxnCltShmConsumer Skip removing app tracker DLL loaded status. Parent source filter is not initialized
I2026-10-07 11:32:55.796348 ( 3584) [INFO] [VCAMDS] Creating WndMsg Listener Window
I2026-10-07 11:32:55.801379 ( 3584) [INFO] [VCAMDS] Destroying parent object
I2026-10-07 11:32:55.801900 ( 3584) [INFO] [VCAMDS] Destroying WndMsg Listener Window
I2026-10-07 11:32:55.802909 ( 3584) [INFO] [VCAMDS] Destroyed window
I2026-10-07 11:32:55.802909 ( 3584) [INFO] [VCAMDS] Unregistered window class
I2026-10-07 11:32:55.802909 ( 3584) [INFO] [VCAMDS] NvMxnCltShmConsumer Skip removing app tracker DLL loaded status. Parent source filter is not initialized
I2026-10-07 11:32:57.812057 ( 3584) [INFO] [VCAMDS] Creating WndMsg Listener Window
I2026-10-07 11:32:57.816138 ( 3584) [INFO] [VCAMDS] Destroying parent object
I2026-10-07 11:32:57.817144 ( 3584) [INFO] [VCAMDS] Destroying WndMsg Listener Window
I2026-10-07 11:32:57.818655 ( 3584) [INFO] [VCAMDS] Destroyed window
I2026-10-07 11:32:57.818655 ( 3584) [INFO] [VCAMDS] Unregistered window class
I2026-10-07 11:32:57.818655 ( 3584) [INFO] [VCAMDS] NvMxnCltShmConsumer Skip removing app tracker DLL loaded status. Parent source filter is not initialized
I2026-10-07 11:32:59.827713 ( 3584) [INFO] [VCAMDS] Creating WndMsg Listener Window
I2026-10-07 11:32:59.830224 ( 3584) [INFO] [VCAMDS] Destroying parent object
I2026-10-07 11:32:59.830224 ( 3584) [INFO] [VCAMDS] Destroying WndMsg Listener Window
I2026-10-07 11:32:59.832232 ( 3584) [INFO] [VCAMDS] Destroyed window
I2026-10-07 11:32:59.832232 ( 3584) [INFO] [VCAMDS] Unregistered window class
I2026-10-07 11:32:59.832232 ( 3584) [INFO] [VCAMDS] NvMxnCltShmConsumer Skip removing app tracker DLL loaded status. Parent source filter is not initialized
I2026-10-07 11:33:01.839346 ( 3584) [INFO] [VCAMDS] Creating WndMsg Listener Window
I2026-10-07 11:33:01.843860 ( 3584) [INFO] [VCAMDS] Destroying parent object
I2026-10-07 11:33:01.843860 ( 3584) [INFO] [VCAMDS] Destroying WndMsg Listener Window
I2026-10-07 11:33:01.844856 ( 3584) [INFO] [VCAMDS] Destroyed window
I2026-10-07 11:33:01.844856 ( 3584) [INFO] [VCAMDS] Unregistered window class
I2026-10-07 11:33:01.845857 ( 3584) [INFO] [VCAMDS] NvMxnCltShmConsumer Skip removing app tracker DLL loaded status. Parent source filter is not initialized
I2026-10-07 11:33:03.853649 ( 3584) [INFO] [VCAMDS] Creating WndMsg Listener Window
I2026-10-07 11:33:03.859246 ( 3584) [INFO] [VCAMDS] Destroying parent object
I2026-10-07 11:33:03.860246 ( 3584) [INFO] [VCAMDS] Destroying WndMsg Listener Window
I2026-10-07 11:33:03.861750 ( 3584) [INFO] [VCAMDS] Destroyed window
I2026-10-07 11:33:03.863260 ( 3584) [INFO] [VCAMDS] Unregistered window class
I2026-10-07 11:33:03.863260 ( 3584) [INFO] [VCAMDS] NvMxnCltShmConsumer Skip removing app tracker DLL loaded status. Parent source filter is not initialized
I2026-10-07 11:33:05.871306 ( 3584) [INFO] [VCAMDS] Creating WndMsg Listener Window
I2026-10-07 11:33:05.875942 ( 3584) [INFO] [VCAMDS] Destroying parent object
I2026-10-07 11:33:05.875942 ( 3584) [INFO] [VCAMDS] Destroying WndMsg Listener Window
I2026-10-07 11:33:05.879043 ( 3584) [INFO] [VCAMDS] Destroyed window
I2026-10-07 11:33:05.879043 ( 3584) [INFO] [VCAMDS] Unregistered window class
I2026-10-07 11:33:05.879043 ( 3584) [INFO] [VCAMDS] NvMxnCltShmConsumer Skip removing app tracker DLL loaded status. Parent source filter is not initialized
I2026-10-07 11:33:07.886812 ( 3584) [INFO] [VCAMDS] Creating WndMsg Listener Window
I2026-10-07 11:33:07.888814 ( 3584) [INFO] [VCAMDS] Destroying parent object
I2026-10-07 11:33:07.889814 ( 3584) [INFO] [VCAMDS] Destroying WndMsg Listener Window
I2026-10-07 11:33:07.890817 ( 3584) [INFO] [VCAMDS] Destroyed window
I2026-10-07 11:33:07.890817 ( 3584) [INFO] [VCAMDS] Unregistered window class
I2026-10-07 11:33:07.891815 ( 3584) [INFO] [VCAMDS] NvMxnCltShmConsumer Skip removing app tracker DLL loaded status. Parent source filter is not initialized
I2026-10-07 11:33:09.899008 ( 3584) [INFO] [VCAMDS] Creating WndMsg Listener Window
I2026-10-07 11:33:09.903008 ( 3584) [INFO] [VCAMDS] Destroying parent object
I2026-10-07 11:33:09.903008 ( 3584) [INFO] [VCAMDS] Destroying WndMsg Listener Window
I2026-10-07 11:33:09.905007 ( 3584) [INFO] [VCAMDS] Destroyed window
I2026-10-07 11:33:09.905007 ( 3584) [INFO] [VCAMDS] Unregistered window class
I2026-10-07 11:33:09.905007 ( 3584) [INFO] [VCAMDS] NvMxnCltShmConsumer Skip removing app tracker DLL loaded status. Parent source filter is not initialized
I2026-10-07 11:33:11.912909 ( 3584) [INFO] [VCAMDS] Creating WndMsg Listener Window
I2026-10-07 11:33:11.915910 ( 3584) [INFO] [VCAMDS] Destroying parent object
I2026-10-07 11:33:11.915910 ( 3584) [INFO] [VCAMDS] Destroying WndMsg Listener Window
I2026-10-07 11:33:11.916983 ( 3584) [INFO] [VCAMDS] Destroyed window
I2026-10-07 11:33:11.917985 ( 3584) [INFO] [VCAMDS] Unregistered window class
I2026-10-07 11:33:11.917985 ( 3584) [INFO] [VCAMDS] NvMxnCltShmConsumer Skip removing app tracker DLL loaded status. Parent source filter is not initialized
I2026-10-07 11:33:13.924013 ( 3584) [INFO] [VCAMDS] Creating WndMsg Listener Window
I2026-10-07 11:33:13.926520 ( 3584) [INFO] [VCAMDS] Destroying parent object
I2026-10-07 11:33:13.926520 ( 3584) [INFO] [VCAMDS] Destroying WndMsg Listener Window
I2026-10-07 11:33:13.927527 ( 3584) [INFO] [VCAMDS] Destroyed window
I2026-10-07 11:33:13.928535 ( 3584) [INFO] [VCAMDS] Unregistered window class
I2026-10-07 11:33:13.928535 ( 3584) [INFO] [VCAMDS] NvMxnCltShmConsumer Skip removing app tracker DLL loaded status. Parent source filter is not initialized
I2026-10-07 11:33:15.938920 ( 3584) [INFO] [VCAMDS] Creating WndMsg Listener Window
I2026-10-07 11:33:15.941918 ( 3584) [INFO] [VCAMDS] Destroying parent object
I2026-10-07 11:33:15.942919 ( 3584) [INFO] [VCAMDS] Destroying WndMsg Listener Window
I2026-10-07 11:33:15.944954 ( 3584) [INFO] [VCAMDS] Destroyed window
I2026-10-07 11:33:15.944954 ( 3584) [INFO] [VCAMDS] Unregistered window class
I2026-10-07 11:33:15.945955 ( 3584) [INFO] [VCAMDS] NvMxnCltShmConsumer Skip removing app tracker DLL loaded status. Parent source filter is not initialized
I2026-10-07 11:33:18.007017 ( 3584) [INFO] [VCAMDS] Creating WndMsg Listener Window
I2026-10-07 11:33:18.012022 ( 3584) [INFO] [VCAMDS] Destroying parent object
I2026-10-07 11:33:18.013023 ( 3584) [INFO] [VCAMDS] Destroying WndMsg Listener Window
I2026-10-07 11:33:18.014022 ( 3584) [INFO] [VCAMDS] Destroyed window
I2026-10-07 11:33:18.015331 ( 3584) [INFO] [VCAMDS] Unregistered window class
I2026-10-07 11:33:18.015834 ( 3584) [INFO] [VCAMDS] NvMxnCltShmConsumer Skip removing app tracker DLL loaded status. Parent source filter is not initialized
I2026-10-07 11:33:20.081614 ( 3584) [INFO] [VCAMDS] Creating WndMsg Listener Window
I2026-10-07 11:33:20.084610 ( 3584) [INFO] [VCAMDS] Destroying parent object
I2026-10-07 11:33:20.084610 ( 3584) [INFO] [VCAMDS] Destroying WndMsg Listener Window
I2026-10-07 11:33:20.086117 ( 3584) [INFO] [VCAMDS] Destroyed window
I2026-10-07 11:33:20.087122 ( 3584) [INFO] [VCAMDS] Unregistered window class
I2026-10-07 11:33:20.087122 ( 3584) [INFO] [VCAMDS] NvMxnCltShmConsumer Skip removing app tracker DLL loaded status. Parent source filter is not initialized
I2026-10-07 11:33:22.093456 ( 3584) [INFO] [VCAMDS] Creating WndMsg Listener Window
I2026-10-07 11:33:22.096982 ( 3584) [INFO] [VCAMDS] Destroying parent object
I2026-10-07 11:33:22.096982 ( 3584) [INFO] [VCAMDS] Destroying WndMsg Listener Window
I2026-10-07 11:33:22.098989 ( 3584) [INFO] [VCAMDS] Destroyed window
I2026-10-07 11:33:22.098989 ( 3584) [INFO] [VCAMDS] Unregistered window class
I2026-10-07 11:33:22.098989 ( 3584) [INFO] [VCAMDS] NvMxnCltShmConsumer Skip removing app tracker DLL loaded status. Parent source filter is not initialized
I2026-10-07 11:33:24.107228 ( 3584) [INFO] [VCAMDS] Creating WndMsg Listener Window
I2026-10-07 11:33:24.111234 ( 3584) [INFO] [VCAMDS] Destroying parent object
I2026-10-07 11:33:24.112233 ( 3584) [INFO] [VCAMDS] Destroying WndMsg Listener Window
I2026-10-07 11:33:24.113588 ( 3584) [INFO] [VCAMDS] Destroyed window
I2026-10-07 11:33:24.114599 ( 3584) [INFO] [VCAMDS] Unregistered window class
I2026-10-07 11:33:24.114599 ( 3584) [INFO] [VCAMDS] NvMxnCltShmConsumer Skip removing app tracker DLL loaded status. Parent source filter is not initialized
I2026-10-07 11:33:26.121860 ( 3584) [INFO] [VCAMDS] Creating WndMsg Listener Window
I2026-10-07 11:33:26.123858 ( 3584) [INFO] [VCAMDS] Destroying parent object
I2026-10-07 11:33:26.124859 ( 3584) [INFO] [VCAMDS] Destroying WndMsg Listener Window
I2026-10-07 11:33:26.124859 ( 3584) [INFO] [VCAMDS] Destroyed window
I2026-10-07 11:33:26.124859 ( 3584) [INFO] [VCAMDS] Unregistered window class
I2026-10-07 11:33:26.125859 ( 3584) [INFO] [VCAMDS] NvMxnCltShmConsumer Skip removing app tracker DLL loaded status. Parent source filter is not initialized
I2026-10-07 11:33:28.130980 ( 3584) [INFO] [VCAMDS] Creating WndMsg Listener Window
I2026-10-07 11:33:28.133981 ( 3584) [INFO] [VCAMDS] Destroying parent object
I2026-10-07 11:33:28.133981 ( 3584) [INFO] [VCAMDS] Destroying WndMsg Listener Window
I2026-10-07 11:33:28.133981 ( 3584) [INFO] [VCAMDS] Destroyed window
I2026-10-07 11:33:28.135139 ( 3584) [INFO] [VCAMDS] Unregistered window class
I2026-10-07 11:33:28.135139 ( 3584) [INFO] [VCAMDS] NvMxnCltShmConsumer Skip removing app tracker DLL loaded status. Parent source filter is not initialized
I2026-10-07 11:33:30.140913 ( 3584) [INFO] [VCAMDS] Creating WndMsg Listener Window
I2026-10-07 11:33:30.143946 ( 3584) [INFO] [VCAMDS] Destroying parent object
I2026-10-07 11:33:30.143946 ( 3584) [INFO] [VCAMDS] Destroying WndMsg Listener Window
I2026-10-07 11:33:30.145450 ( 3584) [INFO] [VCAMDS] Destroyed window
I2026-10-07 11:33:30.145968 ( 3584) [INFO] [VCAMDS] Unregistered window class
I2026-10-07 11:33:30.145968 ( 3584) [INFO] [VCAMDS] NvMxnCltShmConsumer Skip removing app tracker DLL loaded status. Parent source filter is not initialized
I2026-10-07 11:33:32.153597 ( 3584) [INFO] [VCAMDS] Creating WndMsg Listener Window
I2026-10-07 11:33:32.157262 ( 3584) [INFO] [VCAMDS] Destroying parent object
I2026-10-07 11:33:32.158250 ( 3584) [INFO] [VCAMDS] Destroying WndMsg Listener Window
I2026-10-07 11:33:32.159246 ( 3584) [INFO] [VCAMDS] Destroyed window
I2026-10-07 11:33:32.159246 ( 3584) [INFO] [VCAMDS] Unregistered window class
I2026-10-07 11:33:32.159246 ( 3584) [INFO] [VCAMDS] NvMxnCltShmConsumer Skip removing app tracker DLL loaded status. Parent source filter is not initialized
I2026-10-07 11:33:34.167618 ( 3584) [INFO] [VCAMDS] Creating WndMsg Listener Window
I2026-10-07 11:33:34.171618 ( 3584) [INFO] [VCAMDS] Destroying parent object
I2026-10-07 11:33:34.172617 ( 3584) [INFO] [VCAMDS] Destroying WndMsg Listener Window
I2026-10-07 11:33:34.173619 ( 3584) [INFO] [VCAMDS] Destroyed window
I2026-10-07 11:33:34.173619 ( 3584) [INFO] [VCAMDS] Unregistered window class
I2026-10-07 11:33:34.173619 ( 3584) [INFO] [VCAMDS] NvMxnCltShmConsumer Skip removing app tracker DLL loaded status. Parent source filter is not initialized
I2026-10-07 11:33:36.182482 ( 3584) [INFO] [VCAMDS] Creating WndMsg Listener Window
I2026-10-07 11:33:36.186288 ( 3584) [INFO] [VCAMDS] Destroying parent object
I2026-10-07 11:33:36.186288 ( 3584) [INFO] [VCAMDS] Destroying WndMsg Listener Window
I2026-10-07 11:33:36.187294 ( 3584) [INFO] [VCAMDS] Destroyed window
I2026-10-07 11:33:36.187294 ( 3584) [INFO] [VCAMDS] Unregistered window class
I2026-10-07 11:33:36.187294 ( 3584) [INFO] [VCAMDS] NvMxnCltShmConsumer Skip removing app tracker DLL loaded status. Parent source filter is not initialized
I2026-10-07 11:33:38.194052 ( 3584) [INFO] [VCAMDS] Creating WndMsg Listener Window
I2026-10-07 11:33:38.196555 ( 3584) [INFO] [VCAMDS] Destroying parent object
I2026-10-07 11:33:38.196555 ( 3584) [INFO] [VCAMDS] Destroying WndMsg Listener Window
I2026-10-07 11:33:38.197562 ( 3584) [INFO] [VCAMDS] Destroyed window
I2026-10-07 11:33:38.198561 ( 3584) [INFO] [VCAMDS] Unregistered window class
I2026-10-07 11:33:38.198561 ( 3584) [INFO] [VCAMDS] NvMxnCltShmConsumer Skip removing app tracker DLL loaded status. Parent source filter is not initialized
I2026-10-07 11:33:40.205967 ( 3584) [INFO] [VCAMDS] Creating WndMsg Listener Window
I2026-10-07 11:33:40.209441 ( 3584) [INFO] [VCAMDS] Destroying parent object
I2026-10-07 11:33:40.209441 ( 3584) [INFO] [VCAMDS] Destroying WndMsg Listener Window
I2026-10-07 11:33:40.211447 ( 3584) [INFO] [VCAMDS] Destroyed window
I2026-10-07 11:33:40.211447 ( 3584) [INFO] [VCAMDS] Unregistered window class
I2026-10-07 11:33:40.211447 ( 3584) [INFO] [VCAMDS] NvMxnCltShmConsumer Skip removing app tracker DLL loaded status. Parent source filter is not initialized
I2026-10-07 11:33:42.219872 ( 3584) [INFO] [VCAMDS] Creating WndMsg Listener Window
I2026-10-07 11:33:42.222872 ( 3584) [INFO] [VCAMDS] Destroying parent object
I2026-10-07 11:33:42.222872 ( 3584) [INFO] [VCAMDS] Destroying WndMsg Listener Window
I2026-10-07 11:33:42.224375 ( 3584) [INFO] [VCAMDS] Destroyed window
I2026-10-07 11:33:42.224375 ( 3584) [INFO] [VCAMDS] Unregistered window class
I2026-10-07 11:33:42.224375 ( 3584) [INFO] [VCAMDS] NvMxnCltShmConsumer Skip removing app tracker DLL loaded status. Parent source filter is not initialized
I2026-10-07 11:33:44.231935 ( 3584) [INFO] [VCAMDS] Creating WndMsg Listener Window
I2026-10-07 11:33:44.235951 ( 3584) [INFO] [VCAMDS] Destroying parent object
I2026-10-07 11:33:44.235951 ( 3584) [INFO] [VCAMDS] Destroying WndMsg Listener Window
I2026-10-07 11:33:44.237958 ( 3584) [INFO] [VCAMDS] Destroyed window
I2026-10-07 11:33:44.237958 ( 3584) [INFO] [VCAMDS] Unregistered window class
I2026-10-07 11:33:44.237958 ( 3584) [INFO] [VCAMDS] NvMxnCltShmConsumer Skip removing app tracker DLL loaded status. Parent source filter is not initialized
I2026-10-07 11:33:46.251861 ( 3584) [INFO] [VCAMDS] Creating WndMsg Listener Window
I2026-10-07 11:33:46.256366 ( 3584) [INFO] [VCAMDS] Destroying parent object
I2026-10-07 11:33:46.256366 ( 3584) [INFO] [VCAMDS] Destroying WndMsg Listener Window
I2026-10-07 11:33:46.258375 ( 3584) [INFO] [VCAMDS] Destroyed window
I2026-10-07 11:33:46.258375 ( 3584) [INFO] [VCAMDS] Unregistered window class
I2026-10-07 11:33:46.258375 ( 3584) [INFO] [VCAMDS] NvMxnCltShmConsumer Skip removing app tracker DLL loaded status. Parent source filter is not initialized
I2026-10-07 11:33:48.270591 ( 3584) [INFO] [VCAMDS] Creating WndMsg Listener Window
I2026-10-07 11:33:48.273665 ( 3584) [INFO] [VCAMDS] Destroying parent object
I2026-10-07 11:33:48.273665 ( 3584) [INFO] [VCAMDS] Destroying WndMsg Listener Window
I2026-10-07 11:33:48.275175 ( 3584) [INFO] [VCAMDS] Destroyed window
I2026-10-07 11:33:48.275175 ( 3584) [INFO] [VCAMDS] Unregistered window class
I2026-10-07 11:33:48.275175 ( 3584) [INFO] [VCAMDS] NvMxnCltShmConsumer Skip removing app tracker DLL loaded status. Parent source filter is not initialized
I2026-10-07 11:33:50.281229 ( 3584) [INFO] [VCAMDS] Creating WndMsg Listener Window
I2026-10-07 11:33:50.285742 ( 3584) [INFO] [VCAMDS] Destroying parent object
I2026-10-07 11:33:50.285742 ( 3584) [INFO] [VCAMDS] Destroying WndMsg Listener Window
I2026-10-07 11:33:50.286748 ( 3584) [INFO] [VCAMDS] Destroyed window
I2026-10-07 11:33:50.287747 ( 3584) [INFO] [VCAMDS] Unregistered window class
I2026-10-07 11:33:50.287747 ( 3584) [INFO] [VCAMDS] NvMxnCltShmConsumer Skip removing app tracker DLL loaded status. Parent source filter is not initialized
I2026-10-07 11:33:52.337674 ( 3584) [INFO] [VCAMDS] Creating WndMsg Listener Window
I2026-10-07 11:33:52.347568 ( 3584) [INFO] [VCAMDS] Destroying parent object
I2026-10-07 11:33:52.349556 ( 3584) [INFO] [VCAMDS] Destroying WndMsg Listener Window
I2026-10-07 11:33:52.353438 ( 3584) [INFO] [VCAMDS] Destroyed window
I2026-10-07 11:33:52.354970 ( 3584) [INFO] [VCAMDS] Unregistered window class
I2026-10-07 11:33:52.354970 ( 3584) [INFO] [VCAMDS] NvMxnCltShmConsumer Skip removing app tracker DLL loaded status. Parent source filter is not initialized
I2026-10-07 11:33:54.407287 ( 3584) [INFO] [VCAMDS] Creating WndMsg Listener Window
I2026-10-07 11:33:54.410291 ( 3584) [INFO] [VCAMDS] Destroying parent object
I2026-10-07 11:33:54.411291 ( 3584) [INFO] [VCAMDS] Destroying WndMsg Listener Window
I2026-10-07 11:33:54.412292 ( 3584) [INFO] [VCAMDS] Destroyed window
I2026-10-07 11:33:54.412292 ( 3584) [INFO] [VCAMDS] Unregistered window class
I2026-10-07 11:33:54.412292 ( 3584) [INFO] [VCAMDS] NvMxnCltShmConsumer Skip removing app tracker DLL loaded status. Parent source filter is not initialized
I2026-10-07 11:33:56.418761 ( 3584) [INFO] [VCAMDS] Creating WndMsg Listener Window
I2026-10-07 11:33:56.421762 ( 3584) [INFO] [VCAMDS] Destroying parent object
I2026-10-07 11:33:56.424751 ( 3584) [INFO] [VCAMDS] Destroying WndMsg Listener Window
I2026-10-07 11:33:56.425753 ( 3584) [INFO] [VCAMDS] Destroyed window
I2026-10-07 11:33:56.425753 ( 3584) [INFO] [VCAMDS] Unregistered window class
I2026-10-07 11:33:56.425753 ( 3584) [INFO] [VCAMDS] NvMxnCltShmConsumer Skip removing app tracker DLL loaded status. Parent source filter is not initialized
I2026-10-07 11:33:58.433122 ( 3584) [INFO] [VCAMDS] Creating WndMsg Listener Window
I2026-10-07 11:33:58.436117 ( 3584) [INFO] [VCAMDS] Destroying parent object
I2026-10-07 11:33:58.437150 ( 3584) [INFO] [VCAMDS] Destroying WndMsg Listener Window
I2026-10-07 11:33:58.438150 ( 3584) [INFO] [VCAMDS] Destroyed window
I2026-10-07 11:33:58.438150 ( 3584) [INFO] [VCAMDS] Unregistered window class
I2026-10-07 11:33:58.438150 ( 3584) [INFO] [VCAMDS] NvMxnCltShmConsumer Skip removing app tracker DLL loaded status. Parent source filter is not initialized
I2026-10-07 11:34:00.443894 ( 3584) [INFO] [VCAMDS] Creating WndMsg Listener Window
I2026-10-07 11:34:00.446946 ( 3584) [INFO] [VCAMDS] Destroying parent object
I2026-10-07 11:34:00.446946 ( 3584) [INFO] [VCAMDS] Destroying WndMsg Listener Window
I2026-10-07 11:34:00.447945 ( 3584) [INFO] [VCAMDS] Destroyed window
I2026-10-07 11:34:00.447945 ( 3584) [INFO] [VCAMDS] Unregistered window class
I2026-10-07 11:34:00.447945 ( 3584) [INFO] [VCAMDS] NvMxnCltShmConsumer Skip removing app tracker DLL loaded status. Parent source filter is not initialized
I2026-10-07 11:34:02.452596 ( 3584) [INFO] [VCAMDS] Creating WndMsg Listener Window
I2026-10-07 11:34:02.456103 ( 3584) [INFO] [VCAMDS] Destroying parent object
I2026-10-07 11:34:02.456103 ( 3584) [INFO] [VCAMDS] Destroying WndMsg Listener Window
I2026-10-07 11:34:02.457111 ( 3584) [INFO] [VCAMDS] Destroyed window
I2026-10-07 11:34:02.457111 ( 3584) [INFO] [VCAMDS] Unregistered window class
I2026-10-07 11:34:02.458108 ( 3584) [INFO] [VCAMDS] NvMxnCltShmConsumer Skip removing app tracker DLL loaded status. Parent source filter is not initialized
I2026-10-07 11:34:04.463908 ( 3584) [INFO] [VCAMDS] Creating WndMsg Listener Window
I2026-10-07 11:34:04.465909 ( 3584) [INFO] [VCAMDS] Destroying parent object
I2026-10-07 11:34:04.467296 ( 3584) [INFO] [VCAMDS] Destroying WndMsg Listener Window
I2026-10-07 11:34:04.467296 ( 3584) [INFO] [VCAMDS] Destroyed window
I2026-10-07 11:34:04.467296 ( 3584) [INFO] [VCAMDS] Unregistered window class
I2026-10-07 11:34:04.468297 ( 3584) [INFO] [VCAMDS] NvMxnCltShmConsumer Skip removing app tracker DLL loaded status. Parent source filter is not initialized
I2026-10-07 11:34:06.473664 ( 3584) [INFO] [VCAMDS] Creating WndMsg Listener Window
I2026-10-07 11:34:06.485697 ( 3584) [INFO] [VCAMDS] Destroying parent object
I2026-10-07 11:34:06.486913 ( 3584) [INFO] [VCAMDS] Destroying WndMsg Listener Window
I2026-10-07 11:34:06.486913 ( 3584) [INFO] [VCAMDS] Destroyed window
I2026-10-07 11:34:06.487913 ( 3584) [INFO] [VCAMDS] Unregistered window class
I2026-10-07 11:34:06.487913 ( 3584) [INFO] [VCAMDS] NvMxnCltShmConsumer Skip removing app tracker DLL loaded status. Parent source filter is not initialized
I2026-10-07 11:34:08.495494 ( 3584) [INFO] [VCAMDS] Creating WndMsg Listener Window
I2026-10-07 11:34:08.498006 ( 3584) [INFO] [VCAMDS] Destroying parent object
I2026-10-07 11:34:08.498006 ( 3584) [INFO] [VCAMDS] Destroying WndMsg Listener Window
I2026-10-07 11:34:08.499006 ( 3584) [INFO] [VCAMDS] Destroyed window
I2026-10-07 11:34:08.500006 ( 3584) [INFO] [VCAMDS] Unregistered window class
I2026-10-07 11:34:08.500006 ( 3584) [INFO] [VCAMDS] NvMxnCltShmConsumer Skip removing app tracker DLL loaded status. Parent source filter is not initialized
I2026-10-07 11:34:10.505036 ( 3584) [INFO] [VCAMDS] Creating WndMsg Listener Window
I2026-10-07 11:34:10.507546 ( 3584) [INFO] [VCAMDS] Destroying parent object
I2026-10-07 11:34:10.507546 ( 3584) [INFO] [VCAMDS] Destroying WndMsg Listener Window
I2026-10-07 11:34:10.508546 ( 3584) [INFO] [VCAMDS] Destroyed window
I2026-10-07 11:34:10.508546 ( 3584) [INFO] [VCAMDS] Unregistered window class
I2026-10-07 11:34:10.508546 ( 3584) [INFO] [VCAMDS] NvMxnCltShmConsumer Skip removing app tracker DLL loaded status. Parent source filter is not initialized
I2026-10-07 11:34:12.514142 ( 3584) [INFO] [VCAMDS] Creating WndMsg Listener Window
I2026-10-07 11:34:12.516147 ( 3584) [INFO] [VCAMDS] Destroying parent object
I2026-10-07 11:34:12.516147 ( 3584) [INFO] [VCAMDS] Destroying WndMsg Listener Window
I2026-10-07 11:34:12.517249 ( 3584) [INFO] [VCAMDS] Destroyed window
I2026-10-07 11:34:12.517249 ( 3584) [INFO] [VCAMDS] Unregistered window class
I2026-10-07 11:34:12.518249 ( 3584) [INFO] [VCAMDS] NvMxnCltShmConsumer Skip removing app tracker DLL loaded status. Parent source filter is not initialized
I2026-10-07 11:34:14.523144 ( 3584) [INFO] [VCAMDS] Creating WndMsg Listener Window
I2026-10-07 11:34:14.528175 ( 3584) [INFO] [VCAMDS] Destroying parent object
I2026-10-07 11:34:14.528175 ( 3584) [INFO] [VCAMDS] Destroying WndMsg Listener Window
I2026-10-07 11:34:14.529177 ( 3584) [INFO] [VCAMDS] Destroyed window
I2026-10-07 11:34:14.529177 ( 3584) [INFO] [VCAMDS] Unregistered window class
I2026-10-07 11:34:14.530176 ( 3584) [INFO] [VCAMDS] NvMxnCltShmConsumer Skip removing app tracker DLL loaded status. Parent source filter is not initialized
I2026-10-07 11:34:16.537056 ( 3584) [INFO] [VCAMDS] Creating WndMsg Listener Window
I2026-10-07 11:34:16.539043 ( 3584) [INFO] [VCAMDS] Destroying parent object
I2026-10-07 11:34:16.539043 ( 3584) [INFO] [VCAMDS] Destroying WndMsg Listener Window
I2026-10-07 11:34:16.540043 ( 3584) [INFO] [VCAMDS] Destroyed window
I2026-10-07 11:34:16.540043 ( 3584) [INFO] [VCAMDS] Unregistered window class
I2026-10-07 11:34:16.540043 ( 3584) [INFO] [VCAMDS] NvMxnCltShmConsumer Skip removing app tracker DLL loaded status. Parent source filter is not initialized
I2026-10-07 11:34:18.545715 ( 3584) [INFO] [VCAMDS] Creating WndMsg Listener Window
I2026-10-07 11:34:18.549177 ( 3584) [INFO] [VCAMDS] Destroying parent object
I2026-10-07 11:34:18.549177 ( 3584) [INFO] [VCAMDS] Destroying WndMsg Listener Window
I2026-10-07 11:34:18.550185 ( 3584) [INFO] [VCAMDS] Destroyed window
I2026-10-07 11:34:18.551178 ( 3584) [INFO] [VCAMDS] Unregistered window class
I2026-10-07 11:34:18.551178 ( 3584) [INFO] [VCAMDS] NvMxnCltShmConsumer Skip removing app tracker DLL loaded status. Parent source filter is not initialized
I2026-10-07 11:34:20.557138 ( 3584) [INFO] [VCAMDS] Creating WndMsg Listener Window
I2026-10-07 11:34:20.560148 ( 3584) [INFO] [VCAMDS] Destroying parent object
I2026-10-07 11:34:20.560148 ( 3584) [INFO] [VCAMDS] Destroying WndMsg Listener Window
I2026-10-07 11:34:20.561138 ( 3584) [INFO] [VCAMDS] Destroyed window
I2026-10-07 11:34:20.561138 ( 3584) [INFO] [VCAMDS] Unregistered window class
I2026-10-07 11:34:20.561138 ( 3584) [INFO] [VCAMDS] NvMxnCltShmConsumer Skip removing app tracker DLL loaded status. Parent source filter is not initialized
I2026-10-07 11:34:22.566012 ( 3584) [INFO] [VCAMDS] Creating WndMsg Listener Window
I2026-10-07 11:34:22.569108 ( 3584) [INFO] [VCAMDS] Destroying parent object
I2026-10-07 11:34:22.569108 ( 3584) [INFO] [VCAMDS] Destroying WndMsg Listener Window
I2026-10-07 11:34:22.570107 ( 3584) [INFO] [VCAMDS] Destroyed window
I2026-10-07 11:34:22.570107 ( 3584) [INFO] [VCAMDS] Unregistered window class
I2026-10-07 11:34:22.570107 ( 3584) [INFO] [VCAMDS] NvMxnCltShmConsumer Skip removing app tracker DLL loaded status. Parent source filter is not initialized
I2026-10-07 11:34:24.575966 ( 3584) [INFO] [VCAMDS] Creating WndMsg Listener Window
I2026-10-07 11:34:24.578174 ( 3584) [INFO] [VCAMDS] Destroying parent object
I2026-10-07 11:34:24.579174 ( 3584) [INFO] [VCAMDS] Destroying WndMsg Listener Window
I2026-10-07 11:34:24.579174 ( 3584) [INFO] [VCAMDS] Destroyed window
I2026-10-07 11:34:24.580174 ( 3584) [INFO] [VCAMDS] Unregistered window class
I2026-10-07 11:34:24.580174 ( 3584) [INFO] [VCAMDS] NvMxnCltShmConsumer Skip removing app tracker DLL loaded status. Parent source filter is not initialized
I2026-10-07 11:34:26.585925 ( 3584) [INFO] [VCAMDS] Creating WndMsg Listener Window
I2026-10-07 11:34:26.590930 ( 3584) [INFO] [VCAMDS] Destroying parent object
I2026-10-07 11:34:26.590930 ( 3584) [INFO] [VCAMDS] Destroying WndMsg Listener Window
I2026-10-07 11:34:26.591930 ( 3584) [INFO] [VCAMDS] Destroyed window
I2026-10-07 11:34:26.592931 ( 3584) [INFO] [VCAMDS] Unregistered window class
I2026-10-07 11:34:26.592931 ( 3584) [INFO] [VCAMDS] NvMxnCltShmConsumer Skip removing app tracker DLL loaded status. Parent source filter is not initialized
I2026-10-07 11:34:28.599181 ( 3584) [INFO] [VCAMDS] Creating WndMsg Listener Window
I2026-10-07 11:34:28.603186 ( 3584) [INFO] [VCAMDS] Destroying parent object
I2026-10-07 11:34:28.604183 ( 3584) [INFO] [VCAMDS] Destroying WndMsg Listener Window
I2026-10-07 11:34:28.605691 ( 3584) [INFO] [VCAMDS] Destroyed window
I2026-10-07 11:34:28.605691 ( 3584) [INFO] [VCAMDS] Unregistered window class
I2026-10-07 11:34:28.605691 ( 3584) [INFO] [VCAMDS] NvMxnCltShmConsumer Skip removing app tracker DLL loaded status. Parent source filter is not initialized
I2026-10-07 11:34:30.610896 ( 3584) [INFO] [VCAMDS] Creating WndMsg Listener Window
I2026-10-07 11:34:30.612896 ( 3584) [INFO] [VCAMDS] Destroying parent object
I2026-10-07 11:34:30.612896 ( 3584) [INFO] [VCAMDS] Destroying WndMsg Listener Window
I2026-10-07 11:34:30.614399 ( 3584) [INFO] [VCAMDS] Destroyed window
I2026-10-07 11:34:30.614399 ( 3584) [INFO] [VCAMDS] Unregistered window class
I2026-10-07 11:34:30.614399 ( 3584) [INFO] [VCAMDS] NvMxnCltShmConsumer Skip removing app tracker DLL loaded status. Parent source filter is not initialized
I2026-10-07 11:34:32.620888 ( 3584) [INFO] [VCAMDS] Creating WndMsg Listener Window
I2026-10-07 11:34:32.688352 ( 3584) [INFO] [VCAMDS] Destroying parent object
I2026-10-07 11:34:32.688352 ( 3584) [INFO] [VCAMDS] Destroying WndMsg Listener Window
I2026-10-07 11:34:32.689347 ( 3584) [INFO] [VCAMDS] Destroyed window
I2026-10-07 11:34:32.689347 ( 3584) [INFO] [VCAMDS] Unregistered window class
I2026-10-07 11:34:32.690354 ( 3584) [INFO] [VCAMDS] NvMxnCltShmConsumer Skip removing app tracker DLL loaded status. Parent source filter is not initialized
I2026-10-07 11:34:34.698832 ( 3584) [INFO] [VCAMDS] Creating WndMsg Listener Window
I2026-10-07 11:34:34.711233 ( 3584) [INFO] [VCAMDS] Destroying parent object
I2026-10-07 11:34:34.711233 ( 3584) [INFO] [VCAMDS] Destroying WndMsg Listener Window
I2026-10-07 11:34:34.712242 ( 3584) [INFO] [VCAMDS] Destroyed window
I2026-10-07 11:34:34.712242 ( 3584) [INFO] [VCAMDS] Unregistered window class
I2026-10-07 11:34:34.712242 ( 3584) [INFO] [VCAMDS] NvMxnCltShmConsumer Skip removing app tracker DLL loaded status. Parent source filter is not initialized
I2026-10-07 11:34:36.717928 ( 3584) [INFO] [VCAMDS] Creating WndMsg Listener Window
I2026-10-07 11:34:36.722360 ( 3584) [INFO] [VCAMDS] Destroying parent object
I2026-10-07 11:34:36.722360 ( 3584) [INFO] [VCAMDS] Destroying WndMsg Listener Window
I2026-10-07 11:34:36.723376 ( 3584) [INFO] [VCAMDS] Destroyed window
I2026-10-07 11:34:36.723376 ( 3584) [INFO] [VCAMDS] Unregistered window class
I2026-10-07 11:34:36.723376 ( 3584) [INFO] [VCAMDS] NvMxnCltShmConsumer Skip removing app tracker DLL loaded status. Parent source filter is not initialized
I2026-10-07 11:34:38.729504 ( 3584) [INFO] [VCAMDS] Creating WndMsg Listener Window
I2026-10-07 11:34:38.732497 ( 3584) [INFO] [VCAMDS] Destroying parent object
I2026-10-07 11:34:38.732497 ( 3584) [INFO] [VCAMDS] Destroying WndMsg Listener Window
I2026-10-07 11:34:38.733510 ( 3584) [INFO] [VCAMDS] Destroyed window
I2026-10-07 11:34:38.734498 ( 3584) [INFO] [VCAMDS] Unregistered window class
I2026-10-07 11:34:38.734498 ( 3584) [INFO] [VCAMDS] NvMxnCltShmConsumer Skip removing app tracker DLL loaded status. Parent source filter is not initialized
I2026-10-07 11:34:40.744504 ( 3584) [INFO] [VCAMDS] Creating WndMsg Listener Window
I2026-10-07 11:34:40.758167 ( 3584) [INFO] [VCAMDS] Destroying parent object
I2026-10-07 11:34:40.758167 ( 3584) [INFO] [VCAMDS] Destroying WndMsg Listener Window
I2026-10-07 11:34:40.761220 ( 3584) [INFO] [VCAMDS] Destroyed window
I2026-10-07 11:34:40.761220 ( 3584) [INFO] [VCAMDS] Unregistered window class
I2026-10-07 11:34:40.762217 ( 3584) [INFO] [VCAMDS] NvMxnCltShmConsumer Skip removing app tracker DLL loaded status. Parent source filter is not initialized
I2026-10-07 11:34:42.769186 ( 3584) [INFO] [VCAMDS] Creating WndMsg Listener Window
I2026-10-07 11:34:42.772186 ( 3584) [INFO] [VCAMDS] Destroying parent object
I2026-10-07 11:34:42.772186 ( 3584) [INFO] [VCAMDS] Destroying WndMsg Listener Window
I2026-10-07 11:34:42.773186 ( 3584) [INFO] [VCAMDS] Destroyed window
I2026-10-07 11:34:42.773186 ( 3584) [INFO] [VCAMDS] Unregistered window class
I2026-10-07 11:34:42.773186 ( 3584) [INFO] [VCAMDS] NvMxnCltShmConsumer Skip removing app tracker DLL loaded status. Parent source filter is not initialized
I2026-10-07 11:34:44.779985 ( 3584) [INFO] [VCAMDS] Creating WndMsg Listener Window
I2026-10-07 11:34:44.782985 ( 3584) [INFO] [VCAMDS] Destroying parent object
I2026-10-07 11:34:44.782985 ( 3584) [INFO] [VCAMDS] Destroying WndMsg Listener Window
I2026-10-07 11:34:44.784986 ( 3584) [INFO] [VCAMDS] Destroyed window
I2026-10-07 11:34:44.787016 ( 3584) [INFO] [VCAMDS] Unregistered window class
I2026-10-07 11:34:44.787016 ( 3584) [INFO] [VCAMDS] NvMxnCltShmConsumer Skip removing app tracker DLL loaded status. Parent source filter is not initialized
I2026-10-07 11:34:46.793251 ( 3584) [INFO] [VCAMDS] Creating WndMsg Listener Window
I2026-10-07 11:34:46.796336 ( 3584) [INFO] [VCAMDS] Destroying parent object
I2026-10-07 11:34:46.796336 ( 3584) [INFO] [VCAMDS] Destroying WndMsg Listener Window
I2026-10-07 11:34:46.797340 ( 3584) [INFO] [VCAMDS] Destroyed window
I2026-10-07 11:34:46.797340 ( 3584) [INFO] [VCAMDS] Unregistered window class
I2026-10-07 11:34:46.797340 ( 3584) [INFO] [VCAMDS] NvMxnCltShmConsumer Skip removing app tracker DLL loaded status. Parent source filter is not initialized
I2026-10-07 11:34:48.803297 ( 3584) [INFO] [VCAMDS] Creating WndMsg Listener Window
I2026-10-07 11:34:48.806195 ( 3584) [INFO] [VCAMDS] Destroying parent object
I2026-10-07 11:34:48.806195 ( 3584) [INFO] [VCAMDS] Destroying WndMsg Listener Window
I2026-10-07 11:34:48.807194 ( 3584) [INFO] [VCAMDS] Destroyed window
I2026-10-07 11:34:48.807194 ( 3584) [INFO] [VCAMDS] Unregistered window class
I2026-10-07 11:34:48.807194 ( 3584) [INFO] [VCAMDS] NvMxnCltShmConsumer Skip removing app tracker DLL loaded status. Parent source filter is not initialized
I2026-10-07 11:34:50.813629 ( 3584) [INFO] [VCAMDS] Creating WndMsg Listener Window
I2026-10-07 11:34:50.817158 ( 3584) [INFO] [VCAMDS] Destroying parent object
I2026-10-07 11:34:50.817158 ( 3584) [INFO] [VCAMDS] Destroying WndMsg Listener Window
I2026-10-07 11:34:50.818156 ( 3584) [INFO] [VCAMDS] Destroyed window
I2026-10-07 11:34:50.819155 ( 3584) [INFO] [VCAMDS] Unregistered window class
I2026-10-07 11:34:50.819155 ( 3584) [INFO] [VCAMDS] NvMxnCltShmConsumer Skip removing app tracker DLL loaded status. Parent source filter is not initialized
I2026-10-07 11:34:52.824545 ( 3584) [INFO] [VCAMDS] Creating WndMsg Listener Window
I2026-10-07 11:34:52.828617 ( 3584) [INFO] [VCAMDS] Destroying parent object
I2026-10-07 11:34:52.828617 ( 3584) [INFO] [VCAMDS] Destroying WndMsg Listener Window
I2026-10-07 11:34:52.829617 ( 3584) [INFO] [VCAMDS] Destroyed window
I2026-10-07 11:34:52.829617 ( 3584) [INFO] [VCAMDS] Unregistered window class
I2026-10-07 11:34:52.829617 ( 3584) [INFO] [VCAMDS] NvMxnCltShmConsumer Skip removing app tracker DLL loaded status. Parent source filter is not initialized
I2026-10-07 11:34:54.837874 ( 3584) [INFO] [VCAMDS] Creating WndMsg Listener Window
I2026-10-07 11:34:54.842882 ( 3584) [INFO] [VCAMDS] Destroying parent object
I2026-10-07 11:34:54.842882 ( 3584) [INFO] [VCAMDS] Destroying WndMsg Listener Window
I2026-10-07 11:34:54.843883 ( 3584) [INFO] [VCAMDS] Destroyed window
I2026-10-07 11:34:54.845405 ( 3584) [INFO] [VCAMDS] Unregistered window class
I2026-10-07 11:34:54.845405 ( 3584) [INFO] [VCAMDS] NvMxnCltShmConsumer Skip removing app tracker DLL loaded status. Parent source filter is not initialized
I2026-10-07 11:34:56.852290 ( 3584) [INFO] [VCAMDS] Creating WndMsg Listener Window
I2026-10-07 11:34:56.856815 ( 3584) [INFO] [VCAMDS] Destroying parent object
I2026-10-07 11:34:56.856815 ( 3584) [INFO] [VCAMDS] Destroying WndMsg Listener Window
I2026-10-07 11:34:56.857816 ( 3584) [INFO] [VCAMDS] Destroyed window
I2026-10-07 11:34:56.857816 ( 3584) [INFO] [VCAMDS] Unregistered window class
I2026-10-07 11:34:56.857816 ( 3584) [INFO] [VCAMDS] NvMxnCltShmConsumer Skip removing app tracker DLL loaded status. Parent source filter is not initialized
I2026-10-07 11:34:58.864110 ( 3584) [INFO] [VCAMDS] Creating WndMsg Listener Window
I2026-10-07 11:34:58.867432 ( 3584) [INFO] [VCAMDS] Destroying parent object
I2026-10-07 11:34:58.867432 ( 3584) [INFO] [VCAMDS] Destroying WndMsg Listener Window
I2026-10-07 11:34:58.868432 ( 3584) [INFO] [VCAMDS] Destroyed window
I2026-10-07 11:34:58.868432 ( 3584) [INFO] [VCAMDS] Unregistered window class
I2026-10-07 11:34:58.868432 ( 3584) [INFO] [VCAMDS] NvMxnCltShmConsumer Skip removing app tracker DLL loaded status. Parent source filter is not initialized
I2026-10-07 11:35:00.873721 ( 3584) [INFO] [VCAMDS] Creating WndMsg Listener Window
I2026-10-07 11:35:00.878731 ( 3584) [INFO] [VCAMDS] Destroying parent object
I2026-10-07 11:35:00.879732 ( 3584) [INFO] [VCAMDS] Destroying WndMsg Listener Window
I2026-10-07 11:35:00.880733 ( 3584) [INFO] [VCAMDS] Destroyed window
I2026-10-07 11:35:00.880733 ( 3584) [INFO] [VCAMDS] Unregistered window class
I2026-10-07 11:35:00.881732 ( 3584) [INFO] [VCAMDS] NvMxnCltShmConsumer Skip removing app tracker DLL loaded status. Parent source filter is not initialized
I2026-10-07 11:35:02.887450 ( 3584) [INFO] [VCAMDS] Creating WndMsg Listener Window
I2026-10-07 11:35:02.891214 ( 3584) [INFO] [VCAMDS] Destroying parent object
I2026-10-07 11:35:02.891214 ( 3584) [INFO] [VCAMDS] Destroying WndMsg Listener Window
I2026-10-07 11:35:02.892213 ( 3584) [INFO] [VCAMDS] Destroyed window
I2026-10-07 11:35:02.892213 ( 3584) [INFO] [VCAMDS] Unregistered window class
I2026-10-07 11:35:02.892213 ( 3584) [INFO] [VCAMDS] NvMxnCltShmConsumer Skip removing app tracker DLL loaded status. Parent source filter is not initialized
I2026-10-07 11:35:04.898252 ( 3584) [INFO] [VCAMDS] Creating WndMsg Listener Window
I2026-10-07 11:35:04.900261 ( 3584) [INFO] [VCAMDS] Destroying parent object
I2026-10-07 11:35:04.900261 ( 3584) [INFO] [VCAMDS] Destroying WndMsg Listener Window
I2026-10-07 11:35:04.901264 ( 3584) [INFO] [VCAMDS] Destroyed window
I2026-10-07 11:35:04.902757 ( 3584) [INFO] [VCAMDS] Unregistered window class
I2026-10-07 11:35:04.902757 ( 3584) [INFO] [VCAMDS] NvMxnCltShmConsumer Skip removing app tracker DLL loaded status. Parent source filter is not initialized
I2026-10-07 11:35:06.908349 ( 3584) [INFO] [VCAMDS] Creating WndMsg Listener Window
I2026-10-07 11:35:06.913275 ( 3584) [INFO] [VCAMDS] Destroying parent object
I2026-10-07 11:35:06.913275 ( 3584) [INFO] [VCAMDS] Destroying WndMsg Listener Window
I2026-10-07 11:35:06.915784 ( 3584) [INFO] [VCAMDS] Destroyed window
I2026-10-07 11:35:06.916888 ( 3584) [INFO] [VCAMDS] Unregistered window class
I2026-10-07 11:35:06.916888 ( 3584) [INFO] [VCAMDS] NvMxnCltShmConsumer Skip removing app tracker DLL loaded status. Parent source filter is not initialized
I2026-10-07 11:35:08.924415 ( 3584) [INFO] [VCAMDS] Creating WndMsg Listener Window
I2026-10-07 11:35:08.933280 ( 3584) [INFO] [VCAMDS] Destroying parent object
I2026-10-07 11:35:08.933280 ( 3584) [INFO] [VCAMDS] Destroying WndMsg Listener Window
I2026-10-07 11:35:08.934280 ( 3584) [INFO] [VCAMDS] Destroyed window
I2026-10-07 11:35:08.934280 ( 3584) [INFO] [VCAMDS] Unregistered window class
I2026-10-07 11:35:08.934280 ( 3584) [INFO] [VCAMDS] NvMxnCltShmConsumer Skip removing app tracker DLL loaded status. Parent source filter is not initialized
I2026-10-07 11:35:10.941310 ( 3584) [INFO] [VCAMDS] Creating WndMsg Listener Window
I2026-10-07 11:35:10.945946 ( 3584) [INFO] [VCAMDS] Destroying parent object
I2026-10-07 11:35:10.945946 ( 3584) [INFO] [VCAMDS] Destroying WndMsg Listener Window
I2026-10-07 11:35:10.946956 ( 3584) [INFO] [VCAMDS] Destroyed window
I2026-10-07 11:35:10.946956 ( 3584) [INFO] [VCAMDS] Unregistered window class
I2026-10-07 11:35:10.946956 ( 3584) [INFO] [VCAMDS] NvMxnCltShmConsumer Skip removing app tracker DLL loaded status. Parent source filter is not initialized
I2026-10-07 11:35:12.953075 ( 3584) [INFO] [VCAMDS] Creating WndMsg Listener Window
I2026-10-07 11:35:12.957239 ( 3584) [INFO] [VCAMDS] Destroying parent object
I2026-10-07 11:35:12.957239 ( 3584) [INFO] [VCAMDS] Destroying WndMsg Listener Window
I2026-10-07 11:35:12.958240 ( 3584) [INFO] [VCAMDS] Destroyed window
I2026-10-07 11:35:12.958240 ( 3584) [INFO] [VCAMDS] Unregistered window class
I2026-10-07 11:35:12.958240 ( 3584) [INFO] [VCAMDS] NvMxnCltShmConsumer Skip removing app tracker DLL loaded status. Parent source filter is not initialized
I2026-10-07 11:35:14.963721 ( 3584) [INFO] [VCAMDS] Creating WndMsg Listener Window
I2026-10-07 11:35:14.965760 ( 3584) [INFO] [VCAMDS] Destroying parent object
I2026-10-07 11:35:14.965760 ( 3584) [INFO] [VCAMDS] Destroying WndMsg Listener Window
I2026-10-07 11:35:14.966770 ( 3584) [INFO] [VCAMDS] Destroyed window
I2026-10-07 11:35:14.966770 ( 3584) [INFO] [VCAMDS] Unregistered window class
I2026-10-07 11:35:14.966770 ( 3584) [INFO] [VCAMDS] NvMxnCltShmConsumer Skip removing app tracker DLL loaded status. Parent source filter is not initialized
I2026-10-07 11:35:16.973358 ( 3584) [INFO] [VCAMDS] Creating WndMsg Listener Window
I2026-10-07 11:35:17.012148 ( 3584) [INFO] [VCAMDS] Destroying parent object
I2026-10-07 11:35:17.012148 ( 3584) [INFO] [VCAMDS] Destroying WndMsg Listener Window
I2026-10-07 11:35:17.013157 ( 3584) [INFO] [VCAMDS] Destroyed window
I2026-10-07 11:35:17.014147 ( 3584) [INFO] [VCAMDS] Unregistered window class
I2026-10-07 11:35:17.014147 ( 3584) [INFO] [VCAMDS] NvMxnCltShmConsumer Skip removing app tracker DLL loaded status. Parent source filter is not initialized
I2026-10-07 11:35:19.020226 ( 3584) [INFO] [VCAMDS] Creating WndMsg Listener Window
I2026-10-07 11:35:19.031738 ( 3584) [INFO] [VCAMDS] Destroying parent object
I2026-10-07 11:35:19.031738 ( 3584) [INFO] [VCAMDS] Destroying WndMsg Listener Window
I2026-10-07 11:35:19.032737 ( 3584) [INFO] [VCAMDS] Destroyed window
I2026-10-07 11:35:19.032737 ( 3584) [INFO] [VCAMDS] Unregistered window class
I2026-10-07 11:35:19.032737 ( 3584) [INFO] [VCAMDS] NvMxnCltShmConsumer Skip removing app tracker DLL loaded status. Parent source filter is not initialized
I2026-10-07 11:35:21.038192 ( 3584) [INFO] [VCAMDS] Creating WndMsg Listener Window
I2026-10-07 11:35:21.050485 ( 3584) [INFO] [VCAMDS] Destroying parent object
I2026-10-07 11:35:21.050485 ( 3584) [INFO] [VCAMDS] Destroying WndMsg Listener Window
I2026-10-07 11:35:21.051482 ( 3584) [INFO] [VCAMDS] Destroyed window
I2026-10-07 11:35:21.051482 ( 3584) [INFO] [VCAMDS] Unregistered window class
I2026-10-07 11:35:21.051482 ( 3584) [INFO] [VCAMDS] NvMxnCltShmConsumer Skip removing app tracker DLL loaded status. Parent source filter is not initialized
I2026-10-07 11:35:23.057754 ( 3584) [INFO] [VCAMDS] Creating WndMsg Listener Window
I2026-10-07 11:35:23.113107 ( 3584) [INFO] [VCAMDS] Destroying parent object
I2026-10-07 11:35:23.114111 ( 3584) [INFO] [VCAMDS] Destroying WndMsg Listener Window
I2026-10-07 11:35:23.115106 ( 3584) [INFO] [VCAMDS] Destroyed window
I2026-10-07 11:35:23.115106 ( 3584) [INFO] [VCAMDS] Unregistered window class
I2026-10-07 11:35:23.115106 ( 3584) [INFO] [VCAMDS] NvMxnCltShmConsumer Skip removing app tracker DLL loaded status. Parent source filter is not initialized
I2026-10-07 11:35:25.122910 ( 3584) [INFO] [VCAMDS] Creating WndMsg Listener Window
I2026-10-07 11:35:25.252295 ( 3584) [INFO] [VCAMDS] Destroying parent object
I2026-10-07 11:35:25.252295 ( 3584) [INFO] [VCAMDS] Destroying WndMsg Listener Window
I2026-10-07 11:35:25.253295 ( 3584) [INFO] [VCAMDS] Destroyed window
I2026-10-07 11:35:25.287228 ( 3584) [INFO] [VCAMDS] Unregistered window class
I2026-10-07 11:35:25.326905 ( 3584) [INFO] [VCAMDS] NvMxnCltShmConsumer Skip removing app tracker DLL loaded status. Parent source filter is not initialized
I2026-10-07 11:35:27.374360 ( 3584) [INFO] [VCAMDS] Creating WndMsg Listener Window
I2026-10-07 11:35:27.377868 ( 3584) [INFO] [VCAMDS] Destroying parent object
I2026-10-07 11:35:27.377868 ( 3584) [INFO] [VCAMDS] Destroying WndMsg Listener Window
I2026-10-07 11:35:27.381829 ( 3584) [INFO] [VCAMDS] Destroyed window
I2026-10-07 11:35:27.381829 ( 3584) [INFO] [VCAMDS] Unregistered window class
I2026-10-07 11:35:27.381829 ( 3584) [INFO] [VCAMDS] NvMxnCltShmConsumer Skip removing app tracker DLL loaded status. Parent source filter is not initialized
I2026-10-07 11:35:29.386862 ( 3584) [INFO] [VCAMDS] Creating WndMsg Listener Window
I2026-10-07 11:35:29.390003 ( 3584) [INFO] [VCAMDS] Destroying parent object
I2026-10-07 11:35:29.391004 ( 3584) [INFO] [VCAMDS] Destroying WndMsg Listener Window
I2026-10-07 11:35:29.392004 ( 3584) [INFO] [VCAMDS] Destroyed window
I2026-10-07 11:35:29.392004 ( 3584) [INFO] [VCAMDS] Unregistered window class
I2026-10-07 11:35:29.392004 ( 3584) [INFO] [VCAMDS] NvMxnCltShmConsumer Skip removing app tracker DLL loaded status. Parent source filter is not initialized
I2026-10-07 11:35:31.396960 ( 3584) [INFO] [VCAMDS] Creating WndMsg Listener Window
I2026-10-07 11:35:31.399958 ( 3584) [INFO] [VCAMDS] Destroying parent object
I2026-10-07 11:35:31.399958 ( 3584) [INFO] [VCAMDS] Destroying WndMsg Listener Window
I2026-10-07 11:35:31.400959 ( 3584) [INFO] [VCAMDS] Destroyed window
I2026-10-07 11:35:31.400959 ( 3584) [INFO] [VCAMDS] Unregistered window class
I2026-10-07 11:35:31.400959 ( 3584) [INFO] [VCAMDS] NvMxnCltShmConsumer Skip removing app tracker DLL loaded status. Parent source filter is not initialized
I2026-10-07 11:35:33.405921 ( 3584) [INFO] [VCAMDS] Creating WndMsg Listener Window
I2026-10-07 11:35:33.409230 ( 3584) [INFO] [VCAMDS] Destroying parent object
I2026-10-07 11:35:33.412236 ( 3584) [INFO] [VCAMDS] Destroying WndMsg Listener Window
I2026-10-07 11:35:33.413230 ( 3584) [INFO] [VCAMDS] Destroyed window
I2026-10-07 11:35:33.413230 ( 3584) [INFO] [VCAMDS] Unregistered window class
I2026-10-07 11:35:33.413230 ( 3584) [INFO] [VCAMDS] NvMxnCltShmConsumer Skip removing app tracker DLL loaded status. Parent source filter is not initialized
I2026-10-07 11:35:35.419054 ( 3584) [INFO] [VCAMDS] Creating WndMsg Listener Window
I2026-10-07 11:35:35.430045 ( 3584) [INFO] [VCAMDS] Destroying parent object
I2026-10-07 11:35:35.441143 ( 3584) [INFO] [VCAMDS] Destroying WndMsg Listener Window
I2026-10-07 11:35:35.442144 ( 3584) [INFO] [VCAMDS] Destroyed window
I2026-10-07 11:35:35.442144 ( 3584) [INFO] [VCAMDS] Unregistered window class
I2026-10-07 11:35:35.442144 ( 3584) [INFO] [VCAMDS] NvMxnCltShmConsumer Skip removing app tracker DLL loaded status. Parent source filter is not initialized
I2026-10-07 11:35:37.448213 ( 3584) [INFO] [VCAMDS] Creating WndMsg Listener Window
I2026-10-07 11:35:37.479946 ( 3584) [INFO] [VCAMDS] Destroying parent object
I2026-10-07 11:35:37.479946 ( 3584) [INFO] [VCAMDS] Destroying WndMsg Listener Window
I2026-10-07 11:35:37.480947 ( 3584) [INFO] [VCAMDS] Destroyed window
I2026-10-07 11:35:37.480947 ( 3584) [INFO] [VCAMDS] Unregistered window class
I2026-10-07 11:35:37.481463 ( 3584) [INFO] [VCAMDS] NvMxnCltShmConsumer Skip removing app tracker DLL loaded status. Parent source filter is not initialized
I2026-10-07 11:35:39.485747 ( 3584) [INFO] [VCAMDS] Creating WndMsg Listener Window
I2026-10-07 11:35:39.489802 ( 3584) [INFO] [VCAMDS] Destroying parent object
I2026-10-07 11:35:39.489802 ( 3584) [INFO] [VCAMDS] Destroying WndMsg Listener Window
I2026-10-07 11:35:39.490803 ( 3584) [INFO] [VCAMDS] Destroyed window
I2026-10-07 11:35:39.490803 ( 3584) [INFO] [VCAMDS] Unregistered window class
I2026-10-07 11:35:39.490803 ( 3584) [INFO] [VCAMDS] NvMxnCltShmConsumer Skip removing app tracker DLL loaded status. Parent source filter is not initialized
I2026-10-07 11:35:41.496253 ( 3584) [INFO] [VCAMDS] Creating WndMsg Listener Window
I2026-10-07 11:35:41.499254 ( 3584) [INFO] [VCAMDS] Destroying parent object
I2026-10-07 11:35:41.499254 ( 3584) [INFO] [VCAMDS] Destroying WndMsg Listener Window
I2026-10-07 11:35:41.500653 ( 3584) [INFO] [VCAMDS] Destroyed window
I2026-10-07 11:35:41.501659 ( 3584) [INFO] [VCAMDS] Unregistered window class
I2026-10-07 11:35:41.501659 ( 3584) [INFO] [VCAMDS] NvMxnCltShmConsumer Skip removing app tracker DLL loaded status. Parent source filter is not initialized
I2026-10-07 11:35:43.507248 ( 3584) [INFO] [VCAMDS] Creating WndMsg Listener Window
I2026-10-07 11:35:43.509246 ( 3584) [INFO] [VCAMDS] Destroying parent object
I2026-10-07 11:35:43.510246 ( 3584) [INFO] [VCAMDS] Destroying WndMsg Listener Window
I2026-10-07 11:35:43.511247 ( 3584) [INFO] [VCAMDS] Destroyed window
I2026-10-07 11:35:43.511247 ( 3584) [INFO] [VCAMDS] Unregistered window class
I2026-10-07 11:35:43.511247 ( 3584) [INFO] [VCAMDS] NvMxnCltShmConsumer Skip removing app tracker DLL loaded status. Parent source filter is not initialized
I2026-10-07 11:35:45.517982 ( 3584) [INFO] [VCAMDS] Creating WndMsg Listener Window
I2026-10-07 11:35:45.529594 ( 3584) [INFO] [VCAMDS] Destroying parent object
I2026-10-07 11:35:45.530586 ( 3584) [INFO] [VCAMDS] Destroying WndMsg Listener Window
I2026-10-07 11:35:45.530586 ( 3584) [INFO] [VCAMDS] Destroyed window
I2026-10-07 11:35:45.531584 ( 3584) [INFO] [VCAMDS] Unregistered window class
I2026-10-07 11:35:45.531584 ( 3584) [INFO] [VCAMDS] NvMxnCltShmConsumer Skip removing app tracker DLL loaded status. Parent source filter is not initialized
I2026-10-07 11:35:47.537578 ( 3584) [INFO] [VCAMDS] Creating WndMsg Listener Window
I2026-10-07 11:35:47.539587 ( 3584) [INFO] [VCAMDS] Destroying parent object
I2026-10-07 11:35:47.540580 ( 3584) [INFO] [VCAMDS] Destroying WndMsg Listener Window
I2026-10-07 11:35:47.540580 ( 3584) [INFO] [VCAMDS] Destroyed window
I2026-10-07 11:35:47.541579 ( 3584) [INFO] [VCAMDS] Unregistered window class
I2026-10-07 11:35:47.541579 ( 3584) [INFO] [VCAMDS] NvMxnCltShmConsumer Skip removing app tracker DLL loaded status. Parent source filter is not initialized
I2026-10-07 11:35:49.547874 ( 3584) [INFO] [VCAMDS] Creating WndMsg Listener Window
I2026-10-07 11:35:49.550873 ( 3584) [INFO] [VCAMDS] Destroying parent object
I2026-10-07 11:35:49.550873 ( 3584) [INFO] [VCAMDS] Destroying WndMsg Listener Window
I2026-10-07 11:35:49.550873 ( 3584) [INFO] [VCAMDS] Destroyed window
I2026-10-07 11:35:49.551874 ( 3584) [INFO] [VCAMDS] Unregistered window class
I2026-10-07 11:35:49.551874 ( 3584) [INFO] [VCAMDS] NvMxnCltShmConsumer Skip removing app tracker DLL loaded status. Parent source filter is not initialized
